location_type,family_income,financial_aid_status,distance_to_institute,internet_connectivity_issues,motivation_score,career_alignment,stress_levels,family_support,attendance_rate,test_scores_avg,backlogs,teaching_quality_rating,dropout
Urban,30681.0,1,4.6,0,5,1,1,3,77.2,67.1,1,4,0
Rural,17579.0,1,50.0,1,5,1,2,2,60.8,47.5,0,7,1
Urban,4952.0,1,5.3,2,3,1,2,1,57.2,66.2,0,8,1
Rural,14778.0,1,27.89,0,4,2,3,1,62.6,44.9,1,6,1
Semi-urban,8725.0,1,6.1,0,5,1,2,2,83.9,100.0,2,8,0
Rural,3480.0,0,12.61,0,8,2,3,3,55.0,78.8,1,7,0
Rural,12614.0,1,8.6,1,7,3,1,2,69.3,87.2,0,10,0
Rural,31353.0,1,17.93,0,5,2,2,2,82.4,71.8,0,7,0
Semi-urban,4437.0,2,7.2,1,6,3,1,3,27.9,67.4,0,8,0
Semi-urban,4922.0,0,8.2,1,5,2,2,3,77.9,81.3,1,10,0
Rural,5139.0,2,11.49,2,4,2,3,2,48.7,50.1,0,6,1
Semi-urban,45190.0,0,2.9,0,6,2,1,2,73.0,73.1,0,6,0
Rural,31307.0,2,17.65,2,5,2,3,2,61.9,61.0,1,6,0
Urban,4656.0,1,5.6,0,4,1,2,1,67.7,43.7,1,6,1
Semi-urban,7732.0,1,41.9,0,7,1,2,3,77.1,93.5,0,7,0
Rural,6491.0,2,7.49,1,4,2,2,1,76.4,77.9,2,4,0
Rural,7497.0,1,22.9,0,9,2,1,2,85.0,61.4,0,4,0
Semi-urban,14180.0,1,24.2,0,4,2,2,2,27.6,44.1,2,9,1
Urban,13764.0,0,11.2,0,7,2,3,1,48.8,64.2,1,2,1
Rural,7117.0,1,17.02,2,3,2,3,1,59.9,71.6,1,9,1
Semi-urban,26016.0,2,2.3,2,4,3,3,1,20.3,38.7,0,8,0
Urban,5961.0,2,28.4,0,6,2,2,2,52.6,52.3,1,3,0
Rural,27457.0,1,2.13,1,6,2,2,3,96.4,91.3,5,7,0
Urban,15637.0,1,10.9,2,1,1,3,1,51.7,60.6,1,6,1
Rural,5928.0,1,40.31,1,8,3,1,3,61.9,78.9,0,8,0
Semi-urban,5527.0,0,15.4,1,6,3,3,1,42.8,39.5,2,7,1
Rural,3759.0,1,1.76,0,3,1,3,2,55.2,86.9,0,9,1
Semi-urban,5005.0,2,13.1,1,4,2,2,1,61.9,68.5,0,10,0
Urban,4945.0,2,34.4,2,8,2,1,2,64.5,63.9,7,9,1
Urban,28939.0,1,7.6,1,4,3,2,1,16.7,42.5,1,8,0
Urban,6247.0,1,14.4,0,5,2,3,1,37.5,56.1,0,10,1
Urban,7545.0,1,2.0,2,1,1,2,2,38.2,35.0,9,3,1
Urban,10620.0,2,16.7,1,4,1,2,2,90.0,83.9,1,3,0
Semi-urban,12792.0,0,11.0,0,4,2,2,2,62.3,93.9,0,7,0
Rural,5045.0,0,15.24,0,5,2,2,3,59.6,85.6,2,10,0
Rural,7095.0,2,19.18,1,3,1,3,1,61.6,55.4,5,7,1
Rural,3388.0,1,3.15,0,10,3,1,2,28.0,55.8,1,4,0
Urban,9521.0,1,1.7,0,6,2,3,1,12.8,44.5,1,6,1
Semi-urban,11655.0,1,7.2,2,4,2,1,2,89.3,50.3,0,7,0
Semi-urban,23731.0,1,3.6,2,6,3,3,1,81.7,69.6,0,5,0
Urban,14051.0,0,14.9,1,6,3,2,3,55.5,84.1,3,8,0
Semi-urban,13378.0,2,0.7,0,3,1,3,1,20.0,48.2,2,7,1
Urban,2000.0,1,1.6,2,5,3,3,2,36.7,71.3,3,7,1
Urban,4738.0,0,3.6,2,3,1,2,1,70.4,50.7,0,5,1
Rural,4834.0,2,26.4,1,8,3,1,2,25.3,52.9,0,8,0
Rural,8434.0,0,10.3,1,5,1,2,3,65.3,80.5,0,6,0
Semi-urban,13895.0,1,2.0,1,7,3,2,2,45.4,81.9,5,6,1
Rural,2000.0,1,7.98,0,4,3,3,2,51.3,70.0,0,5,1
Semi-urban,13398.0,1,8.7,1,5,2,3,1,81.4,84.9,0,7,0
Rural,4826.0,1,9.77,1,4,2,2,1,55.9,75.4,3,7,1
Rural,18385.0,1,7.31,2,6,3,1,2,80.6,60.4,0,6,0
Semi-urban,19339.0,2,41.5,1,7,2,2,2,38.7,49.4,5,7,1
Rural,4787.0,1,0.65,2,5,2,3,2,78.1,71.6,2,9,0
Semi-urban,19359.0,0,4.2,1,6,1,3,2,52.0,74.2,1,8,0
Urban,20591.0,0,0.5,0,7,3,1,2,27.0,42.0,1,6,0
Rural,25326.0,0,31.1,0,9,3,2,2,61.7,77.2,2,9,0
Rural,5529.0,1,20.99,0,8,3,2,2,60.7,89.9,0,7,0
Rural,3349.0,1,0.77,1,3,2,3,2,33.8,47.2,0,8,1
Semi-urban,8712.0,0,24.7,1,5,1,3,2,49.5,55.5,1,7,1
Rural,9216.0,1,44.44,1,5,2,3,2,53.0,43.6,1,8,1
Urban,6178.0,1,4.6,2,2,2,3,3,56.9,35.0,0,4,1
Semi-urban,5229.0,1,1.9,0,5,2,3,1,63.2,61.0,1,9,0
Urban,2757.0,0,14.7,1,10,3,1,3,84.0,46.6,6,6,1
Urban,14871.0,2,12.6,1,7,3,3,1,79.4,70.3,4,8,0
Urban,38669.0,0,3.3,2,9,3,3,1,91.0,73.6,4,6,1
Rural,2931.0,2,13.63,1,5,1,1,3,97.1,35.0,0,7,0
Rural,3247.0,0,29.1,2,6,2,2,2,50.5,60.4,2,8,1
Rural,13982.0,1,25.04,0,4,1,1,2,56.7,61.2,1,8,0
Rural,9550.0,1,10.47,1,6,2,3,1,92.6,69.9,0,6,0
Semi-urban,4646.0,1,2.6,1,5,1,2,2,95.1,59.8,0,7,0
Rural,4731.0,0,16.75,0,8,2,2,3,28.2,90.0,1,10,0
Semi-urban,2917.0,2,3.0,0,5,3,2,2,54.2,59.8,8,6,1
Semi-urban,11222.0,1,26.9,1,6,2,1,2,11.3,36.6,1,6,0
Rural,3489.0,2,6.64,0,8,3,1,2,93.4,79.0,0,8,0
Rural,11792.0,2,8.57,2,8,2,1,3,86.9,92.7,1,9,0
Urban,8536.0,1,8.3,1,8,2,2,2,29.5,46.9,3,8,1
Rural,16526.0,1,4.28,0,3,3,2,1,21.0,65.3,0,6,1
Urban,18546.0,0,14.9,2,5,2,3,1,76.8,52.9,0,8,0
Urban,2991.0,2,3.4,2,3,1,2,1,44.1,86.1,2,9,1
Urban,4927.0,0,3.5,0,3,3,3,1,74.7,68.8,1,5,1
Rural,7436.0,0,31.17,1,6,2,3,2,13.5,69.0,0,6,1
Semi-urban,5534.0,0,5.6,1,7,2,1,3,28.8,59.0,1,6,0
Semi-urban,5416.0,1,1.8,1,6,2,2,2,69.1,58.6,0,10,0
Semi-urban,23829.0,1,5.8,0,8,3,2,3,77.5,65.5,0,7,0
Rural,2756.0,1,18.07,0,6,3,1,2,43.7,45.1,2,8,1
Rural,7843.0,0,3.28,0,5,3,2,3,56.6,50.7,1,6,0
Urban,7876.0,2,2.8,0,4,1,2,2,53.9,39.9,0,6,0
Rural,2937.0,0,9.56,1,1,1,2,1,21.5,71.4,0,7,1
Urban,38402.0,1,13.2,1,7,2,1,2,76.3,64.6,0,6,0
Rural,3110.0,1,3.52,1,7,1,1,2,66.2,46.9,0,7,0
Semi-urban,2000.0,0,25.9,0,10,3,1,2,57.0,35.0,1,6,0
Urban,6330.0,1,0.5,2,1,2,3,1,58.2,35.0,0,6,1
Urban,40668.0,1,31.4,1,6,3,3,3,38.7,79.1,9,10,1
Rural,4231.0,1,0.8,1,8,2,1,3,23.2,40.0,1,3,1
Semi-urban,5218.0,1,8.2,1,8,3,2,2,85.3,78.6,0,7,0
Rural,5876.0,0,50.0,1,10,3,3,2,11.3,75.2,1,8,1
Rural,9495.0,0,0.88,0,7,3,3,1,61.6,84.3,0,7,0
Rural,10004.0,1,21.72,0,6,1,1,2,77.4,80.1,3,9,0
Rural,25226.0,1,29.12,0,4,2,3,2,75.8,73.4,1,6,0
Rural,21246.0,1,8.01,1,5,2,1,3,10.0,54.9,1,5,0
Rural,7290.0,1,10.64,0,6,2,1,2,53.9,38.9,1,8,0
Semi-urban,14281.0,0,12.7,0,6,2,2,2,60.0,93.7,1,8,0
Urban,21489.0,0,22.2,1,9,3,2,3,95.7,41.0,0,7,0
Rural,3162.0,1,1.77,0,3,2,3,2,66.0,54.3,0,7,1
Urban,5759.0,0,14.9,0,7,2,2,2,68.0,57.4,2,10,0
Semi-urban,37233.0,2,0.5,0,10,2,1,3,61.7,53.3,1,6,0
Rural,2455.0,2,7.53,1,6,3,3,1,72.9,65.7,3,9,1
Urban,5202.0,1,1.4,1,5,1,2,3,25.0,54.4,0,7,0
Urban,26156.0,1,6.4,1,3,2,3,3,57.1,77.7,0,7,0
Semi-urban,40246.0,1,6.2,1,6,2,2,2,92.2,94.0,1,6,0
Urban,5777.0,1,24.3,0,3,2,2,1,31.3,81.6,5,7,1
Urban,27694.0,1,8.1,1,7,2,1,3,69.4,35.0,1,5,0
Semi-urban,5295.0,0,0.5,0,10,2,2,3,63.1,54.2,4,8,1
Urban,26883.0,0,5.5,0,7,2,2,2,52.8,65.4,1,6,0
Urban,49589.0,0,12.0,0,4,1,1,2,10.0,50.5,1,5,1
Semi-urban,11013.0,1,1.9,1,6,3,2,1,52.5,77.5,1,9,0
Semi-urban,38343.0,1,8.2,0,5,2,3,2,13.2,53.5,1,4,0
Semi-urban,6085.0,0,9.3,1,6,3,2,2,46.4,85.2,1,6,1
Rural,15281.0,1,3.43,0,5,1,2,1,51.6,35.0,6,6,1
Semi-urban,27760.0,2,0.5,1,6,3,3,1,58.2,61.0,4,7,1
Urban,4873.0,2,9.8,1,5,1,2,3,26.1,40.2,6,8,1
Urban,16540.0,0,6.9,1,6,2,2,3,66.3,66.8,0,9,0
Rural,17611.0,0,2.16,1,9,2,1,2,53.3,50.5,0,10,0
Semi-urban,22189.0,0,10.5,0,6,2,1,2,89.3,70.5,1,10,0
Rural,2005.0,1,10.16,2,6,2,1,2,74.8,45.9,0,8,0
Semi-urban,9753.0,1,0.5,0,8,2,2,3,73.3,72.4,2,9,0
Rural,9719.0,0,0.68,0,2,1,2,2,75.2,78.1,0,7,0
Semi-urban,5766.0,0,4.8,2,7,2,2,2,54.2,48.3,2,3,1
Urban,20697.0,1,4.8,2,2,1,3,1,11.4,48.1,1,10,1
Rural,4212.0,2,12.61,0,6,3,2,2,62.1,47.1,0,8,0
Urban,11620.0,1,5.8,0,2,2,3,2,49.2,59.5,7,7,1
Rural,25650.0,1,2.36,0,8,3,2,2,40.4,60.1,2,4,0
Semi-urban,19397.0,0,15.8,2,10,3,1,2,84.2,77.0,1,5,0
Semi-urban,15343.0,1,1.1,0,3,1,3,1,42.7,41.5,0,7,1
Rural,20799.0,1,6.38,2,4,2,3,2,76.3,62.5,1,8,0
Rural,12212.0,0,13.19,0,8,3,2,2,37.2,50.9,1,8,1
Urban,28779.0,1,13.6,1,3,3,3,3,51.1,42.7,0,6,1
Semi-urban,12509.0,0,2.7,1,7,2,1,3,59.1,55.4,3,7,1
Rural,3232.0,0,15.59,0,10,3,2,2,86.3,97.0,0,7,0
Semi-urban,22164.0,1,17.2,1,5,2,3,2,39.1,61.0,1,6,1
Rural,5683.0,0,6.97,0,10,3,2,2,10.0,80.7,5,6,1
Semi-urban,9955.0,0,2.5,1,2,1,2,2,62.5,60.9,0,10,1
Urban,2000.0,2,0.5,0,9,2,2,3,53.9,59.5,1,5,0
Semi-urban,10643.0,0,10.9,1,9,3,1,2,46.0,58.4,1,7,0
Urban,28439.0,2,8.5,1,10,3,2,3,66.0,35.0,3,4,0
Semi-urban,32460.0,1,9.6,0,2,1,3,2,66.4,77.0,0,4,1
Semi-urban,6564.0,1,4.8,1,5,2,3,2,76.0,71.1,0,3,0
Rural,4087.0,1,0.71,0,10,3,1,3,79.3,65.0,0,3,0
Rural,2589.0,2,26.0,0,6,1,2,3,35.6,61.2,0,8,0
Semi-urban,5517.0,0,4.4,1,10,3,2,3,50.0,82.4,0,9,0
Rural,10310.0,1,29.85,0,8,2,1,3,51.6,60.8,0,7,0
Semi-urban,4227.0,2,0.6,2,3,1,3,1,84.2,62.2,0,4,0
Semi-urban,4605.0,0,4.3,2,7,2,3,2,54.2,76.6,0,5,1
Rural,8068.0,1,14.56,2,7,2,1,3,22.0,41.8,2,9,1
Rural,5878.0,2,3.86,1,4,2,2,1,11.3,39.7,4,9,1
Rural,39175.0,0,13.02,0,3,2,2,2,50.8,76.4,0,3,1
Rural,5920.0,2,1.27,0,9,3,1,2,91.2,79.2,0,3,0
Rural,5969.0,2,14.48,0,3,1,2,1,82.0,58.6,5,4,1
Urban,7729.0,1,26.2,1,7,2,2,2,73.3,75.6,8,7,1
Rural,20402.0,1,5.22,0,6,2,2,2,80.5,35.0,0,3,0
Rural,8667.0,1,24.72,2,5,2,3,3,40.7,40.6,2,8,1
Urban,36108.0,1,14.9,2,8,2,2,2,14.5,60.0,7,7,1
Semi-urban,25374.0,1,0.5,0,6,2,2,1,70.3,72.9,0,6,0
Urban,46579.0,0,5.2,2,6,2,1,2,90.0,82.7,1,4,0
Rural,11689.0,0,8.42,2,6,3,2,2,84.4,65.8,4,6,1
Rural,10679.0,1,50.0,0,4,1,1,3,65.6,71.8,0,8,0
Semi-urban,9004.0,2,15.3,2,8,2,1,2,11.9,71.7,0,10,0
Semi-urban,11493.0,1,8.9,1,8,2,2,2,90.5,41.0,6,7,1
Semi-urban,41039.0,1,5.0,1,8,3,1,2,10.0,35.0,0,7,0
Rural,7436.0,2,6.67,1,5,1,3,1,52.9,77.8,1,8,1
Urban,7102.0,1,7.6,1,6,2,1,2,63.4,57.5,9,4,1
Rural,12380.0,1,3.54,0,3,2,3,1,33.9,59.2,1,9,1
Urban,36114.0,1,1.6,0,3,1,3,2,31.7,53.0,4,7,1
Semi-urban,4420.0,1,9.1,1,3,1,3,2,21.6,65.7,0,6,0
Urban,46565.0,0,2.0,0,8,2,1,3,70.0,52.6,2,4,0
Semi-urban,11075.0,1,1.3,2,7,2,3,1,72.6,63.3,0,3,0
Rural,3420.0,2,20.88,1,3,1,1,2,75.3,35.0,0,6,0
Rural,18230.0,2,19.23,0,4,2,1,1,77.5,90.6,1,7,0
Rural,14788.0,1,22.82,0,9,3,2,2,49.7,61.5,1,9,0
Semi-urban,12306.0,2,25.2,0,7,2,2,2,53.0,54.1,0,7,0
Urban,25161.0,1,4.7,1,5,2,3,1,61.8,55.0,0,5,0
Semi-urban,13753.0,1,5.4,1,6,3,2,3,68.0,66.3,2,6,0
Rural,6338.0,1,13.34,1,4,2,3,1,48.9,64.3,2,10,1
Urban,33496.0,1,6.8,1,3,3,1,2,67.1,92.0,0,7,0
Urban,28015.0,0,4.6,2,5,2,3,2,34.1,72.2,2,8,1
Semi-urban,7089.0,1,1.3,0,3,2,3,1,44.5,62.2,4,10,1
Urban,5795.0,0,15.4,0,6,2,2,2,57.6,82.3,2,7,0
Semi-urban,3735.0,1,5.9,0,6,2,3,3,23.1,48.3,1,10,1
Rural,23014.0,0,14.64,0,8,2,3,2,82.7,95.4,1,10,0
Urban,50000.0,0,3.2,0,5,1,1,3,76.6,36.4,0,6,0
Rural,3950.0,2,11.78,0,6,1,2,3,79.0,67.2,0,5,0
Urban,50000.0,1,5.8,0,3,2,1,2,74.2,62.1,0,5,0
Semi-urban,16622.0,2,8.8,0,7,3,3,1,73.2,78.6,1,10,0
Semi-urban,3108.0,2,2.5,0,6,1,3,3,71.5,87.4,0,7,0
Urban,5756.0,1,4.8,2,3,2,3,1,62.9,62.9,0,6,1
Semi-urban,8393.0,1,14.7,0,4,2,3,2,41.4,73.6,3,6,1
Rural,10459.0,1,0.78,1,9,3,3,2,97.2,54.3,1,6,0
Semi-urban,8084.0,1,21.4,1,7,2,2,1,76.4,81.0,0,8,0
Semi-urban,15142.0,0,10.0,1,4,1,3,1,70.1,49.1,9,7,1
Semi-urban,4486.0,2,2.0,0,5,1,1,3,56.3,82.5,0,6,0
Urban,8462.0,2,19.1,2,7,2,3,3,10.0,39.9,1,10,0
Rural,49198.0,0,4.28,1,7,2,1,3,43.0,71.1,1,5,0
Urban,8503.0,2,3.1,0,10,3,3,3,35.2,70.1,7,6,1
Urban,25406.0,1,5.2,0,2,2,2,1,71.8,90.7,0,8,0
Rural,4508.0,1,22.52,0,8,2,1,2,10.3,44.7,0,5,0
Semi-urban,9877.0,0,17.5,0,10,2,1,3,16.2,49.1,1,4,0
Rural,4488.0,1,4.9,1,8,3,3,2,10.0,56.0,0,6,0
Semi-urban,25316.0,1,0.5,1,4,1,1,2,61.8,40.6,0,7,0
Urban,5143.0,0,11.2,0,6,2,1,2,49.7,52.1,0,10,0
Rural,33011.0,1,50.0,1,8,2,2,2,12.8,49.7,0,6,0
Urban,18285.0,2,2.6,0,6,2,3,1,62.2,63.0,7,9,1
Urban,44651.0,1,4.5,2,10,3,1,2,43.3,51.6,1,6,0
Semi-urban,11116.0,1,22.3,2,6,3,3,1,54.4,36.8,1,4,1
Semi-urban,5376.0,0,15.3,2,6,3,2,2,92.5,85.2,0,6,0
Semi-urban,10673.0,0,4.6,1,3,1,1,2,81.6,39.3,1,5,1
Rural,6449.0,2,13.88,2,10,2,1,3,57.1,66.1,7,6,1
Rural,14559.0,1,5.94,1,8,3,1,2,70.2,58.3,7,4,1
Urban,12970.0,0,2.1,0,7,2,2,2,91.6,57.0,0,10,0
Semi-urban,17238.0,1,6.5,2,5,1,3,2,78.4,62.1,0,6,0
Semi-urban,16490.0,1,9.3,2,8,3,2,2,73.3,66.7,0,7,0
Urban,20542.0,1,0.5,2,7,2,1,3,95.0,35.0,0,4,0
Urban,16210.0,1,7.8,0,3,2,2,1,95.7,78.0,0,10,0
Urban,11383.0,0,4.5,0,5,2,2,2,52.9,100.0,1,9,0
Semi-urban,6699.0,2,4.8,1,4,1,3,2,19.9,62.6,1,9,0
Urban,4860.0,2,2.7,1,3,1,3,1,66.9,39.1,0,7,1
Rural,11567.0,1,0.83,1,2,2,3,2,21.6,82.9,4,8,1
Semi-urban,5836.0,0,5.9,1,3,1,3,1,18.2,40.0,7,9,1
Urban,11924.0,1,4.0,0,9,3,1,3,38.4,44.0,1,8,0
Rural,4280.0,1,32.33,1,4,2,3,1,73.5,41.3,4,6,1
Urban,2399.0,0,2.8,0,9,2,3,2,75.1,45.0,0,8,0
Urban,5918.0,1,10.6,1,2,2,3,1,76.9,55.7,0,8,0
Semi-urban,2000.0,1,8.3,0,5,2,3,1,48.8,63.9,1,8,0
Urban,19164.0,2,50.0,1,4,1,2,2,57.8,42.0,1,9,1
Urban,3212.0,1,1.7,2,6,2,3,1,42.8,53.8,6,6,1
Rural,20217.0,0,4.36,0,10,3,3,2,70.6,68.2,7,5,1
Urban,7347.0,0,8.6,0,2,1,2,1,24.1,61.7,1,4,1
Rural,4692.0,1,2.75,0,10,2,1,3,42.3,81.9,0,8,0
Rural,30727.0,1,1.76,2,6,2,1,3,69.6,75.1,6,6,1
Urban,3549.0,0,0.6,0,7,2,2,3,18.3,61.7,1,5,0
Semi-urban,5841.0,0,24.2,1,8,3,2,1,71.1,91.2,0,6,0
Semi-urban,11780.0,0,1.0,0,7,2,1,2,66.7,100.0,0,8,0
Rural,6128.0,1,3.33,1,6,2,2,2,13.5,69.2,2,10,0
Rural,9738.0,2,24.97,1,10,3,2,3,78.5,35.0,6,7,1
Semi-urban,3697.0,1,2.4,0,5,2,3,1,83.3,66.4,0,7,0
Semi-urban,14198.0,0,0.8,2,7,2,2,2,13.3,71.7,3,10,1
Urban,9790.0,1,1.6,1,2,1,3,1,92.1,79.5,0,8,0
Semi-urban,3390.0,0,5.6,0,6,2,2,2,94.4,40.2,3,7,1
Urban,48292.0,0,2.7,1,6,2,3,2,62.2,72.5,0,7,0
Semi-urban,12511.0,1,0.6,0,7,2,1,2,43.7,92.3,3,8,0
Urban,21429.0,1,0.7,0,2,3,3,1,71.4,35.0,0,4,0
Urban,12288.0,0,3.7,1,5,3,2,1,91.3,100.0,0,8,0
Semi-urban,7968.0,0,16.4,2,2,2,3,1,26.3,35.0,7,7,1
Urban,9354.0,0,0.5,0,7,3,1,3,80.0,37.0,0,4,0
Semi-urban,7301.0,0,3.2,0,5,2,3,1,70.0,78.8,0,10,0
Urban,14016.0,1,1.1,0,5,1,2,3,53.9,42.1,1,6,0
Urban,4582.0,2,1.7,1,3,3,2,1,56.6,69.6,1,9,0
Semi-urban,9042.0,0,10.2,1,3,1,1,2,27.2,48.8,1,4,1
Semi-urban,2064.0,1,3.5,1,6,3,2,3,90.9,79.0,0,5,0
Urban,17606.0,1,4.3,2,5,2,3,2,75.6,53.3,0,8,0
Semi-urban,6934.0,0,7.5,1,3,3,2,1,81.9,50.9,0,9,0
Semi-urban,2000.0,1,12.1,2,6,2,2,3,67.8,58.8,0,8,0
Semi-urban,5699.0,1,0.9,0,4,2,3,1,83.8,35.0,1,3,1
Semi-urban,3563.0,1,0.6,1,4,1,2,2,10.3,62.0,0,8,0
Semi-urban,27600.0,1,13.5,2,5,3,3,1,89.4,81.6,6,7,1
Semi-urban,4888.0,0,6.1,0,6,1,2,3,91.4,68.9,0,6,0
Semi-urban,11408.0,1,0.8,0,7,2,1,2,60.9,87.4,0,8,0
Rural,4588.0,0,32.18,1,6,2,3,2,73.0,59.2,8,7,1
Urban,8342.0,2,3.0,0,6,3,3,1,67.4,43.2,2,6,0
Urban,14515.0,2,14.4,0,6,1,2,2,65.8,92.3,1,8,0
Semi-urban,11378.0,0,3.3,0,7,2,3,2,43.5,72.3,1,7,0
Rural,9844.0,0,10.57,0,8,2,3,2,23.4,45.2,1,5,1
Urban,13124.0,0,6.1,0,4,2,3,2,38.3,71.5,1,6,1
Semi-urban,39816.0,0,6.5,0,5,3,3,2,71.9,78.7,6,6,1
Semi-urban,2752.0,1,16.1,1,7,2,3,3,71.2,56.5,4,7,1
Semi-urban,27443.0,2,11.0,2,3,1,2,1,53.3,41.6,0,7,1
Rural,2373.0,0,9.71,1,6,1,3,2,51.3,48.2,2,7,1
Rural,17452.0,1,20.58,0,3,1,2,1,67.5,48.9,1,8,1
Rural,7136.0,0,6.29,2,7,2,2,3,69.2,63.6,7,6,1
Urban,8915.0,1,8.2,1,2,1,2,2,37.7,35.0,1,7,1
Urban,15671.0,0,1.0,0,4,1,2,1,16.2,38.9,3,8,1
Rural,3688.0,1,1.5,0,6,2,2,2,70.3,96.7,0,9,0
Urban,11005.0,0,1.0,0,8,2,2,3,85.3,50.0,0,5,0
Urban,17211.0,1,2.2,0,4,1,3,2,58.6,35.0,0,4,0
Urban,11489.0,1,16.8,1,8,2,1,3,45.7,39.3,1,6,0
Rural,8132.0,1,11.54,2,3,2,2,1,10.0,51.0,2,3,1
Urban,2801.0,0,6.6,1,7,3,2,1,66.8,72.2,0,9,0
Urban,8152.0,0,1.3,1,8,2,1,3,84.2,59.4,2,6,0
Urban,14122.0,1,11.4,1,5,1,3,2,71.0,57.6,0,8,0
Rural,10339.0,1,24.77,0,2,2,3,2,41.2,41.4,1,10,1
Semi-urban,47753.0,0,17.7,1,5,1,1,2,84.6,53.4,3,6,1
Semi-urban,14559.0,2,3.1,1,7,1,1,3,73.5,67.1,0,8,0
Urban,12949.0,1,1.4,0,1,2,3,1,62.3,42.4,0,3,1
Urban,20719.0,2,23.7,1,4,2,3,2,68.9,51.4,7,6,1
Urban,27795.0,1,3.4,1,10,3,1,2,79.3,80.7,0,8,0
Urban,7558.0,1,9.9,1,7,2,1,3,49.6,95.3,3,9,0
Semi-urban,6370.0,0,25.3,0,9,3,1,2,34.5,35.0,1,7,1
Rural,14669.0,0,15.43,2,7,3,3,2,71.0,76.1,0,7,0
Urban,50000.0,1,0.9,0,5,1,1,2,20.4,67.2,0,8,0
Semi-urban,6116.0,2,0.5,0,5,1,2,3,48.3,56.8,1,8,0
Rural,3823.0,1,0.84,1,5,2,2,2,74.7,80.9,0,10,0
Urban,50000.0,1,3.5,2,3,1,3,2,34.7,64.3,2,6,1
Semi-urban,3020.0,2,1.9,1,7,2,2,2,59.0,45.1,6,5,1
Rural,9431.0,1,5.7,2,4,2,3,1,10.0,77.9,5,5,1
Rural,25424.0,2,16.27,1,8,2,1,2,91.5,50.3,0,5,0
Urban,8127.0,0,1.4,1,3,3,3,3,36.4,68.5,4,6,1
Semi-urban,9033.0,1,5.4,2,5,2,1,1,76.4,60.7,9,8,1
Semi-urban,31471.0,1,2.0,1,6,2,3,2,35.4,63.4,0,5,0
Semi-urban,18762.0,1,4.8,0,8,2,2,2,12.6,38.5,1,10,0
Semi-urban,9984.0,1,0.5,0,7,2,1,2,59.8,55.2,1,7,0
Rural,4734.0,0,7.99,1,4,2,2,2,71.3,58.0,0,7,0
Semi-urban,28994.0,1,1.5,1,4,1,2,2,30.3,75.0,9,7,1
Rural,5793.0,2,14.67,0,4,2,1,2,95.2,98.9,0,7,0
Urban,9476.0,1,2.9,1,4,3,3,2,17.2,35.0,1,6,1
Rural,33119.0,2,1.77,1,3,1,2,2,59.7,59.9,1,6,0
Urban,15611.0,1,10.6,2,6,3,3,3,76.3,48.7,3,8,1
Rural,2909.0,2,20.45,1,4,2,3,1,40.5,52.9,4,10,1
Rural,5934.0,1,2.2,1,3,1,1,2,57.9,42.0,1,6,1
Rural,8200.0,1,4.74,1,6,3,1,2,47.9,50.4,2,8,1
Rural,6174.0,1,2.43,1,10,2,2,3,81.5,61.5,1,8,0
Semi-urban,3416.0,1,4.5,1,9,2,2,2,55.9,62.6,0,10,0
Rural,3725.0,1,7.75,0,10,3,1,2,50.0,69.0,9,6,1
Rural,7066.0,0,0.86,0,3,1,3,2,50.7,56.2,2,6,1
Rural,2290.0,0,6.62,2,9,3,2,2,90.2,43.3,0,6,0
Rural,6112.0,1,3.05,1,10,2,1,3,74.1,49.5,0,5,0
Rural,16135.0,0,12.86,0,5,2,3,1,74.2,43.2,0,4,1
Urban,4384.0,1,2.1,0,4,1,3,3,66.0,52.6,7,5,1
Rural,2324.0,1,19.16,1,4,3,2,1,56.7,65.5,0,5,0
Semi-urban,14171.0,1,0.5,2,7,2,2,3,27.1,52.7,2,5,0
Rural,11632.0,1,6.44,0,2,1,3,1,58.6,84.1,3,10,1
Rural,19330.0,0,45.03,1,3,1,2,1,76.7,63.4,2,7,1
Rural,8598.0,0,18.22,0,6,3,3,2,71.8,79.4,0,5,0
Rural,5576.0,1,14.17,1,6,2,1,2,78.7,84.7,1,8,0
Rural,2000.0,1,2.68,2,3,2,2,2,72.9,65.6,0,7,0
Semi-urban,20781.0,1,1.1,1,2,1,2,1,44.0,77.0,2,6,1
Semi-urban,3088.0,1,33.1,0,5,2,3,1,41.6,56.3,0,3,1
Urban,9683.0,0,12.8,1,3,2,3,1,43.9,42.3,0,7,1
Urban,18709.0,1,21.9,2,5,1,2,2,96.7,68.1,0,7,0
Semi-urban,5260.0,1,1.2,0,7,2,1,2,86.4,85.6,0,7,0
Urban,20808.0,2,0.9,0,8,2,3,2,10.0,72.7,1,6,0
Urban,32868.0,1,0.8,0,5,1,1,2,33.4,52.6,7,6,1
Rural,5232.0,0,2.86,0,4,3,3,3,54.5,72.6,1,6,0
Semi-urban,11452.0,1,11.3,2,7,2,1,3,72.0,81.6,2,9,0
Urban,17372.0,2,0.5,0,5,2,2,2,41.9,63.6,0,5,0
Rural,11089.0,2,49.42,0,4,2,3,1,15.0,53.3,0,5,1
Rural,7148.0,0,20.42,1,4,2,2,2,27.4,67.9,2,8,1
Semi-urban,14870.0,0,8.5,0,6,2,1,3,68.6,48.5,2,6,0
Urban,2587.0,1,1.4,0,8,2,2,3,27.8,63.8,1,8,0
Urban,13201.0,0,19.1,0,2,3,3,3,36.3,83.6,0,7,1
Rural,21716.0,2,1.43,1,7,2,1,2,58.2,72.4,0,7,0
Rural,4895.0,2,31.53,0,8,3,3,1,69.2,79.7,2,6,0
Urban,29370.0,0,7.2,1,9,2,2,2,85.2,84.2,0,7,0
Urban,20782.0,1,3.1,0,5,2,2,2,59.8,92.0,3,10,0
Rural,7282.0,0,0.85,1,3,2,3,1,48.4,50.9,1,4,1
Urban,13988.0,0,1.3,0,10,3,1,3,60.3,58.4,1,8,0
Urban,5454.0,0,7.7,2,4,1,1,2,13.6,56.0,0,6,1
Rural,15570.0,1,0.67,0,6,2,2,3,75.6,47.1,0,5,0
Rural,9280.0,0,0.69,1,2,1,3,2,35.9,72.4,1,4,1
Semi-urban,12078.0,1,9.6,2,6,1,2,3,81.6,61.6,3,5,0
Urban,14405.0,1,0.5,0,5,2,3,1,72.2,51.5,0,4,0
Semi-urban,50000.0,1,5.5,1,6,3,2,1,45.9,56.1,1,8,0
Semi-urban,2382.0,2,42.1,1,6,2,3,1,57.4,52.8,1,7,1
Rural,6343.0,0,6.42,0,5,3,2,3,35.2,37.1,3,9,1
Semi-urban,6854.0,0,19.2,2,7,3,1,2,68.6,81.0,9,7,1
Urban,44622.0,1,2.6,2,5,2,3,1,54.8,65.6,6,7,1
Semi-urban,7907.0,0,6.5,0,6,3,1,1,50.7,38.7,0,8,0
Semi-urban,9700.0,0,12.2,1,6,3,3,1,75.1,63.2,1,9,0
Semi-urban,10934.0,0,3.7,2,4,1,2,2,31.4,36.0,6,5,1
Semi-urban,6158.0,1,8.3,1,3,1,3,1,68.8,53.4,0,6,1
Urban,35485.0,0,16.1,2,7,2,3,1,65.5,70.5,4,8,1
Semi-urban,3757.0,2,6.7,0,8,2,2,2,15.1,55.4,1,6,0
Rural,15001.0,2,3.23,1,4,1,3,3,86.6,48.0,0,8,0
Semi-urban,4468.0,0,3.4,1,5,2,2,1,63.0,56.5,0,7,0
Semi-urban,8348.0,2,1.2,1,1,1,2,1,58.1,76.8,2,7,1
Rural,50000.0,2,2.97,1,5,1,2,2,53.6,40.0,1,10,1
Urban,15910.0,1,18.8,1,3,1,2,3,61.8,59.7,2,5,1
Urban,50000.0,0,2.2,1,3,2,3,2,72.5,38.6,0,8,1
Rural,5069.0,0,25.85,0,8,2,3,2,68.8,69.9,3,7,1
Rural,6606.0,1,11.12,1,10,3,3,2,74.9,41.7,0,8,0
Semi-urban,42714.0,1,3.9,0,5,2,3,1,95.2,67.8,0,2,0
Urban,15990.0,0,8.1,2,10,3,3,3,95.0,78.7,1,6,0
Semi-urban,9657.0,1,23.0,1,5,1,3,3,69.6,66.6,0,10,0
Semi-urban,24145.0,0,2.2,0,7,2,1,3,26.1,54.5,1,7,0
Rural,9903.0,1,2.48,2,6,2,3,1,69.0,68.3,0,7,0
Semi-urban,17516.0,2,4.5,2,4,1,1,3,10.0,68.7,2,5,0
Rural,12762.0,1,0.89,1,9,2,2,3,77.5,81.4,0,8,0
Semi-urban,11800.0,2,35.0,0,6,2,3,2,54.1,53.4,6,6,1
Semi-urban,10842.0,1,0.6,0,3,1,3,2,61.3,70.3,3,5,1
Rural,2405.0,2,0.72,0,7,2,3,2,85.6,66.6,0,5,0
Rural,9649.0,1,15.88,1,6,3,2,2,44.8,72.6,1,6,0
Urban,13705.0,2,5.4,1,10,3,3,2,58.8,76.1,0,10,0
Urban,35144.0,1,3.4,1,6,2,1,3,58.9,38.6,0,9,0
Semi-urban,49427.0,1,0.7,2,8,3,1,3,17.5,44.1,8,10,1
Urban,11400.0,0,2.7,1,6,3,3,1,91.0,55.2,6,3,1
Urban,15815.0,1,19.0,1,2,1,3,1,26.6,58.5,5,9,1
Rural,4292.0,1,22.12,0,9,2,1,3,10.0,54.6,1,7,0
Urban,20700.0,2,18.0,0,5,3,3,1,43.1,75.4,0,3,0
Urban,50000.0,2,3.1,1,7,2,2,3,88.8,35.0,0,7,0
Semi-urban,50000.0,0,2.6,2,2,2,2,1,59.1,40.7,1,8,1
Rural,43711.0,2,3.09,2,6,3,3,1,62.9,72.7,1,8,0
Rural,3871.0,0,0.67,1,4,1,2,2,40.7,35.0,1,5,1
Semi-urban,5665.0,1,1.4,0,9,3,1,3,60.8,75.3,0,8,0
Rural,2000.0,2,7.1,1,7,3,3,2,66.2,83.7,0,6,0
Rural,8795.0,1,48.96,1,9,2,2,3,10.0,55.6,1,6,1
Semi-urban,5778.0,2,8.0,0,4,2,2,2,28.4,72.0,6,9,1
Semi-urban,22983.0,0,0.5,0,4,3,2,2,33.3,56.9,1,7,0
Semi-urban,21124.0,2,4.8,1,7,2,2,2,87.0,83.9,0,6,0
Urban,4422.0,0,3.9,1,9,2,2,2,81.0,59.4,1,8,0
Rural,15835.0,0,4.53,1,5,2,2,2,58.8,60.2,1,7,0
Urban,25569.0,1,3.0,1,6,3,3,2,15.3,56.0,5,3,1
Semi-urban,6418.0,1,0.5,0,9,2,1,2,90.3,72.8,5,7,0
Rural,5790.0,2,6.83,1,5,2,2,1,31.1,35.0,1,2,1
Semi-urban,4147.0,1,13.5,2,10,3,2,2,86.2,78.1,0,8,0
Semi-urban,9633.0,0,22.7,1,8,2,2,3,40.4,72.5,1,6,0
Rural,2209.0,1,1.02,0,2,2,3,1,46.6,41.5,1,10,1
Urban,9309.0,0,9.4,0,2,1,3,1,56.4,81.4,7,7,1
Semi-urban,38628.0,1,14.0,1,7,2,1,3,23.1,59.5,2,8,0
Rural,3404.0,0,10.97,2,4,1,1,3,80.5,79.3,0,7,0
Urban,17536.0,0,0.5,0,5,2,1,3,19.1,52.1,4,5,1
Rural,10909.0,2,5.35,2,6,3,2,1,64.2,65.0,0,6,0
Semi-urban,2000.0,2,0.5,1,3,2,3,1,58.6,59.3,6,7,1
Urban,3895.0,1,2.5,1,8,2,2,2,85.9,97.1,0,6,0
Semi-urban,15238.0,0,11.3,0,5,2,2,2,83.6,69.0,0,6,0
Urban,10787.0,0,22.1,0,4,3,1,1,74.3,65.9,9,5,1
Rural,4784.0,2,1.24,1,7,3,2,1,42.8,49.2,0,3,0
Semi-urban,9525.0,0,7.9,0,4,2,3,1,61.4,68.2,4,6,1
Semi-urban,15238.0,0,2.9,1,3,2,3,1,54.5,75.4,4,6,1
Rural,3246.0,1,16.51,0,6,2,1,2,71.5,76.2,0,6,0
Semi-urban,10236.0,1,27.3,0,5,2,1,2,53.2,38.5,1,5,0
Rural,13202.0,1,8.9,0,8,3,3,2,51.6,43.2,1,5,0
Rural,5376.0,0,2.37,0,6,2,2,2,87.6,100.0,0,8,0
Rural,5259.0,0,49.14,1,7,2,3,2,11.8,54.4,1,6,1
Rural,20373.0,0,0.86,2,3,1,3,2,61.8,35.0,2,4,1
Semi-urban,4593.0,0,24.7,0,5,2,2,2,65.0,70.1,1,9,1
Semi-urban,2983.0,0,19.5,1,7,2,3,3,48.1,39.4,2,3,1
Rural,9739.0,1,34.66,1,4,1,1,3,53.3,60.3,4,8,1
Urban,10379.0,2,4.9,2,9,2,1,2,10.0,71.3,0,8,0
Urban,8613.0,2,2.3,0,6,3,2,2,40.2,58.8,2,7,0
Urban,2000.0,0,12.8,1,5,2,1,3,85.9,100.0,0,8,0
Semi-urban,19684.0,1,34.8,1,10,2,2,3,54.7,57.9,3,6,0
Semi-urban,18184.0,0,0.5,0,5,2,2,1,73.9,60.3,0,7,0
Rural,4538.0,2,16.18,2,6,1,2,3,87.2,87.8,0,7,0
Semi-urban,35378.0,2,13.1,1,10,2,1,3,93.4,79.5,0,4,0
Semi-urban,8157.0,1,23.1,2,3,1,2,3,35.7,62.4,0,4,1
Urban,10061.0,1,5.6,1,3,2,3,1,87.5,70.1,5,6,1
Rural,7548.0,1,6.46,0,2,1,3,1,51.2,69.6,0,7,1
Urban,8634.0,0,10.3,1,5,2,2,1,88.4,75.8,0,6,0
Urban,17750.0,1,2.6,1,4,3,2,2,59.0,68.6,2,7,0
Urban,6405.0,1,9.6,1,5,2,2,2,58.7,60.7,0,6,0
Urban,27078.0,0,15.6,1,2,1,2,2,38.0,42.4,2,7,1
Semi-urban,3849.0,0,5.9,1,4,2,3,1,45.6,42.2,0,10,1
Semi-urban,4484.0,1,1.0,0,6,2,2,1,51.4,58.4,1,9,0
Semi-urban,6438.0,1,5.3,1,5,2,2,3,38.7,76.4,0,5,0
Urban,12360.0,0,1.4,1,7,3,1,2,68.1,40.2,2,6,0
Rural,5131.0,1,0.82,2,7,2,2,2,52.8,90.4,1,9,0
Semi-urban,24148.0,1,19.5,1,1,1,2,2,73.2,43.6,0,4,0
Urban,6975.0,1,18.7,1,6,2,2,2,48.0,35.0,0,6,1
Urban,31443.0,1,4.3,0,10,2,1,3,76.2,90.9,0,6,0
Rural,11915.0,0,10.16,2,7,2,1,2,67.1,37.1,0,10,0
Semi-urban,9831.0,2,1.9,2,4,1,3,2,82.5,37.9,0,5,0
Semi-urban,6640.0,1,1.4,1,9,2,2,2,19.0,75.7,1,6,0
Semi-urban,8562.0,0,27.6,0,7,2,2,2,42.5,77.9,2,6,1
Rural,6978.0,0,5.67,1,10,3,2,2,32.5,64.0,1,8,0
Urban,10995.0,2,7.5,0,5,1,2,2,80.9,52.1,4,6,1
Semi-urban,3207.0,1,9.1,2,5,3,1,2,66.8,50.3,0,6,0
Semi-urban,2212.0,1,1.2,1,5,1,1,3,37.4,50.8,1,7,0
Urban,7663.0,0,8.5,0,4,2,2,1,26.9,51.5,1,7,1
Urban,4777.0,0,2.2,0,5,3,3,1,66.2,71.5,0,6,0
Rural,3728.0,0,4.56,1,7,2,1,3,85.0,57.8,1,3,0
Semi-urban,16235.0,2,20.8,0,7,2,2,2,64.1,77.8,2,8,0
Rural,14458.0,1,5.04,1,9,2,2,2,73.1,55.3,0,6,0
Urban,2687.0,1,17.5,2,5,2,3,2,63.6,54.1,5,9,1
Rural,19928.0,0,3.97,1,3,2,3,3,12.7,72.0,1,6,1
Rural,6522.0,0,5.35,1,6,3,3,1,59.1,46.2,2,7,1
Urban,2000.0,0,3.3,0,3,2,3,1,24.3,76.5,1,5,1
Rural,9197.0,1,24.4,1,2,2,2,1,12.0,42.8,2,9,1
Semi-urban,4443.0,0,6.9,0,4,1,3,2,69.9,73.4,2,6,1
Urban,37485.0,1,0.7,0,5,1,2,2,41.9,78.0,9,7,1
Rural,17501.0,0,15.44,0,8,2,1,3,78.4,60.0,8,7,1
Rural,12261.0,0,5.68,1,9,2,2,3,52.7,44.7,1,6,0
Semi-urban,8229.0,0,25.4,0,4,2,3,1,48.1,93.6,0,10,1
Rural,8935.0,0,7.79,0,4,2,1,3,91.3,70.4,0,5,0
Rural,18390.0,1,25.29,0,3,1,2,1,72.0,83.2,0,7,0
Rural,7507.0,1,16.25,2,5,1,2,3,70.2,80.4,2,7,1
Urban,31464.0,1,0.7,1,10,3,1,2,77.2,45.7,0,6,0
Rural,4228.0,1,0.75,1,5,2,2,3,82.9,80.9,4,5,1
Semi-urban,8362.0,1,5.8,0,6,2,3,2,30.8,50.3,4,3,1
Semi-urban,50000.0,0,14.2,0,10,2,2,3,66.7,89.6,0,5,0
Rural,8145.0,1,21.74,0,10,2,1,3,49.4,54.2,1,9,0
Rural,20889.0,1,8.62,2,5,2,3,2,43.9,72.6,1,8,1
Rural,4352.0,1,4.91,1,5,2,3,1,19.3,36.2,1,5,1
Rural,34521.0,0,8.04,2,7,3,2,3,18.4,39.0,1,8,0
Rural,29205.0,1,2.09,1,6,2,3,1,60.4,35.0,0,6,1
Urban,43232.0,0,2.9,2,3,2,2,1,24.1,87.8,1,8,1
Semi-urban,25557.0,1,17.1,2,6,3,2,1,80.6,77.9,1,6,0
Semi-urban,8164.0,0,18.1,1,7,2,3,1,88.9,44.8,3,9,1
Rural,21117.0,1,9.49,0,8,3,3,1,81.0,71.4,0,7,0
Semi-urban,12395.0,1,0.5,0,7,1,1,3,51.1,72.7,0,7,0
Semi-urban,2750.0,1,2.6,0,4,2,1,1,68.0,75.9,2,9,0
Rural,5533.0,0,29.1,0,6,2,2,2,61.5,38.1,2,7,1
Semi-urban,13820.0,1,2.0,1,5,2,3,2,15.3,89.2,3,9,1
Semi-urban,11446.0,0,11.2,2,5,2,2,2,10.0,61.8,1,6,1
Semi-urban,11041.0,1,11.8,0,3,1,2,2,36.5,42.9,1,3,1
Rural,30860.0,1,31.54,1,5,2,1,2,14.3,58.3,2,3,1
Rural,3452.0,2,9.45,0,7,3,3,1,81.9,37.3,0,8,0
Urban,8317.0,0,21.4,2,7,2,2,2,81.2,66.1,1,6,0
Semi-urban,6652.0,0,0.5,0,8,2,3,2,36.7,50.2,1,6,0
Rural,7053.0,2,0.94,1,7,2,1,2,29.7,47.1,1,6,0
Rural,11401.0,2,1.82,2,6,2,2,1,59.2,38.4,1,6,0
Rural,16516.0,0,11.67,0,5,2,3,2,38.9,75.1,5,6,1
Urban,10055.0,2,3.9,1,3,1,3,2,72.6,68.6,7,8,1
Urban,24016.0,1,18.9,2,5,1,3,1,65.1,57.1,2,7,1
Urban,16810.0,1,1.5,0,10,3,1,2,68.5,71.6,2,6,0
Rural,5155.0,1,6.0,0,9,3,2,2,58.2,39.1,2,5,0
Rural,2312.0,0,0.75,0,3,2,2,1,83.6,63.4,0,7,0
Semi-urban,18301.0,2,13.1,0,8,2,2,3,54.0,59.6,5,8,1
Semi-urban,16901.0,1,10.9,2,6,1,2,2,60.0,50.5,0,5,0
Semi-urban,12277.0,1,0.9,2,7,2,2,3,64.7,59.0,0,7,0
Semi-urban,8117.0,1,23.4,2,2,1,3,1,21.4,54.2,1,6,1
Semi-urban,4629.0,0,10.0,0,2,1,3,1,38.1,54.3,1,10,1
Semi-urban,8931.0,1,0.8,0,7,2,2,2,65.2,84.0,0,6,0
Urban,16653.0,1,3.8,2,8,2,1,3,97.3,39.7,0,4,0
Semi-urban,7055.0,2,6.3,1,7,2,1,2,81.7,82.9,0,7,0
Semi-urban,21930.0,1,1.9,0,5,1,1,3,87.9,72.0,0,4,0
Rural,8332.0,0,7.81,2,5,1,2,3,74.1,72.6,0,9,0
Rural,4129.0,0,0.83,0,6,2,1,2,66.8,41.7,0,8,0
Semi-urban,2000.0,0,8.1,1,6,1,1,3,39.6,68.0,1,10,1
Semi-urban,5903.0,2,6.4,0,7,2,3,2,38.8,87.4,0,8,0
Rural,11351.0,0,1.93,1,7,2,1,2,65.2,65.1,1,7,0
Urban,13043.0,2,14.1,2,6,3,3,1,17.6,65.0,6,10,1
Semi-urban,9822.0,0,11.9,0,7,3,1,2,10.0,72.9,1,7,0
Rural,6321.0,1,13.56,2,2,1,1,3,22.3,71.7,3,9,1
Semi-urban,20876.0,0,12.6,1,5,1,1,2,81.9,79.0,0,7,0
Urban,29095.0,1,3.2,1,6,3,3,2,53.9,69.0,0,8,0
Urban,10228.0,0,6.3,1,5,3,1,1,78.7,60.9,0,8,0
Semi-urban,17965.0,0,12.1,2,10,2,1,3,84.6,55.4,2,6,0
Urban,21820.0,2,4.8,0,4,2,3,2,32.8,67.2,1,3,0
Rural,3290.0,0,33.78,2,8,3,2,2,60.5,58.8,2,6,1
Rural,5527.0,2,5.57,0,7,2,1,2,75.7,65.6,2,6,0
Urban,36460.0,2,10.2,2,4,2,3,2,39.8,68.9,0,5,1
Urban,12646.0,2,2.5,1,8,3,1,2,48.9,57.5,1,5,0
Semi-urban,2000.0,0,1.3,0,4,3,2,1,72.1,38.6,0,7,0
Urban,29562.0,1,0.5,2,6,2,2,1,80.4,76.3,1,5,0
Urban,3981.0,2,0.6,0,4,1,2,3,92.8,97.1,3,10,0
Rural,11192.0,1,4.26,2,5,3,3,2,50.5,54.3,0,7,0
Semi-urban,4967.0,2,3.2,2,7,2,2,3,74.6,88.3,3,8,0
Semi-urban,13479.0,1,1.8,1,7,2,1,3,34.1,57.0,0,6,0
Rural,3408.0,1,3.76,0,3,1,2,2,84.6,38.9,0,4,1
Urban,12177.0,2,3.6,2,5,3,3,1,60.6,57.7,0,8,0
Semi-urban,33899.0,1,3.6,0,9,2,1,2,64.2,44.5,0,10,0
Urban,20698.0,0,5.4,1,8,3,2,3,15.4,62.5,9,8,1
Urban,17940.0,2,3.7,0,1,1,2,1,87.8,80.9,0,5,0
Urban,8443.0,0,1.8,0,10,3,3,2,37.4,71.6,4,4,1
Semi-urban,11138.0,0,0.7,2,6,2,3,1,80.3,52.3,0,6,1
Rural,9414.0,0,6.77,2,6,2,2,1,22.7,71.9,1,6,1
Urban,7203.0,0,1.7,2,3,1,3,1,55.8,69.0,0,3,1
Semi-urban,28955.0,0,3.3,1,5,2,2,1,59.3,53.9,1,6,0
Semi-urban,19606.0,0,27.1,2,8,2,2,3,69.6,94.8,7,8,1
Rural,21684.0,1,11.93,0,5,1,2,3,80.3,100.0,7,8,1
Urban,8074.0,1,33.8,1,6,3,3,1,57.8,43.8,0,6,0
Semi-urban,14758.0,1,0.5,0,8,2,1,2,78.6,64.0,2,7,0
Rural,2000.0,1,29.4,0,5,2,2,1,59.1,61.2,7,7,1
Semi-urban,10200.0,1,4.1,1,2,2,3,1,71.7,70.0,0,2,1
Urban,10189.0,1,22.9,1,5,1,3,3,79.1,59.8,4,6,1
Semi-urban,23640.0,1,0.5,0,6,2,3,1,49.0,54.5,1,4,1
Urban,12955.0,2,23.3,2,9,3,1,2,77.9,37.8,0,3,0
Rural,3988.0,0,22.61,0,9,2,1,3,82.4,74.1,1,8,0
Rural,9339.0,1,16.58,0,6,3,3,1,66.1,81.8,0,6,0
Urban,6226.0,1,4.9,2,8,2,3,2,78.3,56.1,0,6,0
Rural,4056.0,0,4.55,0,5,1,3,1,38.9,81.3,2,9,1
Rural,2258.0,0,0.97,2,5,2,2,2,59.3,70.4,2,8,1
Semi-urban,6851.0,0,1.0,0,5,2,2,3,79.7,63.1,2,8,0
Urban,4349.0,1,3.7,0,9,2,2,2,85.0,67.2,5,9,0
Rural,2958.0,0,26.92,2,4,2,2,3,55.2,87.4,4,6,1
Rural,16789.0,1,16.2,0,5,2,3,1,67.5,39.4,1,10,0
Urban,34073.0,1,7.6,1,5,1,2,3,65.1,61.1,0,8,0
Urban,50000.0,1,3.7,1,10,2,2,3,13.3,75.6,0,7,0
Semi-urban,19412.0,0,1.9,2,10,3,2,2,90.8,66.4,0,7,0
Semi-urban,9621.0,0,4.1,2,9,2,2,3,50.3,79.3,6,7,1
Urban,21150.0,2,3.1,1,3,1,3,3,71.5,50.4,0,6,1
Rural,18209.0,1,5.44,1,5,2,1,1,73.6,44.8,2,8,0
Rural,5574.0,0,50.0,1,8,2,2,2,71.7,87.9,0,8,0
Urban,10402.0,1,16.5,2,6,3,3,3,55.5,36.1,1,5,1
Rural,14699.0,1,4.75,1,6,2,1,2,66.5,66.8,2,6,0
Semi-urban,6296.0,2,7.6,1,6,2,2,1,39.8,58.8,1,9,0
Urban,20666.0,2,4.4,1,3,3,3,1,16.9,66.9,3,7,1
Semi-urban,9917.0,1,7.8,1,9,3,1,3,53.8,61.6,1,7,0
Rural,2000.0,0,2.0,0,3,2,3,1,81.3,66.9,1,7,0
Rural,3842.0,1,1.76,1,8,2,1,2,72.8,55.4,0,3,0
Rural,8148.0,1,10.48,0,10,2,2,3,41.5,78.5,2,5,0
Urban,8008.0,0,6.9,0,5,2,3,3,55.8,82.7,1,8,0
Rural,6274.0,0,10.05,2,10,3,1,3,16.7,64.3,1,10,0
Urban,2527.0,1,16.3,2,3,2,1,2,15.1,63.9,0,7,0
Semi-urban,17179.0,0,0.5,0,8,2,2,2,56.2,70.2,1,6,0
Semi-urban,3186.0,0,2.0,1,8,3,3,1,72.4,57.3,7,7,1
Semi-urban,22037.0,2,0.5,1,7,2,1,2,85.1,47.8,0,7,0
Semi-urban,11141.0,0,2.9,0,8,2,2,2,86.5,75.3,0,10,0
Semi-urban,11336.0,0,0.5,1,4,3,1,2,25.5,81.2,5,10,1
Urban,12107.0,0,10.9,1,4,2,2,1,55.4,60.8,2,7,1
Rural,2266.0,1,14.31,0,5,2,3,1,92.1,64.7,0,7,0
Semi-urban,5626.0,1,6.8,1,5,1,3,2,34.7,79.1,0,4,0
Semi-urban,23868.0,0,5.6,1,9,2,2,2,69.2,58.1,0,6,0
Rural,48999.0,0,3.3,2,1,1,2,2,62.0,68.0,0,6,1
Rural,17371.0,1,5.52,1,7,2,1,2,86.3,75.2,0,8,0
Semi-urban,50000.0,2,21.7,2,4,3,2,1,59.0,46.8,1,8,0
Urban,2464.0,2,6.1,1,3,3,3,1,53.6,71.9,0,6,0
Rural,5017.0,1,7.4,1,5,1,1,3,73.3,41.6,7,5,1
Semi-urban,6699.0,1,11.8,1,8,3,1,3,29.3,55.1,1,8,0
Urban,2000.0,0,6.6,1,7,2,3,2,76.5,69.0,4,8,1
Semi-urban,6228.0,0,0.9,2,9,2,2,3,87.3,83.1,4,5,1
Urban,3563.0,2,34.4,1,10,3,1,2,55.5,48.0,0,8,0
Urban,30348.0,1,5.7,1,4,2,1,1,73.1,76.5,0,4,0
Urban,26742.0,0,3.5,1,5,2,3,2,83.9,82.2,0,6,0
Urban,7636.0,0,14.8,0,3,1,1,1,58.2,46.8,0,8,1
Urban,17751.0,2,5.2,1,9,2,2,3,75.0,39.5,0,8,0
Urban,11509.0,2,14.5,1,7,3,1,3,96.2,37.1,0,4,0
Semi-urban,4306.0,0,0.5,0,7,2,2,3,84.5,70.0,9,6,1
Semi-urban,19544.0,0,5.9,0,7,3,3,2,64.0,58.2,0,9,0
Semi-urban,5388.0,2,14.5,2,9,2,3,2,78.3,67.3,0,10,0
Semi-urban,4678.0,2,0.5,1,4,1,1,2,65.1,48.1,1,3,1
Semi-urban,42313.0,0,1.4,0,4,1,2,1,52.2,68.0,1,8,0
Rural,3715.0,1,11.9,1,7,2,3,2,47.7,90.1,1,9,0
Urban,16970.0,2,1.3,0,9,2,1,3,15.4,59.4,1,5,0
Rural,4495.0,1,33.81,0,7,2,2,2,56.7,36.7,3,4,1
Rural,5269.0,1,10.78,1,7,2,3,2,74.1,79.2,2,8,1
Urban,11345.0,1,12.5,0,6,1,1,2,50.8,81.5,3,7,0
Urban,23330.0,0,12.2,1,4,2,2,2,71.6,86.0,8,8,1
Urban,9482.0,2,4.5,1,7,2,2,2,65.7,44.6,0,7,0
Urban,34248.0,0,2.5,0,8,2,2,2,58.5,55.2,3,7,0
Rural,14504.0,1,2.4,0,3,1,3,1,75.0,83.3,1,5,0
Rural,11723.0,1,18.76,2,4,1,1,2,55.8,52.2,0,7,0
Rural,13030.0,0,21.91,0,6,3,3,2,58.6,89.8,0,3,1
Rural,34990.0,1,20.6,1,9,3,2,2,35.4,56.9,6,10,1
Rural,2230.0,2,10.44,2,5,2,3,1,66.1,57.8,2,6,1
Urban,5642.0,0,1.5,2,10,3,1,2,63.8,60.1,0,2,0
Urban,17126.0,1,0.5,1,8,3,1,3,50.0,54.4,2,4,0
Urban,13173.0,0,15.7,0,4,1,3,1,74.2,85.6,0,7,0
Rural,2436.0,1,1.69,2,4,2,1,1,31.7,67.4,2,7,1
Urban,36275.0,1,8.4,0,5,1,2,3,70.4,39.7,1,9,0
Semi-urban,2344.0,1,27.4,1,6,3,2,2,17.9,52.1,5,6,1
Rural,17098.0,1,2.43,2,5,2,2,2,56.4,35.0,1,6,1
Urban,35977.0,2,15.5,2,6,1,2,3,62.2,58.8,4,7,1
Urban,17096.0,1,30.0,1,10,3,2,2,28.3,35.0,1,3,0
Semi-urban,9218.0,0,22.9,1,8,2,1,3,68.5,53.3,0,4,0
Semi-urban,9278.0,2,5.5,1,3,2,3,1,38.3,54.5,1,6,1
Rural,21401.0,0,10.43,0,3,1,2,2,39.6,76.8,4,6,1
Rural,7825.0,1,15.15,0,5,3,3,2,39.4,68.0,1,4,1
Semi-urban,3399.0,1,33.1,1,5,3,1,2,36.7,70.0,1,7,0
Semi-urban,2952.0,0,0.8,2,9,2,3,2,61.8,56.7,2,6,0
Rural,2000.0,0,10.68,2,8,2,1,2,58.1,48.0,0,8,0
Semi-urban,10359.0,1,5.2,1,4,2,2,3,20.4,47.6,3,4,1
Rural,8356.0,1,20.26,0,8,2,1,2,87.5,57.0,0,7,0
Urban,9062.0,1,25.5,2,3,1,2,1,55.8,43.4,1,8,1
Urban,8734.0,1,1.0,2,3,3,2,1,27.4,63.9,3,6,1
Semi-urban,2781.0,2,4.2,0,7,3,3,2,83.8,67.8,0,7,0
Rural,6571.0,2,6.85,0,7,2,1,2,31.4,45.5,1,7,0
Urban,6393.0,2,5.2,2,8,2,1,2,47.0,63.2,2,9,0
Semi-urban,25743.0,0,4.2,1,1,1,3,1,23.5,58.3,0,5,1
Rural,11112.0,0,0.72,2,4,1,2,3,77.6,75.3,0,7,0
Rural,7865.0,1,22.15,0,7,3,3,1,51.5,67.9,0,10,0
Urban,34897.0,1,9.0,0,10,3,1,3,86.5,88.0,0,7,0
Urban,9300.0,2,20.0,2,4,2,3,3,10.0,37.3,1,6,1
Semi-urban,12752.0,0,0.5,0,7,1,2,2,48.3,77.3,3,10,1
Rural,6048.0,1,7.46,1,6,2,1,2,69.5,35.0,4,6,1
Urban,12745.0,0,11.3,2,8,3,3,3,61.7,68.0,0,6,0
Urban,4551.0,0,6.4,0,3,1,3,3,50.4,57.8,2,5,1
Semi-urban,6124.0,2,4.0,0,3,2,3,3,27.5,48.8,1,5,1
Rural,2000.0,0,12.95,2,10,3,2,2,73.5,67.5,0,6,0
Rural,3693.0,2,0.88,1,7,2,3,2,80.8,46.8,0,7,0
Urban,7499.0,0,5.4,1,3,2,3,1,38.1,85.6,3,8,1
Urban,6597.0,1,3.2,0,5,2,3,3,36.3,48.3,1,4,1
Urban,23886.0,0,18.7,0,7,3,3,2,38.2,48.6,2,7,0
Semi-urban,12861.0,0,30.4,1,7,2,2,3,53.0,45.1,1,6,0
Semi-urban,5100.0,1,0.5,1,10,3,2,3,90.2,80.9,0,8,0
Urban,6483.0,1,2.0,1,9,2,2,3,90.8,61.8,2,6,0
Rural,2000.0,2,23.59,1,10,3,3,1,65.8,44.9,0,8,0
Rural,2000.0,0,4.82,2,3,3,3,1,83.3,64.4,3,7,1
Semi-urban,15451.0,0,8.2,1,7,2,2,2,21.2,58.5,8,6,1
Rural,10105.0,1,8.9,0,10,2,1,3,93.1,87.7,0,8,0
Semi-urban,12302.0,2,0.5,1,5,2,3,2,87.0,69.1,6,7,1
Urban,50000.0,0,12.7,2,2,1,3,1,76.2,51.5,5,6,1
Rural,15644.0,1,16.11,0,6,2,2,2,73.3,60.5,0,7,0
Semi-urban,4029.0,2,10.5,0,10,3,1,2,75.9,66.9,9,6,1
Rural,2905.0,1,1.36,1,5,2,2,3,74.6,49.1,0,6,1
Semi-urban,13700.0,0,8.6,0,6,3,3,1,46.8,53.4,5,6,1
Rural,7382.0,1,5.76,2,10,3,1,3,79.0,85.3,0,10,0
Rural,23590.0,2,8.17,2,6,2,3,1,22.6,45.5,6,5,1
Urban,10839.0,0,0.5,1,6,2,2,3,65.5,71.8,7,6,1
Semi-urban,22711.0,0,6.9,0,6,3,2,1,71.9,67.4,5,6,1
Semi-urban,7229.0,2,30.0,1,9,3,1,3,83.4,37.2,2,8,0
Semi-urban,6765.0,0,24.1,2,3,1,3,3,29.3,38.1,5,6,1
Semi-urban,7161.0,2,0.5,1,3,1,3,2,20.0,59.3,9,6,1
Rural,7153.0,2,16.53,1,7,2,3,1,81.2,77.2,0,9,0
Semi-urban,26593.0,1,11.6,0,4,2,2,3,30.0,35.0,2,7,0
Urban,18798.0,1,7.0,0,6,2,1,2,31.9,48.6,6,6,1
Urban,17437.0,1,6.5,0,7,2,2,3,85.8,75.2,0,7,0
Rural,3726.0,1,1.06,0,8,2,3,2,61.9,87.1,0,8,0
Semi-urban,36972.0,1,4.7,0,10,2,1,3,86.6,83.9,1,6,0
Semi-urban,7111.0,0,5.8,2,7,2,2,2,30.2,53.0,0,7,1
Semi-urban,24426.0,1,3.2,0,4,1,1,1,57.2,37.4,1,9,0
Rural,7521.0,1,50.0,0,5,2,1,3,85.2,51.8,5,7,1
Semi-urban,9860.0,0,2.4,1,10,3,1,3,31.4,65.9,0,7,0
Urban,7429.0,2,8.6,0,4,2,2,1,63.5,62.2,0,10,0
Semi-urban,8436.0,0,23.7,1,10,3,3,3,22.9,67.6,4,7,1
Urban,27318.0,1,4.2,0,9,2,2,2,82.3,78.2,1,5,0
Semi-urban,2000.0,1,2.6,0,10,3,2,3,74.4,78.9,0,7,0
Semi-urban,4501.0,1,0.5,1,7,2,2,3,56.1,46.2,6,10,1
Urban,6575.0,1,5.1,1,5,2,3,1,23.1,78.3,1,5,0
Semi-urban,7686.0,0,2.3,1,5,2,3,3,32.0,39.7,0,7,1
Semi-urban,7704.0,1,2.3,0,7,3,2,3,65.2,72.4,2,7,0
Semi-urban,21403.0,0,6.3,1,5,2,1,2,53.9,62.6,0,7,0
Semi-urban,7199.0,0,16.9,1,4,1,2,1,53.1,56.8,2,7,1
Rural,13827.0,0,8.78,1,9,3,2,3,84.4,78.6,0,7,0
Urban,12984.0,0,12.3,1,6,2,2,3,23.2,66.6,1,5,1
Semi-urban,10567.0,1,5.9,1,9,3,2,3,91.4,81.9,0,10,0
Rural,7573.0,1,4.24,2,4,1,3,1,44.3,63.3,1,9,1
Urban,50000.0,2,17.3,1,6,2,3,2,57.0,74.9,1,6,0
Semi-urban,5638.0,2,10.3,0,5,2,2,2,10.0,57.0,1,4,0
Urban,3959.0,1,0.5,2,6,3,3,3,34.6,35.0,4,6,1
Semi-urban,36910.0,1,13.9,1,2,1,1,2,66.9,89.5,0,8,0
Rural,4463.0,1,5.26,1,10,3,3,2,61.4,93.2,2,9,0
Urban,9534.0,1,2.2,0,6,2,3,3,57.0,81.1,3,10,1
Semi-urban,31221.0,0,1.8,1,4,2,2,2,38.8,62.0,2,3,1
Semi-urban,7048.0,1,12.9,1,7,2,1,3,35.4,54.6,3,7,0
Semi-urban,3620.0,1,1.1,2,7,3,2,2,73.3,58.0,0,4,0
Urban,12346.0,0,14.4,1,6,2,1,3,21.9,50.6,3,7,1
Semi-urban,2000.0,1,0.5,1,4,2,2,2,65.1,46.4,0,8,0
Rural,3811.0,1,3.9,0,5,2,3,3,47.2,82.1,0,10,1
Semi-urban,5236.0,1,4.9,0,6,1,2,2,80.1,87.4,5,6,1
Urban,6107.0,2,16.4,1,6,2,3,1,45.1,38.8,2,8,1
Urban,25816.0,0,23.4,0,9,2,2,2,14.1,35.0,1,7,1
Rural,31373.0,0,3.61,2,9,2,1,2,25.0,53.6,1,7,0
Urban,30239.0,2,0.6,0,8,3,2,3,87.1,42.8,0,6,0
Urban,8346.0,2,9.9,0,9,3,2,3,98.3,77.9,6,6,0
Urban,9918.0,0,7.4,2,2,1,3,2,61.0,83.3,0,8,1
Rural,11263.0,0,18.95,1,8,2,1,3,70.1,92.8,2,6,0
Semi-urban,8362.0,2,0.5,0,7,2,1,3,14.6,72.6,0,9,0
Urban,9682.0,0,17.1,2,5,1,2,3,76.4,84.3,3,5,1
Urban,17109.0,1,5.7,2,6,2,2,2,85.9,97.7,1,9,0
Rural,8053.0,0,15.5,1,4,1,1,3,36.7,64.8,3,6,1
Urban,4849.0,0,4.0,1,6,2,3,2,57.0,65.4,5,9,1
Rural,15136.0,0,28.64,2,7,2,2,2,50.0,35.0,0,6,0
Urban,4129.0,1,11.3,2,6,2,3,3,53.0,45.0,6,6,1
Rural,8044.0,0,1.73,1,7,2,1,3,37.8,66.6,2,6,0
Urban,6570.0,2,1.7,2,5,1,1,2,71.0,61.2,3,6,0
Rural,30017.0,0,6.94,0,4,2,2,1,45.7,60.3,9,4,1
Semi-urban,5704.0,1,12.1,0,7,3,2,1,98.5,86.0,0,10,0
Urban,13638.0,0,7.9,2,4,1,2,2,21.7,74.0,1,8,1
Rural,6250.0,0,7.57,1,6,2,1,2,87.1,42.3,0,3,0
Urban,15035.0,1,8.0,0,8,3,2,2,66.2,50.0,7,10,1
Semi-urban,22948.0,0,0.5,0,6,2,2,3,61.1,88.9,0,8,0
Semi-urban,8129.0,1,10.7,0,8,3,3,1,82.4,71.5,1,6,0
Semi-urban,23045.0,0,22.8,0,5,2,1,2,88.4,87.4,0,5,0
Semi-urban,32672.0,1,7.1,2,4,2,2,1,40.7,64.7,3,7,1
Semi-urban,3272.0,1,0.9,0,8,2,1,3,26.5,50.0,1,4,0
Semi-urban,5158.0,1,2.4,2,6,3,3,2,66.6,55.3,3,8,1
Semi-urban,31600.0,2,7.4,2,3,3,2,1,63.4,49.6,7,5,1
Semi-urban,7768.0,1,0.5,1,7,2,2,2,44.2,35.0,2,6,1
Rural,10166.0,0,0.82,2,4,2,3,1,62.0,63.1,0,5,1
Rural,9956.0,1,11.39,0,8,2,3,2,87.4,66.3,0,2,0
Urban,11787.0,0,3.1,2,7,2,2,2,82.6,66.8,6,8,1
Rural,9002.0,2,43.69,1,4,1,2,3,45.7,65.2,1,6,1
Rural,13875.0,0,22.78,0,4,1,2,2,60.1,53.1,1,7,1
Urban,22437.0,1,10.2,2,4,2,2,1,77.1,46.2,0,8,0
Urban,15331.0,0,9.9,0,6,3,3,2,70.9,100.0,0,6,0
Semi-urban,6704.0,0,1.3,0,8,3,3,2,36.6,82.0,9,8,1
Semi-urban,22966.0,0,2.1,2,3,3,2,1,78.1,65.2,1,4,0
Urban,5001.0,2,1.2,2,2,1,2,1,88.8,58.2,0,8,0
Rural,8427.0,1,7.28,0,8,3,3,2,74.3,100.0,7,10,1
Urban,5256.0,2,4.5,0,7,2,2,3,74.6,37.3,4,10,1
Semi-urban,20663.0,1,13.5,0,5,2,2,3,82.3,58.7,5,10,1
Rural,5574.0,0,9.23,1,3,1,2,3,85.5,94.7,2,9,1
Semi-urban,13401.0,1,2.4,1,6,2,1,3,83.0,63.9,6,7,1
Rural,15702.0,1,4.54,0,5,2,3,3,52.3,59.1,2,5,1
Rural,2785.0,2,14.97,1,5,2,2,2,87.9,36.8,0,6,0
Urban,7289.0,1,2.7,1,2,2,2,1,76.9,56.9,1,8,0
Urban,9867.0,0,14.5,2,4,2,3,1,90.0,50.0,1,8,1
Urban,28746.0,0,3.6,1,5,2,3,1,75.4,63.0,0,4,0
Semi-urban,10904.0,0,9.3,1,4,2,1,2,30.3,71.2,1,7,1
Semi-urban,8741.0,0,1.2,1,6,3,3,1,13.5,50.2,0,6,1
Rural,21102.0,1,18.29,1,6,2,2,2,91.1,62.2,2,6,0
Urban,19934.0,0,10.0,1,3,1,1,2,76.6,75.6,1,9,0
Urban,23036.0,2,10.3,1,2,1,1,3,74.6,69.7,1,7,0
Semi-urban,9956.0,1,1.5,0,9,2,2,2,89.8,75.0,0,6,0
Semi-urban,3255.0,1,27.8,0,7,3,1,3,27.5,60.9,1,8,0
Semi-urban,11725.0,2,18.5,2,6,2,2,2,39.4,48.4,0,10,0
Semi-urban,8816.0,1,2.0,2,4,3,3,1,66.7,38.1,4,9,1
Semi-urban,4561.0,1,5.7,0,5,2,2,2,62.9,48.6,0,8,0
Semi-urban,21572.0,0,0.6,2,5,2,1,1,84.2,59.7,2,6,0
Rural,14869.0,1,8.91,1,4,1,2,2,70.5,50.2,5,9,1
Urban,12473.0,2,9.6,1,6,2,3,3,30.8,47.2,4,6,1
Rural,21410.0,1,19.27,1,6,2,3,1,39.2,66.4,1,10,1
Urban,22431.0,2,2.8,1,2,1,2,2,53.1,48.7,1,6,1
Rural,3067.0,1,2.67,1,5,3,2,1,91.4,71.7,6,9,1
Rural,4673.0,0,7.98,0,7,2,2,3,77.0,64.2,1,6,0
Rural,3381.0,0,50.0,1,2,1,3,2,34.7,69.2,1,9,1
Rural,22411.0,0,6.43,0,8,2,2,2,58.0,52.9,3,8,1
Semi-urban,45973.0,1,4.8,2,7,2,2,2,31.7,40.9,1,8,0
Semi-urban,6246.0,1,3.3,1,4,2,2,1,80.4,67.0,1,10,0
Semi-urban,4877.0,2,3.6,0,3,3,3,3,53.6,61.3,0,7,0
Semi-urban,14384.0,0,4.8,1,7,1,1,3,65.1,35.0,0,7,0
Rural,6952.0,2,41.01,1,4,1,3,3,16.7,55.3,0,7,1
Semi-urban,3133.0,1,23.9,0,4,1,2,2,81.3,46.6,2,6,1
Semi-urban,5888.0,2,7.7,0,5,1,2,2,86.1,59.3,0,6,0
Urban,37717.0,0,13.1,1,6,3,1,2,92.3,42.0,3,7,0
Rural,36921.0,0,14.77,2,4,1,2,2,90.5,61.2,0,5,0
Rural,7606.0,1,0.83,2,9,3,3,2,67.1,47.6,0,8,0
Urban,44634.0,0,6.7,0,8,3,1,3,93.8,83.6,0,7,0
Urban,38969.0,2,2.4,0,3,3,3,1,53.5,36.2,1,3,1
Urban,7531.0,0,3.6,1,5,1,2,2,85.2,76.3,0,9,0
Rural,8230.0,0,10.05,0,6,3,2,2,52.3,62.3,1,5,0
Semi-urban,6313.0,1,20.8,1,3,1,3,1,72.7,53.0,2,7,1
Urban,5213.0,2,0.6,2,5,3,3,1,78.8,87.9,1,6,0
Semi-urban,11912.0,2,6.7,1,10,3,2,3,94.3,94.9,4,6,0
Urban,14083.0,0,10.0,0,4,2,2,1,27.6,50.7,1,3,1
Semi-urban,34722.0,1,17.2,1,3,1,1,3,63.8,56.2,0,5,0
Urban,30523.0,0,0.5,1,3,2,3,2,60.6,83.3,1,10,1
Rural,14468.0,0,5.83,0,6,2,3,3,36.7,83.1,2,6,1
Semi-urban,9715.0,1,0.5,1,6,2,2,2,41.9,48.7,0,6,0
Urban,8295.0,2,3.8,0,7,2,2,2,94.7,86.8,7,8,1
Semi-urban,31103.0,0,6.7,1,7,3,3,1,49.9,35.0,1,5,1
Urban,19460.0,1,9.7,0,6,3,2,1,73.9,50.9,2,6,0
Urban,7575.0,0,7.5,2,4,1,3,1,13.7,35.0,1,5,1
Rural,6126.0,0,8.09,0,5,2,3,1,76.5,58.8,4,4,1
Rural,6395.0,0,18.87,1,5,1,1,2,80.5,57.4,2,6,1
Semi-urban,2973.0,1,12.8,0,6,2,3,2,90.8,73.5,0,10,0
Semi-urban,5104.0,0,16.5,0,6,2,2,1,10.0,42.5,3,5,1
Rural,11085.0,1,6.08,2,2,3,3,1,38.1,72.6,1,6,1
Urban,50000.0,0,1.1,2,7,2,3,2,47.8,78.2,2,7,0
Rural,5108.0,1,0.85,1,8,2,3,2,92.5,54.1,0,5,0
Urban,5482.0,2,0.6,1,3,1,2,1,74.8,86.5,0,10,0
Urban,8816.0,0,6.4,1,5,2,2,2,69.2,60.4,8,8,1
Semi-urban,11152.0,0,8.4,0,5,2,1,3,83.5,70.9,2,6,0
Urban,6001.0,2,1.1,0,6,3,3,1,79.2,64.3,0,6,0
Semi-urban,6527.0,1,12.7,2,5,2,3,1,19.6,68.7,1,10,1
Rural,6812.0,2,18.13,2,3,2,3,1,41.1,55.1,1,5,1
Urban,50000.0,0,15.4,0,3,2,3,1,43.6,56.6,3,7,1
Rural,17254.0,1,3.84,0,4,2,3,2,57.9,69.9,5,7,1
Semi-urban,28054.0,2,4.8,0,4,1,3,3,30.3,61.4,3,6,1
Rural,4487.0,1,3.4,0,4,2,3,3,35.2,72.3,1,9,1
Semi-urban,2688.0,0,3.0,1,8,2,2,2,20.6,56.6,2,7,1
Semi-urban,30236.0,0,20.9,0,2,1,3,1,63.5,82.8,0,6,1
Semi-urban,4417.0,1,13.0,1,5,1,1,3,14.3,75.5,1,7,0
Semi-urban,9972.0,1,12.7,0,8,2,3,3,47.6,57.8,3,6,1
Rural,2000.0,1,1.48,2,4,1,3,2,72.7,60.1,1,6,0
Urban,13933.0,2,1.4,0,7,2,1,3,71.7,57.9,7,6,1
Urban,3557.0,0,19.2,2,1,1,3,2,23.2,76.1,1,10,1
Urban,4920.0,2,7.3,0,7,2,2,3,32.1,37.7,0,6,0
Rural,3466.0,2,22.17,0,4,3,3,2,16.6,82.8,1,5,1
Urban,14889.0,1,2.5,2,6,1,1,3,54.1,61.8,1,9,0
Urban,3600.0,0,3.1,0,6,2,3,2,76.1,50.6,0,6,0
Urban,4728.0,0,4.4,0,4,1,3,1,48.9,70.4,0,7,1
Semi-urban,12100.0,0,18.7,0,7,2,2,3,65.4,70.7,0,8,0
Semi-urban,17575.0,1,11.4,2,4,1,1,2,44.0,61.7,0,7,0
Semi-urban,10853.0,0,12.6,2,8,3,3,2,82.4,53.3,3,9,1
Urban,32417.0,0,24.2,1,7,2,2,1,40.0,67.5,3,9,1
Rural,2724.0,1,25.56,0,5,2,3,2,41.8,89.6,4,7,1
Semi-urban,13882.0,1,0.5,0,6,2,2,1,72.9,45.0,0,6,0
Rural,5535.0,1,0.86,0,2,1,2,1,20.4,66.1,1,5,1
Rural,3980.0,2,4.82,1,9,3,2,3,85.9,60.7,0,5,0
Urban,15483.0,0,40.3,0,10,2,1,3,57.6,57.3,6,8,1
Semi-urban,40538.0,1,5.6,1,7,2,1,3,84.5,55.8,1,9,0
Urban,11699.0,2,2.7,1,5,1,2,2,74.6,68.8,0,10,0
Urban,13816.0,1,6.4,0,5,1,2,1,57.2,54.9,3,9,1
Semi-urban,3982.0,2,9.9,0,9,2,1,3,74.3,92.9,0,7,0
Urban,27880.0,0,6.9,0,7,2,2,2,42.1,71.3,0,6,0
Semi-urban,4227.0,0,3.8,1,6,2,2,2,70.1,42.5,9,9,1
Semi-urban,8014.0,0,0.5,1,10,2,3,3,16.4,61.4,1,8,0
Urban,7094.0,1,1.9,2,7,3,1,2,54.5,38.1,0,8,0
Semi-urban,11668.0,2,23.2,1,8,2,2,2,94.6,61.3,0,10,0
Urban,25639.0,0,7.2,2,8,3,2,2,63.9,47.3,5,3,1
Semi-urban,9644.0,2,23.5,0,4,3,3,2,71.0,66.5,0,4,0
Rural,23147.0,0,11.56,0,6,2,1,3,88.9,100.0,3,8,0
Rural,24555.0,1,4.49,1,4,3,3,2,84.6,60.4,0,7,0
Urban,14950.0,1,14.8,1,6,3,2,1,85.1,58.9,0,7,0
Semi-urban,5278.0,1,2.2,2,3,1,2,1,85.9,35.0,0,6,1
Urban,9671.0,1,24.0,0,8,2,3,3,65.1,80.3,0,7,0
Semi-urban,17113.0,1,1.0,1,6,2,1,2,73.7,60.0,2,7,0
Semi-urban,6209.0,1,0.5,2,4,1,3,1,81.6,76.0,0,10,0
Rural,3841.0,0,18.67,1,2,1,3,2,60.3,39.4,0,10,1
Rural,25201.0,1,6.35,1,5,2,3,1,79.8,37.8,0,6,0
Urban,50000.0,1,0.5,0,6,1,2,2,82.2,78.9,3,4,0
Semi-urban,3966.0,2,0.6,1,9,2,1,3,60.3,76.9,0,6,0
Semi-urban,4431.0,0,7.5,1,8,2,1,3,58.3,51.6,1,9,0
Semi-urban,10859.0,0,18.3,0,8,3,2,3,90.4,66.8,0,4,0
Semi-urban,5092.0,0,16.4,0,8,3,3,2,69.8,51.9,0,6,1
Rural,3005.0,0,6.04,0,8,2,2,2,35.1,55.5,1,7,1
Rural,7720.0,0,0.7,0,4,2,2,2,80.3,87.6,3,8,0
Urban,26090.0,0,0.5,1,4,2,2,1,24.7,58.8,2,9,0
Semi-urban,12521.0,0,1.1,2,4,1,3,2,46.2,85.7,4,10,1
Rural,4544.0,1,19.53,1,4,1,1,3,41.1,35.0,1,2,1
Urban,8048.0,1,1.1,0,5,1,2,3,68.6,62.2,3,8,0
Semi-urban,13418.0,1,3.4,1,10,2,3,3,57.4,52.4,1,5,0
Rural,3692.0,1,25.26,0,6,1,1,3,75.4,66.7,3,8,0
Urban,15981.0,0,0.5,2,6,2,3,2,53.5,69.1,1,7,0
Semi-urban,21348.0,0,0.8,1,10,3,2,3,59.7,36.8,7,6,1
Rural,7214.0,0,11.41,1,3,1,3,2,56.0,85.8,0,6,1
Semi-urban,2641.0,1,1.7,0,2,2,3,1,58.8,62.0,3,4,1
Urban,17841.0,0,1.1,0,9,3,2,2,86.8,53.8,0,7,0
Rural,13113.0,0,7.67,0,7,2,1,3,40.2,69.8,1,8,0
Rural,10497.0,0,3.26,2,6,1,1,2,37.6,66.6,3,9,1
Rural,10194.0,2,1.5,0,5,2,2,3,28.2,66.1,6,5,1
Rural,24791.0,0,8.38,1,2,1,2,3,58.4,66.1,0,5,1
Rural,7733.0,2,0.85,1,6,2,1,1,52.9,60.2,1,6,0
Semi-urban,13399.0,1,17.7,0,10,3,1,3,71.6,58.6,1,4,0
Rural,11131.0,0,3.45,1,4,1,1,3,96.3,59.8,6,7,1
Rural,9452.0,0,14.61,1,5,2,3,3,29.2,65.0,8,10,1
Semi-urban,9277.0,2,2.0,0,7,2,2,3,28.9,79.6,7,7,1
Semi-urban,5760.0,0,20.5,0,6,2,2,2,75.5,44.9,0,7,0
Urban,10085.0,1,2.4,1,6,2,1,2,77.1,35.0,1,7,0
Semi-urban,2000.0,1,6.7,1,3,2,3,2,26.3,58.9,0,10,1
Semi-urban,28669.0,1,9.9,1,7,3,3,2,86.2,53.8,0,9,0
Urban,50000.0,0,26.4,1,3,2,3,1,72.7,65.4,0,5,0
Urban,23932.0,1,4.3,2,6,3,3,1,80.7,68.0,2,6,0
Rural,5055.0,0,23.69,0,4,2,3,3,47.7,43.2,5,4,1
Rural,18346.0,1,36.65,1,5,1,1,3,55.8,60.6,4,9,1
Semi-urban,29523.0,0,5.7,1,3,2,3,1,52.8,53.0,9,7,1
Rural,5363.0,1,20.21,1,7,2,1,3,70.5,87.8,1,5,0
Urban,13536.0,0,1.3,0,6,3,1,2,73.4,68.1,4,8,0
Rural,5817.0,2,5.87,1,8,2,1,2,62.9,50.7,3,8,0
Semi-urban,50000.0,1,7.0,2,3,1,3,1,10.0,54.3,0,5,1
Urban,8863.0,0,8.6,0,5,2,2,2,38.2,67.9,3,5,1
Rural,5659.0,2,13.82,2,4,3,3,1,61.2,76.7,2,6,1
Rural,4390.0,1,50.0,1,5,1,3,2,68.0,60.3,0,6,1
Rural,5352.0,2,22.48,0,3,2,3,2,18.4,65.0,7,7,1
Urban,3086.0,1,6.8,1,4,2,3,3,76.7,93.4,2,8,0
Rural,2884.0,1,14.81,1,6,2,3,2,19.1,61.9,7,9,1
Rural,7466.0,0,9.5,2,9,3,2,2,59.3,81.1,2,6,0
Semi-urban,13135.0,0,21.3,2,8,3,2,2,38.6,66.7,1,6,0
Rural,9241.0,1,13.97,0,5,2,2,1,62.1,81.8,1,8,0
Urban,10238.0,1,1.3,0,3,1,2,2,63.9,64.2,1,5,0
Semi-urban,6119.0,0,13.7,1,4,1,3,3,17.6,83.9,0,8,1
Urban,11790.0,0,2.1,2,3,1,3,1,61.9,58.8,6,7,1
Urban,5972.0,2,5.2,1,5,2,2,1,23.7,42.1,4,10,1
Rural,6331.0,1,9.13,0,10,2,1,3,95.7,65.4,1,6,0
Rural,9356.0,1,14.75,1,3,2,3,1,60.8,71.8,1,6,1
Urban,4912.0,1,9.9,0,6,2,3,2,70.8,95.7,5,9,1
Semi-urban,16246.0,0,9.9,0,6,2,2,3,17.6,75.9,0,5,0
Semi-urban,24628.0,1,4.7,2,6,2,3,1,64.0,69.6,6,5,1
Urban,5013.0,1,4.0,0,2,1,3,2,66.2,55.4,2,6,1
Semi-urban,9254.0,0,28.5,1,4,2,2,1,10.0,44.4,1,4,1
Rural,8222.0,1,4.16,0,7,2,3,2,82.4,60.3,0,6,0
Rural,8613.0,2,0.66,0,6,2,2,2,70.4,39.1,0,5,0
Semi-urban,15782.0,1,4.7,0,3,2,3,2,58.3,94.3,5,10,1
Rural,5157.0,1,6.28,1,8,2,1,3,42.6,48.2,0,8,0
Semi-urban,8201.0,2,5.3,1,6,2,1,2,87.6,93.7,4,10,0
Semi-urban,6794.0,2,0.5,0,2,1,3,3,53.4,41.6,9,8,1
Rural,7597.0,0,15.28,2,9,3,2,2,35.6,49.6,0,7,1
Semi-urban,19574.0,0,6.6,0,3,2,3,3,58.0,67.7,9,6,1
Urban,5528.0,0,8.1,1,6,2,2,2,92.8,44.4,1,5,0
Semi-urban,15832.0,2,4.1,2,10,2,1,3,43.3,46.0,0,8,0
Urban,7394.0,1,0.5,1,10,2,2,3,70.3,75.4,0,10,0
Rural,5442.0,2,0.74,0,5,1,1,3,97.5,47.0,1,3,0
Rural,50000.0,0,21.63,2,3,1,2,2,59.8,35.1,0,7,1
Urban,10275.0,2,0.5,1,7,3,2,2,76.2,42.6,0,8,0
Urban,47138.0,1,1.0,1,5,2,3,3,55.6,58.5,0,6,0
Urban,11684.0,0,2.2,0,9,2,2,2,25.6,72.8,0,8,0
Urban,13758.0,1,6.8,1,4,1,1,3,95.6,72.1,0,6,0
Urban,38004.0,0,1.8,1,6,3,2,3,15.4,71.8,1,7,0
Semi-urban,21377.0,0,9.7,0,5,1,2,2,64.7,43.7,0,7,0
Urban,8467.0,0,4.3,0,5,2,1,2,44.9,61.5,9,9,1
Rural,5556.0,0,13.66,1,10,3,2,2,14.0,58.7,1,7,0
Rural,8146.0,1,0.89,0,8,2,2,2,95.9,92.4,0,6,0
Semi-urban,4517.0,1,4.7,1,5,1,2,3,75.9,74.3,2,8,0
Rural,5927.0,0,30.32,0,8,3,2,3,62.9,86.0,2,7,1
Semi-urban,2914.0,1,21.0,1,6,2,1,2,71.8,54.7,0,10,0
Urban,13045.0,2,4.8,1,3,1,2,2,61.8,61.6,1,6,0
Urban,6844.0,0,22.6,2,5,3,3,1,53.9,69.4,1,8,0
Semi-urban,25815.0,0,40.8,2,7,3,2,2,34.9,50.2,1,5,1
Semi-urban,9369.0,0,24.8,1,3,2,2,2,51.7,72.7,0,10,1
Semi-urban,10121.0,2,50.0,0,5,2,3,1,74.1,42.6,3,8,1
Urban,50000.0,0,0.8,1,8,2,1,3,29.0,35.0,2,6,0
Semi-urban,34474.0,0,8.6,1,4,2,3,2,79.8,43.6,1,10,0
Rural,9490.0,1,34.17,2,8,3,3,2,61.8,67.4,0,7,0
Rural,7294.0,1,21.29,1,5,2,2,3,64.2,84.6,0,8,0
Rural,3159.0,2,30.66,2,5,3,2,1,29.8,57.7,0,7,1
Urban,9856.0,1,0.8,0,3,3,3,1,93.9,87.2,4,9,1
Semi-urban,22586.0,0,6.7,2,4,1,2,2,68.7,35.0,0,3,1
Semi-urban,7432.0,0,2.1,2,6,2,2,2,70.0,62.1,1,8,0
Rural,15761.0,2,6.33,1,6,1,2,2,75.9,63.0,0,7,0
Semi-urban,5254.0,2,25.9,1,3,1,2,3,57.5,81.6,8,6,1
Semi-urban,8986.0,0,2.7,0,6,3,3,2,47.1,36.5,5,7,1
Urban,9407.0,1,0.5,1,4,1,3,2,85.5,82.2,1,3,0
Urban,7850.0,0,7.1,2,4,2,2,2,63.9,73.3,0,5,0
Urban,15881.0,2,2.1,0,6,1,2,3,64.3,47.7,0,10,0
Semi-urban,26588.0,2,1.1,0,5,2,1,1,99.5,67.5,0,8,0
Rural,11363.0,1,14.44,1,3,1,3,2,68.8,60.0,6,6,1
Urban,7094.0,0,9.9,0,8,3,3,2,61.2,83.1,0,5,0
Semi-urban,10794.0,2,2.8,1,5,1,1,3,91.5,55.5,2,8,0
Semi-urban,28431.0,1,0.5,1,6,2,2,2,69.7,44.8,0,7,0
Rural,4183.0,2,12.6,2,7,2,1,3,36.8,35.0,4,6,1
Rural,5164.0,1,50.0,1,3,2,2,1,63.6,39.1,1,9,1
Urban,6305.0,1,8.0,1,10,3,1,3,69.5,86.6,0,7,0
Rural,2803.0,0,31.3,1,8,2,2,2,77.8,44.1,0,7,1
Semi-urban,9473.0,1,2.6,1,5,2,3,2,69.0,73.3,0,6,0
Urban,12985.0,1,1.3,0,5,3,2,3,64.4,60.0,1,7,0
Rural,5675.0,0,18.42,2,2,1,2,1,61.5,70.7,0,4,1
Urban,14282.0,2,3.4,0,7,2,2,2,65.2,50.0,0,6,0
Semi-urban,6405.0,0,13.5,1,7,3,2,1,44.7,73.9,1,5,1
Semi-urban,25674.0,1,3.1,1,1,1,3,1,24.8,58.0,0,6,1
Urban,12920.0,1,7.0,1,3,1,3,1,60.2,75.6,0,4,0
Urban,44529.0,1,4.8,0,6,2,1,1,61.6,42.4,0,6,0
Rural,33217.0,2,19.49,0,8,2,1,2,57.1,40.1,1,8,0
Semi-urban,11190.0,1,7.4,0,3,1,2,3,68.1,53.6,0,7,0
Urban,11891.0,0,24.8,0,3,1,1,3,87.4,50.7,0,7,1
Semi-urban,5395.0,1,9.7,0,8,2,3,2,70.4,73.3,4,6,1
Rural,5021.0,0,1.19,0,4,2,3,1,65.8,54.7,0,4,1
Urban,14309.0,2,9.4,2,7,2,1,3,36.7,43.0,0,4,0
Semi-urban,10645.0,1,8.6,0,9,3,3,3,94.7,50.4,1,6,0
Rural,5528.0,0,0.84,0,3,1,3,3,32.2,41.4,1,9,1
Urban,28768.0,1,5.0,2,4,1,2,2,31.8,44.3,0,3,1
Urban,6477.0,0,0.9,1,9,2,2,2,76.4,35.0,0,5,0
Semi-urban,50000.0,0,1.6,0,4,2,2,3,70.9,53.1,6,7,1
Semi-urban,6974.0,2,18.6,1,9,2,2,2,88.0,52.8,3,6,0
Rural,2000.0,0,0.67,0,6,2,2,2,54.7,61.9,2,7,1
Semi-urban,18981.0,0,16.0,1,6,1,3,2,90.1,88.0,1,6,0
Rural,2502.0,0,10.48,2,8,2,2,3,57.4,52.8,0,6,1
Rural,15456.0,1,7.7,1,6,2,2,3,74.7,71.8,0,8,0
Urban,4197.0,0,1.3,2,6,3,2,2,61.3,70.1,3,5,1
Urban,16577.0,0,4.2,1,9,3,1,2,45.1,61.8,3,10,0
Urban,10512.0,0,7.0,0,8,2,3,2,92.2,91.8,1,10,0
Semi-urban,19904.0,2,0.5,0,5,3,1,1,82.2,65.1,0,7,0
Urban,15857.0,0,11.3,1,7,3,3,2,71.3,55.5,2,6,0
Urban,7804.0,0,7.2,0,2,1,1,3,45.2,64.8,3,5,1
Urban,24386.0,2,10.0,1,10,2,1,3,80.8,39.3,5,7,1
Rural,50000.0,1,44.43,0,10,3,1,3,44.0,35.0,0,7,0
Urban,16170.0,0,18.0,2,4,2,1,3,45.6,35.0,1,5,1
Urban,31624.0,2,0.5,2,5,3,3,1,42.6,70.6,3,9,1
Rural,3136.0,0,7.78,1,6,3,2,2,22.3,61.4,2,8,1
Urban,8769.0,1,0.9,1,1,2,2,1,10.0,72.3,5,7,1
Urban,29127.0,0,8.6,1,2,1,2,1,57.4,60.4,9,8,1
Rural,11193.0,1,26.72,1,6,2,1,3,68.6,35.0,1,5,0
Rural,5150.0,2,19.65,0,5,2,3,1,80.0,62.3,7,7,1
Urban,12559.0,0,9.6,1,2,2,3,1,73.6,71.8,1,6,1
Rural,26272.0,1,17.58,1,7,2,1,2,67.4,64.0,1,8,0
Semi-urban,22077.0,2,2.4,1,7,2,2,3,52.3,51.4,3,3,0
Semi-urban,6689.0,1,9.6,0,3,2,3,2,46.0,52.9,2,7,1
Rural,21620.0,0,1.21,2,6,2,3,1,63.2,47.2,2,6,1
Urban,35544.0,0,30.3,0,5,2,3,1,80.2,84.6,0,8,0
Semi-urban,4067.0,1,16.9,0,9,2,1,3,53.8,83.7,0,10,0
Semi-urban,11085.0,1,7.1,1,6,2,2,3,83.5,61.8,0,5,0
Rural,3753.0,1,16.87,2,9,2,2,3,67.7,68.4,0,8,0
Semi-urban,13934.0,0,12.0,1,7,2,3,1,86.8,51.2,0,6,0
Semi-urban,45617.0,0,8.4,2,8,2,1,3,40.4,38.9,2,10,1
Urban,25745.0,1,0.5,1,5,3,3,2,39.5,42.0,4,6,1
Rural,2909.0,0,4.57,2,9,2,3,2,21.5,57.0,1,5,1
Urban,6021.0,1,1.7,0,6,2,1,2,73.2,63.5,0,4,0
Rural,4038.0,1,14.15,2,8,2,3,2,79.3,40.7,0,8,1
Semi-urban,30483.0,2,6.6,2,5,1,2,2,65.6,60.4,0,3,0
Rural,36369.0,1,17.72,0,8,2,1,3,69.2,67.2,0,7,0
Rural,8728.0,0,7.27,0,5,2,2,1,79.5,72.8,0,5,0
Semi-urban,9959.0,0,31.3,1,7,2,1,3,75.5,45.1,0,4,0
Rural,7624.0,1,40.87,0,4,2,3,1,61.1,74.6,0,10,1
Urban,13662.0,1,12.0,1,3,1,2,3,42.8,52.8,1,9,0
Rural,35420.0,1,14.83,2,8,2,3,2,53.1,75.8,0,6,0
Urban,10346.0,1,9.2,1,7,3,2,3,56.9,71.8,0,3,0
Urban,14589.0,0,1.4,0,3,2,3,1,89.3,66.3,0,10,0
Rural,5689.0,2,19.5,0,8,3,1,3,77.6,64.0,2,9,0
Urban,8142.0,0,10.7,0,9,3,2,2,65.5,76.9,0,7,0
Semi-urban,7808.0,2,28.0,1,5,1,2,3,48.6,56.2,4,7,1
Semi-urban,4391.0,1,0.5,0,2,1,3,1,56.7,79.5,5,5,1
Semi-urban,3179.0,0,20.4,2,6,1,3,3,61.3,48.1,7,7,1
Rural,13142.0,2,2.9,1,9,3,1,3,71.1,89.6,0,8,0
Semi-urban,10989.0,1,5.1,0,5,2,1,1,58.5,65.3,0,10,0
Rural,7299.0,0,10.5,0,4,1,3,1,94.6,85.2,0,9,0
Rural,5509.0,0,11.66,1,9,3,1,3,99.4,88.8,0,10,0
Semi-urban,3603.0,2,0.5,1,8,2,1,2,86.0,89.7,1,10,0
Semi-urban,7151.0,0,2.4,2,6,2,1,2,64.6,86.2,0,8,0
Rural,4892.0,0,2.6,1,4,1,2,2,32.6,56.9,1,3,1
Semi-urban,11250.0,1,12.6,1,7,3,1,1,10.0,55.5,2,5,0
Urban,4739.0,1,5.5,1,5,2,3,2,36.5,50.1,2,4,1
Semi-urban,8405.0,2,22.6,0,6,2,2,3,57.8,46.5,1,6,0
Semi-urban,5141.0,1,21.8,1,8,2,2,2,55.9,50.1,1,6,0
Urban,7581.0,1,9.1,0,2,1,2,2,61.3,86.7,0,6,0
Rural,2304.0,1,4.7,0,5,2,3,2,36.1,59.7,1,8,1
Rural,2000.0,0,2.1,2,5,2,3,2,57.4,55.0,2,7,1
Rural,9435.0,0,2.68,1,8,3,2,2,69.9,65.9,0,7,0
Semi-urban,6181.0,1,2.4,1,6,3,3,1,27.1,37.6,5,7,1
Semi-urban,3513.0,0,6.8,1,10,3,2,3,28.9,76.1,1,5,0
Urban,11122.0,1,6.7,2,4,1,2,3,27.3,39.8,2,9,1
Semi-urban,4585.0,0,1.3,0,5,2,2,3,25.6,46.2,1,7,1
Rural,5352.0,0,3.33,0,6,1,1,3,74.9,61.6,0,7,0
Semi-urban,7491.0,0,0.9,0,5,2,2,2,48.5,69.8,1,6,0
Semi-urban,3743.0,0,0.5,0,5,2,1,2,89.3,61.2,9,4,1
Semi-urban,49156.0,1,8.6,2,5,2,3,1,97.0,76.1,0,8,0
Urban,7660.0,2,11.5,0,5,2,1,2,15.6,45.3,2,4,1
Urban,11675.0,0,5.4,1,4,1,2,2,60.4,91.6,0,6,0
Semi-urban,17254.0,0,4.0,0,7,2,2,3,53.5,56.7,1,7,0
Semi-urban,33668.0,0,1.4,1,9,2,2,3,84.8,62.4,5,6,1
Urban,7296.0,2,1.5,1,4,2,3,2,75.4,100.0,0,8,0
Semi-urban,3185.0,0,3.1,2,2,2,2,1,46.7,37.2,0,3,1
Semi-urban,44706.0,0,28.5,1,5,2,2,1,32.3,46.3,2,7,1
Rural,4382.0,1,0.88,0,4,2,1,2,47.7,57.8,9,7,1
Urban,2922.0,0,1.7,2,9,2,1,2,88.8,93.2,0,6,0
Semi-urban,8850.0,1,10.1,2,7,2,2,3,94.3,54.4,3,6,0
Rural,9227.0,0,13.6,1,3,1,2,1,22.8,54.9,0,9,1
Rural,9404.0,1,4.79,1,3,1,3,2,60.8,79.0,1,7,1
Rural,2455.0,0,34.51,0,5,1,1,2,76.2,96.0,0,7,0
Rural,11755.0,2,11.83,0,3,3,1,1,72.6,56.2,1,7,0
Semi-urban,12180.0,1,3.9,0,7,2,3,2,24.5,52.7,0,6,0
Semi-urban,12819.0,2,14.9,1,10,2,2,3,68.1,80.0,7,6,1
Semi-urban,3586.0,0,0.5,1,3,1,3,1,25.1,52.6,1,5,1
Rural,9116.0,1,36.77,0,5,1,1,3,65.2,35.0,0,6,1
Urban,6792.0,0,7.1,1,8,2,3,2,44.6,55.8,2,6,1
Semi-urban,10837.0,1,10.4,2,5,3,2,3,52.8,38.9,0,9,0
Urban,12797.0,2,9.8,0,5,2,3,1,71.5,73.6,1,5,0
Urban,7943.0,1,1.9,2,10,3,3,2,92.3,70.6,0,8,0
Rural,9166.0,0,5.11,0,4,1,2,2,35.0,54.8,2,4,1
Semi-urban,13222.0,1,3.6,1,5,2,3,1,55.6,56.2,0,7,0
Semi-urban,6656.0,1,11.0,2,3,1,3,1,95.3,47.6,0,9,1
Semi-urban,10168.0,1,4.4,2,2,1,2,2,63.9,67.7,3,6,1
Urban,21150.0,1,7.8,0,10,2,1,3,67.5,62.5,0,2,0
Semi-urban,7159.0,0,7.1,2,4,2,1,1,70.9,36.8,0,8,1
Rural,17827.0,1,6.4,2,5,1,2,2,88.7,71.5,1,9,0
Rural,2272.0,0,1.96,1,5,3,3,2,73.0,54.7,0,4,1
Semi-urban,11012.0,1,2.0,2,3,1,3,1,30.4,47.4,1,8,1
Semi-urban,4909.0,0,3.6,1,8,2,2,3,83.3,55.1,0,8,0
Urban,15938.0,0,2.3,0,2,1,3,1,82.0,55.8,4,7,1
Rural,6748.0,0,7.46,1,8,3,1,2,75.7,60.1,1,8,0
Urban,5693.0,1,1.4,1,2,3,3,1,70.1,82.1,0,8,0
Semi-urban,11910.0,1,10.0,2,7,2,3,2,28.3,59.0,0,4,0
Rural,24105.0,0,2.62,2,4,2,3,2,19.2,52.9,1,8,1
Semi-urban,10646.0,0,6.1,0,4,2,2,1,52.4,66.8,1,7,0
Rural,10819.0,2,26.45,0,6,1,1,3,65.9,58.9,0,7,0
Urban,8799.0,2,4.8,2,4,1,2,2,69.1,82.0,0,8,0
Urban,12303.0,1,4.9,0,9,2,1,3,70.4,93.3,0,8,0
Rural,15544.0,2,16.18,1,6,2,1,3,88.5,45.3,0,3,0
Rural,6768.0,0,1.6,0,5,2,3,1,45.8,48.9,5,10,1
Urban,7505.0,1,0.8,2,8,2,1,2,16.1,35.0,0,5,0
Urban,12520.0,1,10.0,2,2,1,2,3,34.5,48.4,0,3,0
Semi-urban,4382.0,1,1.2,1,6,1,1,3,76.0,52.3,1,6,0
Semi-urban,6884.0,1,0.5,1,4,2,1,2,76.9,73.4,1,10,0
Semi-urban,9794.0,1,4.7,1,6,1,2,3,50.1,60.0,1,8,0
Semi-urban,5496.0,1,5.5,1,6,3,3,2,41.9,57.4,9,6,1
Urban,6694.0,1,18.1,1,10,3,2,3,60.9,57.1,0,9,0
Semi-urban,13746.0,2,8.4,1,3,1,3,2,27.7,79.2,1,8,1
Semi-urban,24865.0,1,8.8,2,10,2,1,3,72.3,43.7,0,3,0
Urban,14034.0,1,5.0,1,10,3,2,3,58.2,37.6,1,4,0
Semi-urban,6131.0,2,19.3,2,8,2,2,2,85.3,49.1,0,10,0
Rural,11768.0,1,6.3,0,3,1,2,1,84.9,65.6,0,9,0
Rural,29483.0,1,2.71,0,7,2,2,2,71.9,79.5,0,10,0
Semi-urban,20493.0,0,2.3,1,6,2,2,2,31.9,45.4,1,7,0
Semi-urban,7490.0,0,16.9,2,7,2,3,3,73.2,36.9,0,6,1
Semi-urban,14936.0,0,13.7,1,1,1,3,3,62.4,93.4,4,9,1
Semi-urban,7958.0,1,0.5,0,5,2,1,2,72.9,64.0,2,6,0
Semi-urban,17842.0,2,6.1,0,5,2,2,2,26.3,48.3,1,7,0
Rural,2000.0,2,24.39,1,5,2,1,3,51.0,54.6,0,6,0
Rural,16296.0,1,1.65,0,5,2,2,1,21.8,65.9,6,7,1
Rural,7683.0,1,1.97,1,8,3,3,2,69.3,42.7,0,4,0
Semi-urban,2012.0,1,2.8,2,5,2,3,3,43.2,55.0,0,8,1
Urban,22849.0,0,9.6,0,6,3,3,3,70.3,100.0,0,9,0
Urban,50000.0,0,2.1,1,3,1,2,2,24.1,55.5,2,4,1
Rural,4405.0,1,31.27,0,5,3,2,1,22.3,35.0,1,4,1
Rural,50000.0,2,32.06,0,5,2,1,2,31.6,69.9,1,6,0
Urban,33619.0,0,21.3,0,3,1,1,1,26.7,64.5,8,6,1
Rural,10959.0,0,26.48,0,9,3,1,3,58.2,42.3,1,4,1
Rural,20258.0,1,13.5,2,7,3,2,2,38.0,57.7,0,10,0
Urban,31087.0,0,15.1,0,3,2,3,2,40.1,43.2,3,9,1
Urban,10602.0,2,20.1,1,6,2,2,2,86.3,64.1,8,10,1
Urban,13809.0,0,5.2,1,5,1,1,3,98.4,78.3,1,7,0
Urban,25076.0,1,4.7,2,9,3,2,3,88.5,92.4,2,7,0
Urban,2701.0,2,4.7,2,5,3,3,3,89.9,64.1,0,6,0
Urban,34674.0,2,0.5,1,9,3,3,3,67.8,63.1,0,7,0
Urban,17634.0,1,11.3,0,4,1,1,2,66.1,47.6,0,6,0
Semi-urban,3818.0,0,10.8,2,2,1,2,1,57.0,42.5,5,7,1
Semi-urban,19227.0,2,7.7,0,7,2,2,3,59.1,45.0,3,6,0
Semi-urban,5135.0,1,7.0,1,4,2,3,1,13.3,85.9,1,6,1
Semi-urban,4512.0,1,4.4,1,5,2,2,3,79.2,47.3,3,10,0
Semi-urban,23584.0,2,4.7,2,7,3,1,1,65.7,60.8,4,7,1
Rural,11385.0,0,19.29,1,7,2,3,3,41.6,65.8,2,5,1
Semi-urban,10581.0,0,0.8,1,3,2,3,2,59.0,82.5,6,9,1
Rural,47708.0,1,13.42,1,4,1,3,2,63.6,43.0,1,5,1
Rural,8058.0,1,42.02,1,4,2,3,3,10.0,56.3,1,8,1
Semi-urban,4097.0,1,0.7,1,7,3,2,1,68.0,53.3,0,5,0
Semi-urban,12775.0,1,1.6,2,7,2,3,2,43.9,49.6,1,5,0
Semi-urban,12101.0,0,8.7,2,3,1,3,3,49.5,81.2,5,7,1
Rural,18442.0,0,12.8,1,4,2,2,3,62.9,47.0,0,6,1
Urban,11317.0,0,3.5,2,3,1,2,3,61.0,54.4,1,7,1
Urban,18986.0,1,7.4,0,3,1,1,3,58.6,50.3,1,10,0
Rural,4142.0,1,18.97,0,4,2,3,3,29.6,70.7,3,8,1
Rural,50000.0,0,28.0,2,5,3,3,2,40.5,37.7,3,10,1
Urban,9125.0,0,1.4,1,6,2,3,1,77.0,75.1,1,7,0
Semi-urban,29617.0,0,2.3,2,2,2,3,1,35.1,56.0,1,6,1
Urban,25263.0,1,1.3,0,3,1,2,3,68.2,46.4,0,5,0
Urban,24441.0,1,1.0,1,5,1,3,2,56.1,46.6,0,8,0
Rural,6356.0,0,29.46,2,8,3,3,2,77.4,35.0,0,4,1
Urban,16421.0,2,13.4,1,3,1,3,1,44.2,70.1,3,10,1
Rural,7136.0,1,9.06,1,4,1,3,1,38.1,62.4,1,9,1
Urban,46758.0,1,3.7,1,9,2,2,3,40.8,54.4,1,6,0
Semi-urban,8650.0,1,3.0,0,10,3,1,3,17.6,88.0,8,6,1
Urban,11597.0,0,7.4,0,4,1,2,3,27.4,35.0,1,7,1
Rural,7764.0,1,15.53,1,5,3,2,2,71.7,78.9,0,7,0
Rural,5739.0,0,3.54,1,9,2,2,2,17.4,68.5,9,6,1
Semi-urban,8779.0,2,16.2,0,3,1,2,3,71.6,76.9,6,8,1
Rural,4321.0,0,10.89,0,3,2,3,1,53.6,47.2,1,10,1
Urban,6480.0,0,8.7,2,4,1,2,3,86.6,88.9,0,8,0
Semi-urban,9436.0,1,5.8,0,8,2,1,3,77.8,55.5,0,7,0
Urban,7035.0,0,19.9,2,4,1,1,2,84.9,62.6,0,10,0
Urban,37435.0,2,9.7,2,2,1,3,1,81.7,85.0,0,6,0
Urban,21561.0,1,16.0,0,6,2,1,2,96.3,93.3,0,5,0
Rural,2682.0,0,2.98,2,9,2,2,3,77.7,77.4,1,6,0
Rural,14949.0,2,2.37,1,7,3,1,3,61.6,56.3,0,4,0
Rural,3432.0,0,6.9,0,10,3,2,2,59.8,58.2,1,3,0
Urban,30093.0,1,4.6,1,7,2,2,2,65.6,50.6,2,7,0
Rural,28579.0,0,28.29,1,7,2,1,3,72.5,59.4,0,9,0
Rural,10106.0,1,19.67,0,7,2,2,2,53.9,44.2,0,9,0
Semi-urban,17011.0,1,0.5,1,3,1,2,2,84.4,58.1,0,8,0
Rural,2384.0,0,15.06,0,9,3,2,2,89.2,90.5,0,7,0
Semi-urban,21144.0,0,9.9,1,4,1,1,3,29.4,52.3,1,6,0
Rural,19443.0,2,3.83,0,7,2,2,2,66.7,67.8,0,4,0
Urban,29377.0,1,15.6,1,4,1,1,2,70.4,64.5,1,7,0
Semi-urban,5996.0,0,3.7,1,7,2,1,2,92.1,98.1,0,8,0
Urban,26997.0,0,4.0,0,6,3,2,1,60.4,60.6,1,5,0
Rural,6022.0,1,0.76,0,5,3,3,2,59.5,35.0,6,5,1
Semi-urban,3120.0,0,4.3,1,5,1,1,3,34.1,47.8,1,4,1
Semi-urban,5560.0,1,5.8,1,7,3,2,2,73.1,63.7,1,9,0
Semi-urban,28834.0,1,17.4,0,3,1,1,1,59.4,81.1,1,8,1
Urban,16956.0,0,3.9,1,3,2,3,2,62.3,85.3,0,8,1
Semi-urban,6576.0,1,0.7,1,1,2,3,1,70.1,89.0,3,9,1
Rural,7009.0,1,4.49,2,7,3,3,1,55.8,57.9,3,5,1
Urban,41051.0,0,6.7,1,10,2,1,3,85.2,62.8,2,6,0
Urban,8285.0,1,8.3,2,5,1,1,3,40.7,71.0,7,6,1
Urban,34819.0,0,0.5,0,5,1,2,2,78.4,75.7,0,6,0
Semi-urban,29656.0,2,2.6,1,7,2,2,3,38.4,44.8,2,6,0
Rural,10350.0,0,2.59,2,5,1,2,3,10.0,48.3,4,8,1
Semi-urban,7096.0,1,2.5,0,3,2,3,3,65.6,69.0,0,8,0
Urban,50000.0,0,1.2,0,3,3,3,1,35.3,64.2,3,4,1
Semi-urban,3680.0,1,10.2,2,7,2,2,2,80.6,64.0,0,8,0
Urban,20170.0,1,5.2,1,8,2,2,2,88.9,44.7,0,3,0
Semi-urban,9098.0,1,6.0,0,5,1,2,2,58.8,37.4,6,9,1
Urban,22293.0,1,33.0,2,8,2,2,2,51.6,73.4,1,5,0
Rural,22535.0,2,7.84,1,5,2,3,1,38.3,53.3,1,6,1
Urban,23813.0,1,4.1,1,7,2,3,2,41.2,77.1,2,10,0
Semi-urban,10566.0,0,11.1,0,6,3,3,1,90.1,74.4,0,9,0
Semi-urban,2666.0,0,15.1,0,7,2,1,2,72.7,72.9,6,10,1
Urban,6589.0,1,17.6,0,7,2,3,2,51.7,55.7,1,10,0
Semi-urban,13776.0,2,1.7,1,2,2,3,1,85.1,89.6,0,7,0
Urban,21381.0,0,9.4,2,3,1,2,3,90.3,78.7,0,7,0
Urban,9208.0,1,13.5,1,6,1,1,2,56.8,52.2,1,8,0
Semi-urban,3674.0,0,8.1,0,4,2,2,2,66.3,77.7,0,8,0
Semi-urban,8513.0,0,14.8,2,4,1,1,2,28.5,40.7,2,7,1
Urban,14330.0,0,8.0,0,4,1,3,2,81.9,67.0,0,5,0
Urban,11762.0,1,1.4,1,7,2,2,3,58.0,55.1,1,10,0
Rural,5592.0,1,1.76,1,3,1,1,1,66.3,63.9,0,9,0
Urban,15442.0,2,11.3,0,5,2,3,2,69.4,68.7,2,9,0
Semi-urban,23283.0,1,6.7,0,2,3,3,2,44.6,57.4,1,7,1
Semi-urban,3186.0,1,11.2,2,9,2,2,2,64.0,64.6,0,8,0
Semi-urban,13096.0,2,14.3,1,1,1,3,1,14.4,60.9,2,6,1
Semi-urban,20356.0,0,2.0,1,5,1,2,3,88.1,83.8,0,8,0
Semi-urban,6346.0,0,0.9,0,7,2,1,3,70.4,38.4,1,4,0
Semi-urban,10089.0,2,4.2,1,6,3,3,3,58.3,67.5,0,9,0
Urban,14307.0,1,11.0,2,4,1,1,2,18.1,51.6,0,8,0
Rural,2369.0,1,41.64,1,4,1,1,2,77.8,64.3,0,6,0
Semi-urban,19812.0,1,5.8,2,4,2,1,1,73.4,91.0,0,6,0
Urban,9534.0,1,5.2,2,3,1,1,3,61.9,69.3,0,7,0
Rural,25907.0,1,1.37,1,6,3,1,2,42.2,83.5,0,8,0
Rural,23173.0,1,8.12,2,9,2,1,3,80.3,58.1,1,5,0
Semi-urban,29553.0,1,0.5,1,6,3,3,1,94.8,70.7,0,8,0
Urban,41790.0,0,5.2,0,4,1,2,3,22.0,67.3,0,7,0
Semi-urban,10771.0,2,10.7,0,3,1,2,2,59.4,42.4,1,7,0
Rural,6636.0,0,5.36,0,9,2,1,2,69.8,35.5,0,7,0
Rural,14866.0,0,0.67,0,4,3,3,1,54.1,51.0,6,4,1
Semi-urban,7134.0,0,5.6,0,6,2,2,2,50.4,57.3,1,5,1
Rural,9060.0,0,31.32,0,3,2,3,1,50.4,100.0,1,8,1
Rural,2286.0,0,50.0,0,3,2,3,1,57.0,75.9,0,3,1
Semi-urban,10303.0,2,33.7,2,7,2,2,3,52.6,35.0,0,6,1
Urban,4611.0,1,2.6,1,6,3,2,2,37.6,55.9,1,6,0
Semi-urban,5704.0,2,15.1,1,7,3,2,2,94.2,89.2,0,6,0
Urban,18520.0,0,8.7,1,6,2,3,3,68.8,69.5,0,7,0
Semi-urban,26613.0,0,17.0,1,5,2,1,1,63.3,66.6,0,6,0
Semi-urban,3781.0,1,13.1,2,3,2,3,3,30.4,45.6,3,7,1
Semi-urban,8414.0,2,4.4,1,3,1,1,1,66.5,56.0,0,4,1
Urban,4689.0,0,16.2,1,8,2,1,2,54.2,54.7,0,6,0
Urban,16388.0,2,11.0,1,4,1,2,3,60.2,68.6,7,4,1
Urban,18768.0,0,46.7,2,3,1,1,2,32.7,44.9,1,7,1
Rural,10065.0,1,6.84,2,5,2,3,2,41.0,67.6,2,10,1
Rural,4251.0,0,7.62,1,5,3,3,1,64.9,51.0,0,9,1
Urban,3354.0,1,7.7,1,8,2,1,2,64.7,41.2,0,6,0
Semi-urban,2719.0,2,7.4,0,7,2,1,2,47.2,40.0,1,6,0
Urban,6004.0,1,4.3,1,4,1,3,1,60.5,44.0,4,10,1
Semi-urban,11712.0,0,3.7,0,7,3,1,2,92.6,100.0,4,6,0
Rural,5963.0,1,28.2,1,8,3,2,1,47.5,38.1,1,6,1
Semi-urban,25336.0,2,18.3,2,10,3,2,2,68.5,75.7,2,7,0
Urban,7957.0,1,1.1,1,6,3,1,2,10.0,35.6,4,7,1
Urban,3434.0,2,0.5,1,4,1,1,2,73.7,67.4,3,7,0
Semi-urban,3799.0,1,29.4,1,3,2,2,2,33.8,79.8,1,9,1
Urban,24130.0,1,3.2,0,4,1,1,2,28.8,63.9,0,9,0
Rural,9909.0,2,20.22,1,4,1,3,1,41.6,58.1,0,2,1
Rural,4569.0,0,9.22,0,7,2,3,2,63.0,39.9,0,8,1
Urban,2701.0,0,4.8,2,7,2,2,2,84.7,70.2,6,6,1
Rural,30430.0,1,1.25,2,8,2,1,3,58.6,46.9,2,9,0
Rural,20619.0,0,0.82,1,4,1,3,1,77.7,86.1,0,5,0
Semi-urban,10906.0,2,15.3,2,6,2,1,2,85.4,65.4,0,3,0
Urban,18218.0,0,1.5,0,7,3,3,1,47.6,65.7,2,8,0
Semi-urban,15473.0,0,12.5,0,7,2,2,2,85.8,53.3,0,7,0
Semi-urban,13749.0,0,3.3,0,3,1,2,2,48.4,59.8,1,10,1
Semi-urban,7707.0,1,12.6,1,5,2,1,1,24.1,62.2,1,6,1
Urban,16087.0,0,1.9,0,2,1,3,3,49.0,72.8,0,7,1
Semi-urban,22830.0,0,4.0,1,6,2,3,1,63.6,35.0,0,2,1
Semi-urban,8178.0,1,7.9,1,3,2,3,2,64.1,46.4,4,4,1
Urban,31682.0,0,21.9,0,3,1,2,2,48.3,43.4,1,2,1
Urban,40759.0,0,16.6,1,10,3,3,3,73.1,52.0,1,7,0
Semi-urban,4955.0,0,3.3,1,5,2,3,2,61.3,77.4,3,6,1
Semi-urban,50000.0,0,1.9,0,8,2,2,3,69.9,60.9,0,7,0
Rural,12199.0,1,1.03,1,3,3,3,1,79.4,88.2,0,10,0
Rural,3329.0,0,2.54,1,2,1,3,2,60.0,56.6,0,3,1
Semi-urban,6723.0,0,5.9,1,6,2,1,2,74.4,41.8,0,6,0
Semi-urban,13469.0,2,5.5,1,5,2,3,1,43.3,62.0,3,9,1
Rural,9760.0,0,5.2,2,5,2,3,1,82.4,53.6,0,9,1
Urban,15515.0,0,2.7,1,1,1,3,3,10.0,61.3,7,9,1
Urban,5423.0,0,0.5,0,4,2,2,2,54.8,65.0,1,8,0
Urban,32336.0,0,0.5,0,7,2,1,3,92.8,71.7,0,7,0
Rural,21200.0,0,50.0,0,2,1,2,1,78.5,56.1,2,7,1
Semi-urban,9805.0,2,16.0,0,4,2,2,1,72.4,40.8,0,3,0
Urban,50000.0,2,2.8,2,5,2,2,2,59.6,44.7,1,5,0
Urban,13944.0,0,1.4,0,7,2,2,2,75.4,66.0,1,9,0
Semi-urban,11458.0,0,1.0,2,9,3,3,1,45.7,68.8,9,5,1
Semi-urban,10590.0,1,4.0,1,6,1,2,3,26.4,64.6,1,8,0
Rural,7637.0,2,0.76,0,5,1,2,2,72.4,48.6,0,6,0
Urban,12110.0,2,8.0,1,2,2,3,1,53.6,64.5,4,5,1
Urban,13256.0,0,14.9,2,6,2,1,3,88.1,65.1,0,5,0
Urban,8353.0,1,2.8,0,5,1,3,2,25.2,57.0,4,5,1
Rural,4421.0,1,0.67,0,8,2,2,2,36.3,35.0,1,7,1
Rural,4950.0,0,0.66,1,8,2,2,2,86.4,83.9,1,8,0
Urban,21858.0,0,5.3,0,4,2,2,1,27.4,86.5,1,8,0
Rural,5603.0,2,6.39,0,7,2,2,2,78.1,41.6,0,6,0
Rural,10999.0,0,7.19,0,4,2,3,1,33.4,35.0,1,7,1
Semi-urban,11940.0,1,16.8,0,8,3,3,1,14.7,95.7,0,8,0
Rural,5555.0,0,24.65,2,5,2,2,1,42.4,74.8,2,5,1
Urban,2000.0,0,2.2,0,2,1,3,1,63.3,67.4,0,6,1
Semi-urban,29267.0,0,3.1,1,5,1,2,2,21.8,61.3,2,5,1
Rural,4276.0,1,6.85,1,3,2,3,2,43.9,39.4,3,5,1
Urban,11380.0,0,7.2,1,3,1,3,1,46.7,74.5,2,9,1
Rural,6317.0,0,2.83,0,3,1,1,2,69.7,100.0,7,10,1
Semi-urban,6204.0,0,2.1,1,9,3,1,3,30.1,39.0,1,6,0
Semi-urban,50000.0,2,2.6,2,6,2,2,2,12.1,47.9,6,5,1
Rural,21445.0,2,37.41,2,6,2,2,1,54.9,43.7,1,5,1
Urban,12046.0,1,7.6,1,6,2,2,1,65.7,52.3,0,3,0
Rural,8955.0,0,6.09,0,6,2,3,2,30.5,43.6,9,6,1
Rural,6906.0,0,9.26,1,5,2,3,2,85.8,71.7,0,6,0
Semi-urban,12001.0,1,0.6,0,6,2,3,1,71.7,66.0,0,6,0
Semi-urban,9835.0,0,3.7,1,6,2,3,1,35.0,88.8,0,8,1
Rural,2429.0,1,1.28,0,9,2,1,2,76.8,58.7,0,4,0
Rural,3897.0,1,2.23,0,3,1,1,3,18.3,69.2,3,8,1
Semi-urban,4554.0,2,10.4,1,8,2,3,2,52.0,42.3,0,8,0
Rural,10675.0,1,7.86,0,2,1,3,2,51.0,76.8,7,8,1
Semi-urban,13895.0,0,2.1,1,10,3,1,2,77.0,54.9,0,4,0
Semi-urban,22811.0,0,25.0,2,8,2,2,2,30.2,66.4,5,7,1
Urban,12533.0,0,6.6,0,5,3,1,1,38.9,88.1,1,6,0
Rural,8916.0,1,2.83,1,7,3,3,2,22.3,49.4,0,10,0
Semi-urban,9379.0,2,18.2,1,1,3,2,1,26.1,65.2,1,6,1
Urban,5424.0,1,4.1,1,6,2,2,2,73.1,62.9,2,8,0
Urban,6834.0,1,8.8,1,9,3,2,2,64.3,75.6,0,7,0
Urban,8993.0,1,9.6,2,4,1,2,3,90.0,46.4,0,8,0
Semi-urban,35588.0,0,2.4,0,10,3,3,2,92.7,52.4,0,10,0
Semi-urban,6674.0,0,0.7,0,3,1,1,2,24.0,55.4,3,6,1
Rural,6911.0,0,4.21,2,4,2,3,1,80.3,97.5,2,8,1
Semi-urban,22287.0,2,12.6,0,5,2,3,2,10.7,53.6,0,3,0
Urban,4836.0,1,1.3,0,4,3,3,2,74.7,100.0,0,8,0
Semi-urban,27245.0,2,23.8,1,5,1,1,2,54.4,51.3,1,6,0
Semi-urban,38445.0,0,0.5,0,1,1,3,2,14.8,53.1,2,6,1
Urban,4113.0,0,0.5,2,6,3,2,2,69.1,41.6,0,6,0
Rural,29515.0,2,15.25,1,6,2,1,3,76.7,66.2,0,8,0
Semi-urban,23266.0,0,1.1,1,6,2,2,3,36.4,44.1,1,6,1
Urban,2561.0,1,26.5,1,8,2,1,2,74.0,79.3,3,9,0
Semi-urban,3453.0,0,0.5,0,1,2,3,1,68.1,46.6,0,3,1
Urban,9678.0,0,14.3,1,3,1,3,1,81.8,65.6,1,8,1
Urban,17234.0,0,4.5,0,2,1,3,2,30.0,90.2,1,10,1
Rural,4719.0,1,14.17,1,8,3,1,1,21.6,50.3,1,6,0
Urban,10905.0,0,24.8,1,8,2,2,2,82.7,94.3,6,7,1
Urban,12774.0,1,10.2,0,5,2,3,2,98.1,47.1,0,7,0
Semi-urban,6386.0,0,2.3,2,3,1,2,1,33.3,39.6,3,10,1
Semi-urban,17066.0,0,6.3,0,10,3,1,3,24.0,40.7,1,10,0
Rural,29878.0,1,15.51,2,9,2,2,3,38.7,63.9,2,6,0
Semi-urban,21517.0,1,26.5,2,8,3,2,1,42.4,52.5,8,5,1
Semi-urban,9651.0,1,5.6,0,3,2,2,1,56.8,51.5,5,8,1
Urban,15241.0,0,1.7,0,7,2,2,2,79.9,73.4,0,7,0
Semi-urban,3491.0,1,3.5,0,8,3,1,3,93.2,69.6,1,7,0
Urban,22815.0,0,10.9,2,4,2,3,3,46.1,35.0,1,5,1
Semi-urban,6436.0,0,6.3,2,4,1,3,1,46.5,60.7,8,6,1
Urban,21370.0,0,24.7,1,6,2,3,3,43.9,45.7,2,6,1
Urban,5718.0,0,3.7,2,10,3,2,3,58.4,46.7,2,4,0
Rural,6449.0,0,4.74,1,5,3,3,1,17.1,59.0,1,8,1
Semi-urban,30229.0,0,7.4,0,10,2,2,3,62.4,79.6,0,4,0
Rural,11133.0,2,10.95,1,6,3,1,3,16.7,51.9,0,10,0
Semi-urban,2726.0,1,20.1,1,8,3,2,2,69.3,75.1,0,7,0
Urban,23621.0,1,7.4,2,7,2,2,3,42.6,64.0,1,7,0
Semi-urban,21627.0,1,4.5,2,3,1,2,1,92.4,56.3,0,9,0
Semi-urban,3052.0,1,3.1,0,7,2,1,2,71.4,66.0,2,6,0
Rural,7550.0,2,24.42,0,8,3,2,2,18.0,79.0,0,10,0
Rural,7444.0,0,1.36,0,4,2,2,3,65.9,35.0,0,4,1
Semi-urban,8359.0,1,6.9,0,8,2,2,3,63.4,68.7,0,7,0
Semi-urban,6101.0,0,0.5,0,4,1,2,2,69.9,71.5,0,9,0
Urban,11401.0,0,10.8,1,7,1,2,2,73.3,56.4,6,4,1
Urban,16063.0,1,1.1,1,10,3,1,3,66.1,41.8,0,3,0
Rural,2460.0,0,4.04,2,8,3,2,3,86.2,76.1,0,4,0
Urban,10670.0,2,14.3,1,5,2,3,1,70.6,53.2,2,6,0
Rural,2617.0,0,19.73,1,3,1,1,2,73.4,51.3,1,9,1
Rural,27526.0,1,0.75,0,1,2,3,1,90.4,100.0,0,6,0
Semi-urban,11001.0,0,16.0,0,5,2,2,1,24.9,76.0,9,8,1
Rural,3429.0,1,3.97,1,7,2,1,1,49.2,83.5,0,10,0
Rural,23159.0,0,3.12,0,2,1,3,1,79.3,85.2,5,3,1
Urban,11119.0,2,7.1,0,5,3,3,1,76.3,46.5,0,6,0
Urban,17136.0,0,4.4,1,5,1,1,3,72.4,56.8,2,7,0
Urban,34298.0,2,7.9,0,3,3,3,2,34.7,61.6,2,8,1
Urban,3815.0,2,4.0,1,10,2,2,3,83.0,87.1,0,6,0
Urban,29069.0,1,6.9,2,9,2,2,3,75.5,90.0,1,5,0
Semi-urban,6024.0,0,2.0,0,2,2,2,3,60.5,58.9,1,5,1
Rural,2000.0,0,8.44,0,10,3,2,2,41.2,68.4,9,3,1
Rural,2960.0,0,1.7,1,6,2,3,1,54.8,37.3,1,7,1
Urban,14719.0,1,13.4,1,5,2,2,1,20.4,52.7,9,6,1
Rural,6096.0,0,19.32,2,3,2,3,1,97.6,69.4,0,6,1
Rural,9010.0,0,9.22,1,3,1,3,3,66.9,54.4,2,5,1
Rural,12864.0,0,19.76,0,3,2,3,1,80.8,71.2,0,5,1
Urban,16824.0,1,1.6,0,6,2,2,3,10.0,74.3,4,8,1
Semi-urban,9370.0,0,12.8,2,4,1,3,2,57.3,58.4,1,7,1
Semi-urban,3133.0,1,14.0,1,3,1,2,2,49.9,36.9,2,8,1
Rural,7207.0,0,10.13,1,7,3,3,3,44.3,51.5,0,7,1
Rural,4693.0,1,2.94,1,3,1,2,3,87.8,83.6,0,7,0
Rural,5739.0,0,33.82,0,9,2,1,3,15.3,44.8,7,8,1
Urban,5983.0,1,8.0,2,4,1,2,2,81.6,53.6,0,7,0
Semi-urban,13646.0,1,3.9,2,5,2,3,3,49.4,42.8,1,9,1
Semi-urban,47687.0,1,2.7,0,3,2,2,1,75.5,75.4,7,8,1
Urban,12008.0,0,18.6,1,6,3,1,3,84.7,68.9,2,5,0
Urban,7146.0,2,15.9,1,4,1,2,2,24.9,61.5,0,5,0
Semi-urban,32218.0,2,19.6,2,5,2,1,2,84.8,69.8,0,8,0
Urban,50000.0,0,11.8,1,5,3,1,2,71.8,77.7,0,10,0
Semi-urban,17350.0,0,3.6,1,6,3,2,2,21.4,49.9,1,7,1
Semi-urban,2474.0,1,9.5,0,10,3,2,2,60.5,54.6,1,8,0
Urban,7339.0,1,6.5,1,8,2,2,2,65.8,71.3,0,7,0
Semi-urban,26102.0,0,4.5,2,6,2,2,2,39.0,67.7,0,7,0
Semi-urban,10584.0,2,1.2,0,7,2,3,3,50.6,72.4,0,6,0
Semi-urban,22417.0,1,3.6,0,7,3,1,1,12.4,39.9,1,8,0
Semi-urban,17584.0,0,3.9,1,5,2,1,3,94.8,36.0,4,6,1
Semi-urban,10048.0,2,1.7,2,2,3,3,1,31.2,57.3,1,5,1
Urban,9623.0,2,10.2,2,3,3,3,3,70.1,64.1,0,10,0
Semi-urban,23050.0,0,6.1,1,3,2,2,1,29.0,81.1,6,7,1
Semi-urban,3571.0,0,10.8,0,3,1,1,2,89.7,63.8,3,6,1
Semi-urban,22818.0,1,7.0,1,7,2,3,3,35.4,56.4,3,6,1
Urban,5937.0,1,0.5,0,5,2,2,2,10.0,75.0,1,7,0
Semi-urban,7963.0,1,6.2,0,5,3,3,1,35.9,77.4,3,6,1
Urban,30367.0,0,3.3,1,6,3,3,2,62.2,43.5,0,6,1
Semi-urban,42997.0,2,8.8,2,9,2,2,3,57.1,46.2,1,6,0
Rural,2506.0,1,20.4,1,4,3,3,3,77.0,98.0,0,10,0
Semi-urban,2557.0,1,5.9,1,6,2,2,3,74.4,89.7,0,8,0
Urban,24873.0,2,0.5,0,6,2,2,2,20.1,83.1,4,8,0
Semi-urban,15088.0,1,2.0,0,7,3,3,3,56.4,60.5,4,10,1
Semi-urban,2905.0,0,1.4,0,6,2,1,3,61.4,62.7,0,7,1
Rural,7744.0,1,6.66,1,3,1,1,3,46.9,39.9,2,7,1
Rural,14318.0,2,6.43,0,8,2,1,3,10.0,82.7,1,8,0
Urban,12281.0,1,5.7,2,7,3,1,2,63.2,54.6,1,6,0
Urban,6008.0,1,7.1,2,4,1,3,2,84.6,53.5,1,4,0
Urban,16595.0,2,7.3,2,1,1,3,1,44.5,50.5,2,4,1
Semi-urban,12255.0,0,2.7,1,7,2,2,2,75.0,35.6,2,4,1
Urban,32795.0,1,5.8,0,6,3,3,2,72.2,93.3,3,8,0
Urban,8484.0,2,6.9,0,1,1,2,1,51.3,73.5,0,10,0
Semi-urban,40673.0,0,5.6,1,3,1,2,1,71.7,60.5,0,3,1
Semi-urban,10821.0,2,6.0,0,3,1,2,1,87.5,74.1,3,4,1
Urban,22358.0,0,17.7,1,10,2,1,3,73.8,78.1,3,5,0
Urban,46337.0,0,1.9,2,10,2,3,3,92.7,85.5,0,10,0
Semi-urban,10631.0,2,11.5,0,5,1,2,1,59.3,81.3,2,8,0
Semi-urban,9082.0,2,0.6,0,4,3,2,1,79.7,35.0,0,6,0
Urban,20244.0,1,1.9,1,5,2,3,1,13.7,82.7,4,6,1
Semi-urban,40629.0,0,3.9,1,4,2,3,1,82.3,71.4,1,8,0
Rural,3122.0,2,4.08,2,9,2,2,2,84.9,54.5,2,6,0
Urban,22665.0,0,0.5,1,2,1,3,2,65.5,63.3,0,6,0
Urban,16460.0,1,0.7,0,4,2,1,2,24.0,39.2,0,6,0
Urban,13356.0,0,0.7,0,8,3,3,2,89.0,61.6,0,6,0
Rural,14601.0,1,8.57,1,8,3,1,3,61.5,77.7,0,10,0
Semi-urban,10774.0,2,9.7,2,3,2,3,1,63.7,58.7,0,6,1
Urban,7873.0,2,1.0,1,1,1,2,1,79.8,41.6,0,9,0
Urban,4054.0,0,3.2,1,8,3,3,2,72.1,63.9,2,4,0
Rural,5560.0,2,18.88,0,4,2,2,2,34.5,35.0,2,7,1
Rural,4869.0,1,4.17,0,8,2,2,3,41.4,55.3,1,6,0
Rural,16759.0,1,11.04,0,3,1,2,2,75.5,78.0,0,5,0
Semi-urban,24484.0,2,5.4,0,8,2,3,2,37.0,60.6,0,5,0
Semi-urban,12716.0,1,5.6,0,4,1,1,2,20.7,60.3,7,6,1
Rural,17346.0,0,2.29,2,4,2,2,3,80.5,35.0,1,6,0
Semi-urban,33313.0,0,8.7,0,10,3,2,2,71.6,67.0,1,4,0
Semi-urban,11911.0,1,3.4,0,2,1,1,2,37.0,59.2,3,8,1
Semi-urban,10707.0,0,15.6,1,6,3,3,1,85.8,67.2,4,10,1
Rural,3865.0,1,10.63,1,4,2,3,1,68.6,88.4,7,5,1
Semi-urban,13091.0,1,5.3,0,4,1,1,3,54.1,61.5,5,10,1
Rural,4436.0,1,25.98,1,5,2,2,3,26.4,64.6,1,7,0
Urban,6207.0,1,3.7,0,3,2,2,3,80.9,66.9,0,8,0
Urban,5279.0,0,0.7,0,9,2,1,2,62.9,57.5,0,7,0
Semi-urban,4285.0,2,24.9,0,4,2,3,3,43.6,56.0,1,4,1
Urban,3614.0,0,15.5,1,8,2,2,3,93.0,71.3,0,6,0
Urban,9242.0,1,2.3,1,3,1,3,3,30.7,65.6,7,5,1
Rural,15143.0,1,1.1,1,6,3,3,2,32.8,40.4,6,5,1
Urban,8475.0,1,4.1,1,6,2,2,3,11.1,83.8,0,7,0
Semi-urban,19162.0,1,0.5,0,2,2,1,1,54.8,94.3,2,7,0
Semi-urban,19423.0,0,19.1,1,5,2,3,2,13.8,52.8,1,6,1
Semi-urban,8431.0,1,35.0,1,7,3,3,1,37.7,35.0,1,7,1
Semi-urban,10807.0,0,13.4,0,5,3,1,2,72.5,59.2,7,6,1
Semi-urban,3956.0,1,1.3,1,3,1,3,1,65.6,65.9,8,3,1
Urban,31195.0,1,2.8,1,7,3,3,1,88.7,87.9,8,8,1
Urban,10531.0,2,2.2,0,5,1,2,3,51.1,50.5,8,4,1
Rural,16435.0,0,22.04,0,5,2,3,2,33.5,92.7,1,9,1
Semi-urban,5546.0,0,2.6,2,4,1,2,2,52.6,62.9,0,7,0
Rural,9812.0,1,6.59,1,3,3,1,2,10.0,46.0,1,6,1
Semi-urban,10564.0,1,4.5,0,3,2,3,1,52.5,47.2,2,3,1
Rural,20741.0,0,49.24,2,6,2,2,2,61.7,51.6,3,10,1
Rural,8270.0,1,8.68,1,7,2,1,3,94.6,39.0,2,5,0
Semi-urban,4200.0,1,1.6,1,3,1,1,2,81.0,62.0,0,9,0
Urban,4023.0,0,3.0,0,7,2,1,3,94.4,74.0,0,8,0
Urban,5554.0,0,6.7,1,9,3,3,1,34.7,59.4,1,7,1
Urban,7199.0,0,12.2,1,10,3,1,3,84.5,67.3,1,7,0
Urban,6392.0,0,1.6,0,6,3,3,2,48.3,60.3,2,5,1
Rural,2337.0,1,5.2,0,8,2,2,3,63.4,73.1,0,3,0
Urban,9718.0,1,7.1,1,10,2,1,3,80.5,66.5,0,2,0
Semi-urban,3894.0,1,1.5,1,10,3,3,2,32.5,80.2,3,6,1
Urban,8371.0,1,9.5,1,1,2,3,2,70.1,74.0,0,7,1
Urban,24369.0,1,9.5,2,4,1,3,1,83.8,57.1,1,8,0
Urban,29401.0,1,21.8,0,7,2,2,3,48.6,63.6,7,5,1
Semi-urban,8493.0,0,24.4,0,4,1,3,3,81.7,35.0,0,5,0
Urban,33929.0,0,14.9,1,6,1,1,2,85.2,82.7,0,7,0
Rural,8342.0,0,35.84,2,5,3,3,1,79.5,61.6,1,7,1
Semi-urban,2127.0,1,6.0,1,3,3,2,3,63.7,54.8,1,5,1
Semi-urban,13821.0,2,11.4,1,9,2,1,3,62.4,88.3,2,8,0
Semi-urban,28932.0,0,28.0,1,4,1,1,2,42.4,69.4,1,10,1
Semi-urban,18015.0,2,14.4,1,7,3,1,3,86.7,35.0,0,4,0
Semi-urban,4669.0,0,2.7,0,3,1,2,1,85.7,41.8,1,8,1
Urban,19295.0,2,18.6,1,7,2,2,3,74.4,85.3,5,7,0
Semi-urban,3876.0,0,5.6,1,5,1,2,2,17.0,54.6,1,4,1
Semi-urban,21554.0,2,4.0,1,3,3,1,3,67.4,41.2,0,9,0
Urban,44081.0,2,15.4,2,2,1,3,1,62.9,59.6,0,7,1
Semi-urban,8163.0,0,2.3,0,6,3,3,1,43.9,73.0,1,3,1
Urban,24828.0,2,5.9,0,5,1,1,3,16.9,61.2,0,10,0
Urban,8458.0,0,0.8,1,5,3,2,1,35.5,73.1,1,6,0
Urban,27114.0,2,7.0,1,3,1,3,1,74.7,68.6,0,10,0
Urban,33043.0,2,9.6,2,2,1,3,1,26.0,69.1,2,9,1
Urban,6311.0,0,10.7,0,6,2,2,2,39.4,76.7,2,6,1
Semi-urban,23703.0,1,2.4,2,10,3,1,3,43.8,80.5,0,8,0
Rural,12172.0,0,13.22,1,8,2,1,2,48.6,39.7,0,9,0
Rural,4650.0,1,13.04,2,3,2,3,2,14.8,46.2,3,9,1
Semi-urban,5927.0,0,0.5,0,10,3,2,3,71.5,40.4,0,6,0
Semi-urban,5429.0,1,0.5,1,9,2,3,2,39.4,40.1,3,10,1
Urban,4368.0,0,1.4,1,6,2,2,3,59.1,74.4,0,4,0
Rural,6064.0,2,6.26,0,3,2,2,2,18.2,69.0,1,6,0
Semi-urban,39859.0,1,14.0,0,5,2,2,1,74.4,56.1,0,6,0
Rural,7068.0,0,8.99,0,6,2,2,2,26.0,38.7,1,10,1
Urban,33517.0,1,13.2,0,9,2,1,3,96.2,48.3,0,6,0
Urban,34427.0,2,10.2,0,5,2,3,2,26.5,47.6,1,3,0
Urban,5730.0,2,7.9,1,2,1,3,1,87.7,54.3,0,6,0
Rural,10654.0,0,18.74,1,8,2,1,3,72.5,82.1,1,10,0
Urban,5371.0,1,1.7,2,3,3,3,1,15.3,38.4,1,8,1
Rural,6612.0,0,6.54,0,4,2,2,2,56.7,40.0,3,8,1
Semi-urban,7232.0,2,4.4,0,4,1,3,1,34.0,60.3,6,4,1
Urban,49304.0,1,8.0,2,4,1,1,2,34.1,45.0,6,6,1
Semi-urban,42119.0,2,4.8,2,3,1,1,2,62.2,68.4,2,7,1
Semi-urban,8529.0,0,9.3,0,5,2,2,1,25.7,63.9,0,4,1
Urban,8344.0,2,6.1,2,4,1,2,2,78.5,75.2,1,3,0
Urban,3882.0,0,17.3,0,9,2,1,3,32.4,48.9,1,8,0
Semi-urban,4562.0,0,3.6,2,6,2,1,2,74.6,47.1,0,5,0
Semi-urban,10678.0,0,19.9,1,9,2,1,3,77.6,60.3,0,7,0
Rural,2559.0,1,0.71,0,4,1,3,3,10.0,55.2,4,6,1
Semi-urban,13236.0,0,12.1,0,6,3,2,3,60.9,58.2,0,6,0
Urban,6940.0,0,2.9,1,5,2,3,1,74.6,100.0,4,8,1
Urban,10746.0,0,8.2,1,6,2,2,1,75.5,56.8,1,4,0
Semi-urban,9895.0,2,6.1,2,10,3,2,3,24.1,40.4,7,8,1
Semi-urban,8888.0,1,0.6,2,8,2,1,3,79.3,55.5,0,6,0
Semi-urban,16330.0,0,6.8,0,10,2,2,3,81.6,70.8,1,4,0
Semi-urban,37869.0,2,2.0,1,7,2,2,2,38.4,35.0,1,3,1
Urban,11535.0,2,12.5,1,3,2,3,2,41.3,57.7,0,6,1
Urban,8367.0,1,1.8,0,6,2,2,2,51.1,47.0,6,7,1
Rural,16890.0,1,50.0,2,5,2,1,3,65.6,76.6,0,5,0
Semi-urban,16055.0,2,16.7,0,7,3,1,3,73.7,87.9,0,7,0
Urban,43410.0,1,16.7,0,7,3,2,2,21.9,60.0,1,6,0
Rural,9728.0,1,0.86,0,8,2,2,2,77.6,79.7,1,10,0
Rural,11856.0,1,9.83,1,7,3,3,1,63.7,59.1,8,6,1
Rural,14791.0,1,3.08,1,5,2,2,2,58.3,58.9,1,4,0
Semi-urban,5929.0,1,0.5,2,3,3,3,1,67.5,74.1,1,4,1
Semi-urban,28110.0,1,19.6,1,6,2,2,2,24.7,69.2,6,3,1
Semi-urban,13844.0,1,6.3,1,3,1,2,2,78.3,41.7,5,7,1
Semi-urban,50000.0,2,3.0,0,10,3,2,2,85.6,50.0,0,7,0
Semi-urban,44103.0,2,0.5,1,4,2,3,2,72.5,80.9,0,8,0
Rural,11446.0,1,3.19,1,8,3,1,2,63.4,79.8,0,10,0
Urban,3071.0,2,27.4,2,6,1,1,2,60.1,69.7,0,1,0
Semi-urban,5014.0,0,37.0,0,5,2,3,1,65.9,53.3,8,6,1
Semi-urban,13153.0,0,16.0,0,6,3,1,3,46.6,39.9,7,9,1
Rural,7246.0,0,7.07,0,9,3,2,2,68.3,87.3,0,8,0
Semi-urban,31245.0,1,2.3,1,10,3,2,3,62.5,81.9,0,10,0
Rural,17920.0,2,4.32,1,7,3,2,2,69.4,52.3,0,5,0
Rural,12133.0,0,14.43,0,9,3,3,2,59.8,63.1,1,7,0
Rural,5462.0,1,4.47,1,4,2,1,3,10.0,68.8,0,7,0
Semi-urban,6150.0,2,0.7,0,2,1,1,1,80.6,62.8,0,5,0
Urban,3813.0,1,0.5,1,8,3,3,3,62.3,99.3,2,8,0
Rural,6327.0,1,12.39,0,5,3,2,3,61.7,59.2,1,5,1
Rural,4622.0,2,50.0,0,5,2,2,1,11.9,45.3,5,6,1
Semi-urban,28857.0,2,14.4,2,8,2,2,1,78.7,36.9,0,5,0
Rural,9537.0,0,12.44,0,6,2,3,2,69.0,39.3,0,8,1
Semi-urban,3537.0,1,11.7,0,5,2,3,1,17.6,45.7,3,10,1
Rural,9074.0,0,23.02,1,4,1,3,1,23.0,35.0,3,3,1
Rural,3098.0,0,15.35,1,3,3,3,1,45.6,51.8,2,6,1
Semi-urban,16519.0,1,3.9,2,1,1,3,2,26.5,35.0,2,5,1
Semi-urban,8611.0,1,13.9,2,5,2,3,2,22.6,52.0,1,6,1
Urban,21394.0,1,7.8,2,6,3,3,3,69.8,35.0,1,3,1
Rural,13037.0,1,2.76,1,9,2,1,2,67.5,72.8,4,9,0
Urban,8789.0,1,1.8,0,7,3,3,1,42.9,38.3,4,8,1
Rural,2000.0,2,8.8,0,8,2,3,2,84.4,71.2,6,5,1
Semi-urban,24613.0,2,0.5,0,7,2,1,3,25.8,89.7,1,8,0
Rural,13040.0,0,32.04,0,4,2,3,3,49.8,50.6,9,9,1
Rural,3841.0,2,2.27,1,5,3,2,2,66.0,76.0,2,7,0
Urban,8008.0,0,15.5,0,6,2,3,2,19.4,38.4,1,7,1
Urban,9485.0,1,3.8,2,9,2,2,3,68.5,66.0,1,8,0
Semi-urban,4413.0,2,1.7,1,7,2,1,3,88.0,41.9,0,5,0
Urban,5194.0,0,5.9,0,6,2,2,2,57.0,68.7,1,10,0
Urban,13518.0,0,0.5,2,6,2,1,2,64.2,83.3,0,8,0
Semi-urban,3114.0,1,7.7,0,9,3,2,2,72.3,61.5,0,8,0
Rural,33849.0,1,1.04,0,3,1,1,1,91.5,78.4,2,9,0
Semi-urban,8544.0,1,4.8,2,3,1,3,1,29.1,66.8,5,6,1
Urban,31543.0,1,5.6,2,5,2,2,1,43.6,54.6,1,5,1
Urban,11688.0,2,9.5,0,3,2,3,2,73.8,43.2,0,8,0
Urban,24482.0,2,2.0,0,6,2,1,2,46.4,60.5,0,7,0
Semi-urban,36882.0,0,5.5,1,4,1,1,2,17.7,71.7,2,7,0
Rural,3654.0,1,5.94,1,5,1,2,2,93.8,90.7,0,6,0
Rural,2164.0,1,0.81,2,2,1,2,1,15.0,56.4,1,5,1
Urban,10631.0,0,13.2,0,7,2,3,2,87.2,51.7,1,7,0
Semi-urban,10869.0,2,4.2,0,6,1,2,3,15.3,85.1,2,7,0
Rural,20235.0,1,14.86,1,6,2,3,1,88.8,60.3,0,7,0
Rural,26288.0,2,34.66,1,4,2,1,2,53.6,54.7,0,7,0
Rural,5852.0,2,27.42,0,6,3,1,2,53.3,65.7,1,4,0
Semi-urban,6401.0,0,3.4,2,6,2,1,1,39.5,46.6,3,5,1
Urban,10107.0,0,3.2,0,4,2,3,2,50.0,36.0,1,5,1
Urban,8570.0,0,12.4,1,7,3,2,1,65.4,58.1,0,2,0
Semi-urban,5060.0,1,0.8,1,5,3,1,3,77.0,92.0,5,8,0
Urban,44766.0,0,14.8,0,6,1,1,3,71.3,77.1,0,5,0
Urban,49797.0,1,3.9,2,7,3,3,2,54.6,48.5,0,5,0
Semi-urban,4716.0,0,0.5,0,5,1,3,2,68.8,72.1,0,7,0
Rural,12431.0,0,7.94,0,4,2,2,1,52.7,84.0,1,5,1
Rural,2061.0,1,13.27,1,9,3,2,3,82.1,39.2,0,3,0
Rural,11818.0,1,1.76,1,6,2,2,2,42.1,71.3,1,8,0
Semi-urban,38015.0,1,13.4,1,5,2,2,2,89.0,59.1,0,10,0
Rural,7228.0,2,2.54,0,2,1,3,1,74.4,63.5,3,5,1
Rural,2467.0,1,26.9,2,8,2,2,2,44.1,44.3,1,7,1
Rural,12679.0,1,7.53,2,1,1,3,1,90.1,57.7,2,8,1
Rural,8221.0,1,7.56,1,1,2,3,1,20.4,65.4,1,8,1
Semi-urban,9467.0,1,29.3,1,4,2,3,2,56.8,53.6,0,9,1
Rural,3122.0,0,8.87,0,7,1,2,3,30.5,62.7,1,10,0
Rural,5596.0,1,36.05,0,6,2,2,2,63.9,75.2,0,8,0
Urban,24770.0,0,0.5,1,4,1,2,3,87.4,60.3,0,7,0
Rural,4423.0,1,11.9,1,10,3,3,3,49.3,55.7,1,7,0
Urban,7646.0,2,3.2,1,8,2,3,2,76.8,48.7,1,8,0
Urban,16548.0,0,11.0,1,5,2,3,1,61.6,39.3,6,8,1
Urban,9901.0,1,5.7,2,6,1,1,2,62.8,57.3,6,10,1
Rural,7073.0,0,3.67,0,4,1,2,2,10.0,62.2,0,6,1
Urban,3556.0,0,3.7,1,5,2,3,1,60.6,76.0,5,10,1
Urban,5759.0,1,24.3,0,8,3,3,2,36.3,36.3,1,5,1
Rural,7125.0,0,1.6,2,6,2,3,2,87.4,51.5,0,5,1
Urban,17361.0,2,32.5,1,3,2,2,1,56.4,35.0,1,4,1
Rural,50000.0,0,19.55,0,3,1,3,2,52.7,46.0,0,8,1
Rural,3792.0,0,35.19,1,4,2,3,1,41.0,69.8,0,6,1
Rural,16402.0,1,20.93,0,5,1,2,2,58.1,61.4,1,10,0
Semi-urban,9087.0,1,12.1,1,10,3,2,2,44.8,65.6,1,7,0
Urban,13959.0,1,27.0,1,3,1,3,1,28.0,45.8,0,5,1
Semi-urban,8618.0,2,11.8,0,5,1,2,2,81.8,37.2,0,4,0
Urban,43749.0,0,11.7,1,6,2,2,1,29.5,70.3,1,10,0
Rural,2028.0,0,0.72,1,6,2,3,1,36.0,35.0,2,6,1
Semi-urban,4366.0,1,7.0,2,5,2,2,1,51.6,59.4,3,5,1
Semi-urban,20118.0,1,5.0,1,8,3,2,2,48.6,88.2,1,10,0
Urban,13231.0,0,1.8,0,7,2,2,2,19.2,91.5,1,8,0
Rural,4131.0,1,4.04,1,7,2,2,3,20.8,54.6,8,9,1
Semi-urban,3165.0,1,1.1,0,5,2,2,3,87.2,73.1,1,6,0
Semi-urban,4768.0,0,8.7,0,3,2,1,2,69.9,85.8,0,4,0
Semi-urban,11659.0,0,0.5,1,7,2,3,2,95.4,36.1,0,3,1
Semi-urban,18806.0,1,3.4,0,2,1,3,1,82.9,57.2,0,6,0
Semi-urban,16401.0,0,38.2,2,1,1,2,1,62.6,63.2,0,4,1
Urban,9829.0,2,29.0,0,2,1,3,1,46.9,78.6,1,10,1
Semi-urban,27720.0,0,1.6,1,4,1,1,2,70.2,45.3,0,7,0
Urban,2000.0,0,11.0,1,8,2,3,2,71.9,57.8,2,9,1
Semi-urban,7636.0,2,8.0,0,6,2,3,1,67.1,89.5,6,7,1
Urban,10268.0,0,3.9,0,6,1,1,3,68.8,83.7,1,5,0
Semi-urban,12952.0,0,5.7,0,2,1,3,2,60.3,72.4,0,8,1
Urban,14587.0,1,1.9,0,7,3,1,3,50.0,50.4,1,5,0
Rural,9185.0,0,4.23,0,7,1,2,3,75.1,63.3,8,3,1
Urban,41139.0,1,4.8,1,5,1,1,2,64.3,60.9,0,7,0
Urban,50000.0,0,4.6,1,10,3,2,3,62.2,66.9,0,10,0
Urban,45312.0,1,10.9,2,5,2,3,2,41.2,75.0,3,7,1
Urban,13262.0,1,2.7,0,10,3,1,3,50.8,78.0,1,7,0
Semi-urban,5871.0,1,2.0,1,7,1,2,3,75.4,60.2,0,4,0
Semi-urban,6198.0,0,2.7,1,6,2,2,2,95.2,91.8,0,5,0
Semi-urban,7143.0,1,4.2,0,7,2,2,3,60.8,72.5,1,6,0
Rural,3943.0,1,5.74,0,8,2,1,2,58.8,65.0,2,3,0
Urban,17181.0,1,3.2,0,10,3,2,2,93.8,79.1,0,8,0
Urban,4600.0,2,1.5,0,3,2,3,1,50.9,65.6,0,8,0
Semi-urban,6360.0,0,8.3,2,5,2,2,1,66.2,90.0,1,10,1
Rural,5696.0,1,28.96,2,7,3,1,3,63.8,51.5,0,4,1
Semi-urban,20137.0,0,9.1,0,8,2,2,3,63.6,81.7,0,8,0
Rural,2557.0,0,9.02,0,7,2,2,3,38.7,56.7,9,7,1
Urban,11208.0,1,20.5,1,10,3,2,2,69.1,74.8,0,5,0
Semi-urban,9519.0,2,17.6,0,3,3,3,2,24.6,64.3,1,6,1
Semi-urban,3746.0,2,14.9,0,4,2,3,3,64.3,75.0,0,6,0
Urban,3461.0,1,3.6,0,5,2,1,3,24.7,54.5,0,5,0
Rural,8970.0,0,31.99,2,5,1,3,1,52.7,68.5,0,7,1
Semi-urban,7098.0,1,27.9,2,3,2,3,2,31.8,48.0,0,3,1
Urban,8703.0,1,1.8,1,3,2,3,1,10.0,56.8,5,4,1
Rural,4722.0,0,7.73,0,6,3,3,1,59.4,62.9,0,7,0
Urban,11060.0,0,2.3,0,6,2,3,2,52.1,35.0,1,6,1
Rural,9495.0,1,3.72,0,6,2,2,2,36.2,89.2,1,9,0
Rural,6217.0,0,12.36,1,9,3,1,3,47.6,68.9,0,8,0
Urban,26618.0,1,8.2,1,7,1,1,3,63.8,68.1,0,6,0
Rural,29239.0,1,6.91,1,4,3,3,1,66.4,80.4,4,8,1
Urban,6186.0,0,9.4,0,2,1,3,1,56.0,61.0,1,7,1
Semi-urban,12545.0,0,0.8,1,5,3,2,1,47.8,65.3,1,10,0
Rural,7625.0,0,5.35,2,7,2,3,3,62.0,48.9,1,7,1
Urban,28373.0,0,0.8,1,5,1,3,1,17.1,55.5,0,10,1
Rural,14225.0,0,0.86,2,4,1,2,3,39.3,41.3,1,4,1
Urban,10969.0,2,4.1,0,9,2,1,2,95.7,83.6,0,8,0
Rural,3391.0,0,13.17,0,6,2,2,3,87.6,51.4,0,5,0
Rural,36203.0,0,3.17,1,6,3,3,1,75.8,70.0,0,7,0
Rural,21672.0,1,5.51,0,7,2,2,3,82.4,39.6,3,4,0
Urban,14051.0,1,7.3,0,2,2,3,2,64.1,92.5,0,8,0
Semi-urban,2650.0,1,1.9,0,6,3,2,3,51.0,81.5,1,6,0
Rural,4896.0,1,16.97,1,6,2,2,2,65.5,48.4,0,5,0
Urban,7265.0,1,8.3,1,10,2,2,3,49.2,35.0,1,6,0
Rural,2000.0,2,12.5,1,6,2,2,3,24.1,57.3,5,9,1
Semi-urban,12446.0,1,10.1,0,5,2,2,1,74.3,36.8,0,9,0
Semi-urban,17024.0,0,9.6,0,4,2,3,1,58.5,56.3,2,6,1
Urban,12375.0,1,2.2,1,5,3,3,1,58.6,71.3,1,8,0
Urban,9091.0,0,18.4,0,4,2,3,2,60.0,55.5,4,3,1
Semi-urban,7420.0,0,3.4,0,6,2,3,2,10.0,93.0,1,9,1
Semi-urban,16401.0,1,0.5,0,7,2,1,2,60.9,39.8,1,9,0
Semi-urban,50000.0,1,9.3,0,10,2,1,3,78.9,51.7,0,6,0
Urban,4082.0,1,4.4,1,2,1,3,2,53.6,68.1,0,7,1
Urban,5522.0,1,14.4,2,8,3,1,2,77.5,51.8,3,6,0
Urban,3616.0,0,15.3,1,2,1,3,2,16.7,56.2,0,5,1
Rural,6311.0,0,43.22,1,7,2,1,3,75.5,40.3,4,6,1
Rural,6329.0,1,1.56,2,4,2,2,2,18.5,45.3,1,7,1
Semi-urban,6610.0,1,8.6,0,6,2,2,3,78.0,78.7,0,8,0
Semi-urban,13773.0,1,8.0,0,7,2,2,2,63.7,58.9,0,4,0
Semi-urban,2000.0,1,0.6,0,2,1,3,1,43.6,58.5,3,6,1
Semi-urban,8521.0,2,4.1,2,6,3,3,1,73.6,64.6,1,8,0
Rural,4397.0,2,22.32,1,6,3,2,3,92.2,65.7,1,4,0
Semi-urban,2825.0,0,11.3,0,2,1,2,2,73.5,71.9,0,10,0
Semi-urban,8167.0,1,0.5,1,3,1,1,2,44.2,49.8,0,3,1
Semi-urban,3532.0,1,10.0,0,7,2,2,3,93.6,70.9,0,4,0
Semi-urban,19747.0,1,1.0,0,3,2,3,2,52.5,69.8,0,8,0
Rural,11393.0,0,30.31,2,6,2,1,2,68.0,47.5,1,7,1
Urban,14390.0,2,2.4,1,10,2,2,3,10.0,47.8,0,7,0
Semi-urban,19677.0,2,11.5,1,5,1,1,2,60.0,42.3,0,7,0
Urban,10368.0,1,12.3,1,8,2,1,2,30.2,58.8,0,10,0
Semi-urban,35728.0,1,18.4,1,8,2,2,3,79.1,59.4,2,6,0
Semi-urban,20818.0,1,5.4,2,8,3,3,2,10.0,60.0,0,9,0
Urban,2343.0,0,1.9,0,2,2,2,1,66.6,90.6,3,8,1
Semi-urban,43082.0,1,16.0,2,5,1,2,3,50.6,61.2,0,5,0
Rural,9769.0,0,30.11,2,6,2,1,2,24.9,63.7,1,10,1
Urban,10915.0,1,6.6,1,6,2,2,2,59.2,63.7,1,7,0
Semi-urban,11299.0,1,10.2,2,8,2,1,2,71.6,50.7,4,7,1
Urban,5728.0,0,1.5,0,5,2,3,1,69.0,52.1,1,4,1
Rural,6155.0,0,1.68,1,6,1,2,3,86.4,79.6,2,6,0
Semi-urban,5529.0,1,1.4,2,5,1,3,3,10.7,72.8,1,7,1
Semi-urban,18342.0,1,0.5,0,3,1,2,3,77.8,41.5,4,7,1
Rural,9053.0,1,13.85,1,7,2,2,3,70.7,51.6,0,4,0
Semi-urban,6763.0,0,0.5,0,5,2,3,1,10.0,75.7,1,6,1
Urban,6702.0,0,0.6,1,7,2,2,2,95.1,61.7,0,9,0
Urban,10552.0,1,2.8,0,4,2,3,2,55.0,60.8,0,5,0
Semi-urban,5463.0,2,0.5,0,9,2,2,3,23.8,53.3,0,8,0
Rural,7407.0,1,2.89,1,4,2,2,1,51.1,41.3,3,7,1
Rural,4956.0,1,39.21,1,4,1,2,2,57.7,43.9,1,2,1
Semi-urban,5473.0,2,10.8,1,5,2,3,1,51.7,69.3,0,7,0
Semi-urban,17704.0,2,2.2,0,4,1,2,2,66.2,55.6,3,9,0
Urban,7971.0,1,1.4,2,9,3,3,2,38.3,73.0,1,8,0
Semi-urban,34745.0,0,0.7,2,4,1,2,2,30.8,53.6,1,7,1
Rural,39744.0,1,1.49,0,6,2,3,2,78.8,59.4,0,5,0
Rural,7511.0,0,24.11,2,8,2,3,2,55.9,68.8,4,7,1
Rural,14158.0,1,17.29,1,6,3,3,2,48.2,67.7,2,9,0
Rural,35214.0,1,0.75,2,1,2,3,1,63.1,39.1,0,10,1
Rural,6832.0,0,21.05,1,4,1,1,2,91.2,53.9,3,8,1
Semi-urban,11771.0,0,7.5,0,7,3,2,1,10.0,88.0,3,8,1
Urban,34974.0,0,8.7,2,6,3,3,2,42.9,66.2,2,7,1
Rural,8457.0,1,6.79,0,9,3,2,2,56.5,49.0,0,9,0
Semi-urban,17542.0,2,5.2,0,6,3,3,1,85.5,67.0,0,4,0
Urban,10585.0,2,11.0,1,2,3,3,1,40.7,39.0,0,8,1
Semi-urban,14060.0,2,2.6,0,6,2,3,2,67.5,82.9,0,7,0
Semi-urban,2547.0,0,8.0,0,4,1,2,3,72.7,78.6,1,6,0
Urban,7767.0,1,0.5,2,9,2,2,3,75.6,43.1,3,6,1
Semi-urban,22671.0,1,7.5,1,8,2,2,2,66.7,65.2,0,7,0
Urban,17137.0,0,8.1,1,8,3,3,2,88.6,97.6,0,10,0
Semi-urban,21603.0,1,4.3,0,9,3,1,2,10.0,71.2,2,9,0
Semi-urban,2196.0,2,1.0,1,4,3,1,1,78.9,71.6,0,8,0
Semi-urban,13610.0,2,1.0,1,10,3,2,3,77.1,49.4,0,7,0
Urban,7199.0,0,8.7,1,5,1,3,2,87.0,40.4,3,8,1
Rural,6369.0,2,8.83,1,10,3,1,2,23.2,37.4,1,8,0
Urban,14450.0,0,1.2,2,8,2,1,2,86.3,59.4,0,7,0
Urban,4987.0,1,9.9,1,3,1,3,1,38.6,58.5,2,10,1
Semi-urban,5675.0,2,0.5,1,8,3,2,2,68.2,49.8,0,2,0
Semi-urban,12565.0,0,4.0,1,7,3,3,2,63.2,71.6,0,6,0
Urban,5811.0,0,1.5,1,5,2,2,1,80.6,44.6,7,7,1
Urban,22989.0,1,18.1,0,5,2,3,3,17.3,70.7,1,2,1
Urban,10678.0,1,0.9,1,10,3,1,2,57.4,61.2,1,8,0
Rural,5142.0,0,6.67,2,7,2,3,2,75.3,38.0,0,6,0
Urban,21219.0,1,3.0,1,5,3,2,1,41.4,38.7,2,10,1
Semi-urban,3652.0,1,8.1,1,6,3,3,3,42.7,82.8,1,8,1
Urban,36330.0,1,2.7,0,5,3,2,1,61.9,97.1,0,6,0
Semi-urban,8891.0,0,2.5,2,8,3,2,2,10.0,38.5,0,8,1
Rural,7293.0,0,17.45,2,3,1,1,2,53.9,66.7,1,6,1
Semi-urban,7448.0,0,0.7,1,10,3,2,3,10.0,38.0,0,6,0
Rural,4358.0,0,17.59,1,6,2,3,2,89.4,80.9,0,10,0
Urban,7457.0,0,8.6,0,5,1,2,2,74.6,63.4,1,7,0
Urban,2000.0,0,6.7,1,3,2,3,1,76.6,40.7,1,7,1
Urban,10874.0,1,2.2,0,9,2,2,3,61.9,92.3,2,8,0
Urban,10833.0,1,1.0,1,3,2,3,3,71.2,58.6,2,4,1
Urban,10597.0,1,17.3,2,7,1,1,3,11.5,39.0,5,4,1
Urban,8332.0,0,0.5,0,2,2,2,1,43.3,42.5,1,5,1
Urban,5100.0,0,2.9,0,5,2,1,2,81.6,81.2,0,4,0
Semi-urban,27236.0,1,0.5,1,5,1,1,3,27.7,61.8,0,5,0
Urban,35303.0,0,0.5,0,6,3,2,1,93.1,42.5,0,8,0
Rural,15323.0,1,30.36,0,7,2,3,2,64.4,58.6,1,8,0
Urban,16635.0,1,0.9,1,6,2,2,3,41.1,60.4,0,3,0
Urban,18648.0,2,0.5,1,3,1,1,2,24.8,67.8,1,3,1
Rural,4273.0,1,29.05,0,3,1,3,1,24.6,45.6,0,6,1
Semi-urban,5451.0,1,0.5,2,5,2,2,1,41.0,53.1,8,6,1
Semi-urban,9245.0,2,19.6,1,5,2,3,2,74.7,67.7,4,8,1
Rural,14059.0,1,9.99,1,6,3,2,3,86.3,59.9,0,9,0
Rural,6610.0,0,16.37,1,3,1,2,2,73.4,66.4,0,6,1
Urban,7577.0,0,17.5,2,6,3,3,2,45.9,59.2,0,6,1
Urban,17772.0,1,12.5,1,6,2,1,3,53.8,44.8,1,5,0
Urban,16689.0,0,10.3,0,8,3,1,3,59.5,64.6,2,10,0
Semi-urban,2000.0,2,20.7,1,3,2,3,1,51.3,43.0,1,7,1
Semi-urban,4501.0,2,2.1,0,5,1,2,2,41.3,69.1,1,7,0
Semi-urban,4626.0,0,16.7,2,2,1,3,3,79.2,66.0,0,5,1
Urban,14855.0,0,0.5,1,5,2,1,3,94.7,63.3,5,8,1
Semi-urban,26022.0,2,1.9,1,5,1,2,2,98.2,69.4,0,4,0
Rural,5253.0,2,45.24,0,3,1,3,1,77.1,56.3,0,2,1
Rural,3270.0,0,11.28,1,4,1,1,2,81.4,74.4,0,8,0
Urban,45628.0,1,14.2,1,8,3,2,3,84.6,88.2,1,6,0
Rural,2813.0,0,14.93,0,7,3,2,2,77.8,67.2,4,6,1
Semi-urban,7985.0,2,1.1,0,5,1,2,2,68.0,77.7,2,9,0
Semi-urban,41726.0,1,3.0,0,5,3,3,2,57.8,99.5,0,7,0
Urban,7355.0,1,25.1,1,3,1,1,2,12.0,53.5,1,9,0
Urban,15366.0,1,1.0,0,2,1,3,1,81.4,100.0,0,6,0
Urban,25668.0,0,0.5,1,7,2,3,1,73.8,44.3,0,8,0
Urban,4004.0,2,3.2,2,5,2,3,2,64.7,35.1,1,4,1
Urban,7588.0,2,4.3,2,9,2,1,2,11.0,51.3,1,10,0
Urban,50000.0,1,1.7,0,6,2,2,2,12.3,56.7,1,9,0
Urban,19770.0,1,5.5,1,3,1,2,2,58.1,40.2,1,9,1
Urban,8307.0,0,1.6,0,5,3,2,1,76.2,80.4,0,9,0
Urban,12221.0,0,3.2,1,7,3,1,2,87.2,72.4,5,7,0
Rural,8618.0,1,4.81,0,6,1,1,3,86.3,64.2,0,7,0
Urban,6663.0,1,0.5,1,10,2,1,3,85.8,70.2,0,9,0
Urban,16638.0,1,1.7,0,5,2,1,3,37.9,86.3,6,8,1
Urban,5802.0,0,5.3,0,3,1,3,1,84.2,72.0,0,7,1
Rural,2861.0,2,9.9,1,5,2,1,2,21.7,40.4,1,7,0
Semi-urban,2007.0,0,3.2,0,7,2,2,2,55.9,76.1,1,7,0
Semi-urban,15012.0,0,9.6,2,8,2,1,3,62.7,51.7,0,7,0
Semi-urban,22431.0,2,8.4,0,3,1,3,1,73.4,100.0,0,8,0
Urban,15335.0,2,10.8,1,7,3,1,1,85.5,68.9,3,10,0
Semi-urban,7747.0,0,22.9,1,9,3,1,3,45.9,64.0,1,4,0
Urban,21457.0,1,6.9,1,9,2,2,3,46.1,66.9,2,10,0
Rural,10662.0,1,9.37,0,5,2,2,2,14.1,91.9,6,10,1
Semi-urban,7429.0,1,6.5,0,7,1,1,2,57.0,54.8,3,9,1
Rural,8487.0,1,3.62,1,6,3,2,1,58.7,35.0,1,4,1
Urban,18090.0,0,11.8,2,7,2,2,2,72.9,76.6,0,8,0
Urban,33262.0,1,0.5,0,3,1,1,1,71.6,44.6,0,6,1
Rural,3511.0,0,1.2,0,10,3,1,2,67.0,96.0,1,9,0
Rural,5738.0,1,4.77,0,8,3,2,2,81.4,68.6,0,7,0
Rural,6643.0,0,2.21,2,4,1,3,3,26.6,84.0,5,8,1
Urban,9420.0,0,13.0,2,6,3,1,3,16.1,48.5,1,8,0
Semi-urban,6507.0,0,8.3,0,5,3,3,1,24.7,88.2,2,7,1
Semi-urban,15438.0,0,1.5,2,4,3,3,1,17.9,76.1,1,6,1
Rural,13623.0,2,15.09,1,5,2,3,2,21.6,35.4,3,5,1
Urban,3752.0,0,5.1,0,3,1,3,1,90.4,73.5,3,7,1
Urban,18860.0,0,4.1,2,9,3,2,3,10.0,54.2,1,7,0
Urban,9318.0,1,9.6,2,4,1,3,2,70.6,56.1,0,3,1
Urban,13856.0,1,1.0,1,4,2,3,2,71.5,50.8,0,7,0
Rural,15305.0,0,12.23,0,4,3,2,2,49.7,36.0,2,4,1
Semi-urban,4385.0,0,8.7,0,5,3,2,1,53.9,45.5,0,8,0
Rural,10361.0,2,5.93,2,3,1,1,2,66.1,85.4,0,8,0
Urban,12508.0,0,2.8,2,7,2,1,2,54.5,48.0,0,4,0
Urban,10501.0,1,11.7,0,2,1,3,1,32.1,78.7,1,7,1
Urban,2177.0,0,4.5,0,4,2,2,1,59.0,52.1,1,7,1
Rural,6739.0,2,9.12,1,4,1,2,2,86.7,72.8,2,6,0
Rural,13459.0,0,10.87,1,9,2,1,3,47.3,51.3,6,10,1
Rural,7655.0,0,21.18,1,6,2,3,1,86.6,61.8,0,4,1
Rural,2803.0,2,1.56,1,4,3,2,1,76.8,78.1,0,2,0
Semi-urban,5054.0,1,13.4,1,8,3,2,3,66.8,76.0,1,5,0
Semi-urban,24412.0,0,2.9,0,10,3,2,3,46.0,56.2,4,2,1
Urban,5293.0,0,9.1,2,5,1,2,3,16.4,38.2,7,7,1
Rural,5734.0,0,2.35,1,10,3,2,2,76.5,75.7,0,10,0
Semi-urban,20513.0,0,0.7,2,4,2,3,2,32.0,57.8,0,10,1
Rural,4235.0,1,2.28,0,5,2,2,2,51.8,59.2,0,5,1
Rural,8245.0,1,19.29,1,6,2,2,2,68.6,35.0,0,6,1
Urban,39058.0,1,20.5,0,3,1,2,2,55.7,76.5,2,8,0
Urban,21853.0,2,1.7,1,7,2,3,1,63.3,68.2,1,7,0
Urban,50000.0,1,15.1,1,6,2,3,2,74.2,45.2,0,5,0
Rural,2000.0,2,3.0,0,9,2,2,2,89.3,46.0,0,7,0
Urban,9509.0,2,11.0,0,7,2,2,3,73.6,41.4,4,4,0
Semi-urban,6319.0,0,14.0,1,7,1,1,2,44.2,67.8,7,8,1
Urban,23701.0,0,4.1,1,4,1,2,1,44.7,73.7,5,3,1
Urban,12612.0,0,8.0,1,4,2,2,1,70.3,76.3,0,7,0
Semi-urban,5377.0,1,2.0,0,6,3,1,2,68.0,49.8,4,7,1
Urban,7057.0,1,1.3,1,9,3,1,2,68.1,78.4,0,9,0
Urban,22937.0,2,1.2,1,7,2,2,1,27.5,57.5,4,6,1
Semi-urban,11105.0,0,0.5,2,10,3,2,2,75.2,60.6,0,10,0
Urban,6727.0,1,5.5,0,8,3,3,1,77.3,64.3,0,7,0
Urban,35448.0,1,1.6,2,1,2,2,1,50.0,58.6,3,9,1
Semi-urban,13200.0,1,1.9,0,6,2,2,2,69.2,79.7,1,6,0
Semi-urban,42354.0,1,0.8,1,7,2,1,3,77.7,97.6,1,8,0
Semi-urban,14123.0,0,15.4,0,9,3,1,3,60.6,45.6,2,3,0
Urban,12392.0,0,4.9,1,5,2,3,3,62.7,51.0,0,4,1
Semi-urban,10426.0,1,0.5,1,6,2,3,2,72.6,46.4,2,8,0
Rural,4280.0,0,6.98,0,5,2,2,1,77.9,100.0,4,9,1
Rural,6161.0,2,2.21,2,4,1,3,1,68.1,39.1,1,8,1
Rural,31274.0,0,14.91,2,9,3,1,2,88.2,67.2,1,4,0
Semi-urban,28917.0,1,3.0,0,3,3,2,3,73.4,56.7,1,7,0
Semi-urban,13079.0,1,2.6,0,3,1,1,2,71.4,73.2,3,7,0
Rural,6496.0,1,3.76,1,5,1,1,2,83.6,73.5,0,7,0
Semi-urban,11612.0,2,8.8,1,10,2,3,3,55.9,40.1,0,3,0
Semi-urban,10997.0,0,14.5,2,10,3,1,2,53.4,46.0,6,7,1
Semi-urban,7551.0,1,18.7,0,3,1,1,3,85.8,100.0,4,8,1
Urban,2466.0,0,14.7,1,5,1,1,3,73.3,63.8,0,7,0
Urban,38316.0,1,4.1,2,6,2,3,3,25.9,69.8,9,6,1
Rural,17571.0,1,20.59,1,5,1,1,2,68.8,57.7,0,3,0
Rural,7282.0,0,10.97,2,5,1,2,2,88.4,57.9,1,3,1
Semi-urban,7841.0,1,19.4,2,7,2,3,2,68.9,62.6,5,6,1
Semi-urban,20057.0,1,7.8,1,3,1,3,3,54.0,51.7,5,9,1
Rural,6579.0,0,50.0,1,5,2,3,2,69.1,60.1,7,8,1
Urban,5858.0,0,1.3,0,3,1,3,2,76.9,96.0,2,5,1
Semi-urban,11262.0,0,4.3,1,6,1,1,3,92.5,94.8,0,8,0
Semi-urban,18220.0,1,16.7,1,7,2,3,2,68.2,64.9,0,8,0
Rural,8122.0,1,3.24,1,5,2,3,2,78.1,45.4,0,10,0
Semi-urban,23017.0,1,6.7,0,7,2,1,2,93.7,60.1,0,7,0
Rural,3359.0,0,6.63,2,7,2,1,2,20.3,45.6,0,4,1
Rural,9020.0,0,50.0,0,2,1,2,1,34.0,77.9,0,8,1
Semi-urban,6992.0,1,26.4,2,2,2,3,1,53.3,52.7,2,6,1
Rural,3200.0,0,1.06,0,6,1,3,2,63.9,68.5,2,10,1
Semi-urban,5063.0,2,11.6,0,7,2,1,2,78.1,41.5,4,9,0
Semi-urban,8507.0,0,4.2,0,6,2,1,3,68.1,42.0,7,7,1
Semi-urban,10512.0,1,0.5,1,5,3,2,1,31.6,58.3,8,10,1
Semi-urban,19399.0,2,3.9,0,4,1,3,1,74.0,35.4,0,6,1
Rural,22870.0,0,19.27,0,5,2,1,1,83.2,68.7,0,5,0
Urban,8807.0,1,7.7,0,4,3,3,1,57.3,66.0,0,5,0
Urban,31599.0,1,1.2,2,5,3,3,1,57.2,43.8,0,10,1
Urban,12748.0,1,5.2,1,7,2,2,2,79.6,93.0,2,8,0
Urban,6337.0,1,10.4,1,6,2,3,2,77.8,65.0,0,4,0
Semi-urban,13213.0,0,10.2,1,2,1,3,2,75.4,59.3,0,6,1
Urban,3715.0,2,3.0,2,2,1,3,1,79.4,53.9,0,6,1
Rural,4457.0,1,7.2,1,8,2,2,2,26.3,55.3,0,6,0
Urban,18668.0,2,6.5,2,3,1,2,2,56.5,35.0,6,6,1
Urban,31283.0,1,13.6,2,10,2,2,3,51.8,35.0,1,7,0
Semi-urban,14749.0,0,4.4,0,7,2,3,2,60.6,62.5,0,4,0
Rural,2000.0,1,30.49,1,7,1,3,3,80.3,58.8,0,6,0
Semi-urban,6714.0,0,5.0,0,6,2,2,2,88.5,38.0,0,7,0
Semi-urban,14129.0,1,21.1,2,9,2,1,3,31.0,66.1,2,6,0
Urban,26392.0,1,3.3,2,7,1,3,3,73.8,52.3,0,3,0
Semi-urban,4136.0,2,0.5,1,9,2,2,3,62.5,50.4,3,7,0
Urban,50000.0,2,13.2,0,6,2,2,3,63.6,77.1,0,9,0
Urban,4923.0,2,1.8,1,8,2,2,2,59.9,46.8,1,9,0
Semi-urban,46973.0,1,1.6,0,10,3,2,2,33.8,63.5,3,5,0
Rural,8962.0,1,3.79,1,4,1,1,3,18.2,38.9,2,9,0
Rural,29449.0,0,18.73,0,5,1,2,2,49.1,64.4,3,5,1
Rural,16470.0,1,1.94,2,2,1,3,1,75.1,51.5,0,5,1
Rural,2504.0,2,5.65,0,8,2,2,2,28.1,83.6,3,8,1
Urban,3303.0,1,8.6,1,9,2,2,3,36.0,40.4,1,5,1
Semi-urban,12852.0,2,37.1,1,6,2,3,3,74.4,67.4,3,8,0
Semi-urban,18924.0,0,18.2,2,5,2,2,1,66.7,59.5,2,5,1
Urban,13709.0,2,13.0,0,9,3,2,2,66.4,54.2,1,7,0
Semi-urban,50000.0,2,13.2,0,4,2,3,2,22.6,73.1,3,7,1
Urban,4694.0,1,4.1,2,8,2,3,2,14.3,40.5,3,4,1
Urban,22655.0,1,0.5,0,10,3,1,3,24.4,46.2,1,7,0
Semi-urban,5829.0,0,7.0,1,3,1,3,2,45.5,63.8,0,7,1
Rural,9538.0,0,50.0,1,10,3,3,3,42.6,39.6,2,8,1
Semi-urban,8614.0,1,28.6,0,7,2,1,3,61.4,77.3,1,10,0
Rural,4354.0,0,19.71,1,5,2,2,2,52.6,36.6,0,4,1
Rural,12770.0,2,10.78,1,8,2,2,2,75.2,60.4,2,5,0
Semi-urban,3350.0,1,4.2,2,3,1,2,2,74.1,77.3,5,10,1
Semi-urban,8344.0,1,12.4,0,7,2,2,2,48.3,67.6,3,5,1
Urban,7974.0,1,10.2,0,3,1,1,3,77.3,92.1,1,7,0
Urban,17570.0,2,21.9,0,3,1,1,3,21.8,44.8,1,5,1
Urban,8583.0,1,2.0,0,6,2,1,3,72.1,53.2,0,6,0
Rural,7895.0,1,0.74,1,8,2,2,2,92.7,57.2,0,6,0
Urban,5233.0,0,23.2,2,8,2,2,2,76.9,35.0,0,3,1
Semi-urban,14737.0,0,2.0,2,5,2,2,1,12.1,35.0,0,4,1
Urban,3364.0,0,5.0,1,3,1,2,1,87.7,64.6,3,6,1
Semi-urban,32949.0,0,5.0,0,7,2,2,2,88.3,78.2,0,8,0
Semi-urban,7706.0,1,0.5,0,5,1,3,2,71.1,54.0,0,5,0
Semi-urban,26613.0,0,0.5,1,7,2,1,3,69.3,80.9,3,7,0
Rural,17722.0,0,0.89,1,9,3,3,1,93.2,52.3,0,7,0
Rural,9838.0,0,3.98,0,3,1,1,1,95.4,85.7,0,5,0
Semi-urban,3975.0,1,4.0,2,3,1,2,3,80.5,64.6,5,7,1
Urban,15968.0,1,3.6,0,7,1,2,3,87.2,43.1,3,5,0
Semi-urban,5236.0,1,3.4,1,6,1,1,3,53.4,35.0,1,6,1
Urban,11921.0,1,8.8,0,10,3,1,3,69.3,73.8,0,10,0
Rural,7381.0,0,8.58,0,9,3,1,2,83.4,66.4,6,8,1
Rural,7319.0,0,10.25,2,6,2,1,2,68.4,65.1,0,10,0
Urban,27436.0,0,0.6,0,7,2,2,3,75.9,72.4,0,6,0
Rural,12743.0,0,8.75,0,9,2,3,2,62.8,86.0,0,9,0
Urban,14327.0,1,5.8,0,6,2,2,2,50.2,48.7,3,5,1
Semi-urban,21589.0,1,7.5,1,4,1,1,2,20.1,35.0,1,4,1
Rural,5639.0,1,12.13,0,2,1,3,1,36.1,87.3,0,7,1
Rural,6877.0,0,4.16,0,5,3,3,3,64.2,89.1,0,10,0
Urban,15082.0,1,6.8,1,5,1,1,2,32.4,63.2,1,10,0
Rural,5025.0,1,7.02,1,10,3,3,3,86.8,49.0,0,4,0
Semi-urban,3983.0,0,15.5,1,2,2,2,1,70.3,86.2,2,5,1
Semi-urban,32259.0,1,0.5,1,5,2,1,2,72.7,83.4,0,10,0
Urban,10612.0,2,8.2,1,5,1,2,3,84.2,69.9,1,4,0
Urban,32372.0,0,4.0,0,6,2,3,2,59.2,79.5,1,10,0
Rural,10085.0,1,10.44,1,5,1,1,3,86.8,41.8,0,6,0
Urban,26970.0,0,2.0,0,5,2,3,2,91.2,69.9,6,9,1
Rural,2000.0,0,4.0,0,6,2,2,1,19.7,60.5,5,3,1
Rural,14181.0,1,2.83,1,5,2,3,3,35.5,63.4,0,7,0
Urban,9627.0,0,1.1,1,5,1,1,2,60.2,66.2,0,6,0
Semi-urban,13496.0,1,14.1,2,6,2,2,2,90.3,76.7,1,9,0
Urban,9477.0,1,18.7,0,8,3,1,2,11.4,60.8,2,6,0
Urban,11065.0,1,1.2,1,7,2,2,1,51.9,59.2,5,6,1
Semi-urban,36640.0,1,17.9,2,4,1,3,1,55.4,41.4,2,10,1
Semi-urban,9679.0,2,3.8,0,6,2,1,2,69.9,63.0,7,7,1
Semi-urban,23339.0,0,0.5,0,5,2,1,2,57.8,89.2,1,8,0
Rural,8099.0,0,10.88,2,3,3,3,1,90.1,60.7,6,6,1
Semi-urban,8223.0,0,0.5,2,3,1,2,2,77.6,38.4,6,8,1
Urban,50000.0,0,10.9,2,8,2,2,3,41.0,40.2,9,5,1
Urban,34053.0,2,3.3,1,10,3,3,2,71.6,72.1,0,9,0
Urban,12134.0,2,10.1,2,4,1,2,3,58.3,65.8,2,7,0
Urban,6867.0,0,12.9,1,4,2,3,2,44.3,55.0,0,8,1
Semi-urban,10002.0,0,24.4,0,7,2,1,2,91.0,63.0,3,8,0
Rural,7746.0,0,9.62,0,6,2,2,2,45.5,68.6,2,5,1
Semi-urban,9041.0,2,8.7,1,3,2,3,1,50.5,65.6,1,9,0
Rural,4295.0,1,15.1,1,4,1,1,3,36.1,67.6,2,6,1
Rural,4138.0,0,29.33,1,5,2,2,3,28.0,45.9,1,9,1
Urban,18295.0,2,5.3,0,4,2,3,2,37.8,71.0,4,7,1
Semi-urban,21358.0,2,6.9,0,6,1,2,3,16.7,56.1,5,2,1
Rural,5208.0,1,0.76,1,10,3,1,3,73.7,84.9,2,5,0
Semi-urban,31601.0,0,16.1,0,6,3,3,2,48.2,62.4,1,8,1
Urban,36418.0,0,22.6,1,3,2,1,2,60.0,38.1,1,6,1
Semi-urban,17875.0,0,7.0,1,6,3,2,2,14.8,52.9,1,6,0
Semi-urban,4812.0,0,13.5,1,5,2,3,2,33.1,75.1,1,6,1
Rural,14074.0,1,8.22,1,3,1,2,2,61.7,64.8,6,4,1
Rural,8734.0,0,7.17,1,7,2,2,2,14.3,58.8,2,7,1
Semi-urban,6518.0,1,0.5,1,6,3,2,2,60.8,63.7,1,8,0
Semi-urban,7778.0,1,7.1,0,9,3,3,3,80.7,63.9,1,8,0
Urban,19006.0,1,27.0,0,8,3,2,2,75.9,52.7,1,6,0
Semi-urban,4329.0,1,10.4,1,5,2,3,2,66.7,52.6,1,5,0
Rural,13349.0,1,5.87,2,9,2,2,2,64.7,82.4,0,8,0
Rural,5599.0,0,50.0,0,2,2,2,1,60.3,86.0,0,8,1
Rural,4112.0,0,11.72,0,6,3,2,3,76.8,60.0,1,3,0
Rural,5431.0,0,8.46,1,3,2,1,3,47.7,51.4,5,10,1
Urban,50000.0,0,3.9,1,7,3,3,1,85.9,57.7,0,7,0
Urban,19831.0,1,10.6,1,5,2,3,2,26.9,82.1,7,6,1
Urban,11709.0,0,4.2,1,5,2,2,3,43.0,73.1,2,7,0
Urban,5119.0,2,15.4,0,6,2,3,3,38.7,77.7,8,8,1
Semi-urban,44094.0,0,0.5,0,7,2,3,2,63.2,67.5,0,8,0
Urban,41002.0,1,5.0,0,4,3,3,1,54.9,44.4,7,6,1
Urban,46965.0,0,26.6,1,3,1,1,2,50.1,42.8,1,7,1
Rural,4813.0,0,1.47,1,4,2,3,1,82.6,66.3,0,10,0
Urban,10921.0,1,12.5,2,7,2,3,3,54.8,60.3,0,9,0
Urban,12025.0,1,22.7,0,4,1,1,3,85.2,79.0,0,9,0
Rural,5800.0,2,20.66,0,4,2,3,1,95.2,89.7,4,10,1
Urban,9952.0,2,5.4,2,7,2,3,2,87.5,79.3,0,4,0
Urban,10557.0,1,1.4,2,10,2,3,3,89.2,58.4,3,7,0
Rural,9063.0,0,18.61,0,8,2,1,2,76.5,46.0,0,8,0
Urban,50000.0,1,8.2,0,6,3,1,2,96.8,35.6,2,4,0
Semi-urban,3265.0,0,1.2,2,4,2,3,2,55.2,59.5,0,5,1
Semi-urban,6185.0,1,0.5,1,7,2,2,1,74.0,65.8,4,5,1
Semi-urban,4531.0,1,0.5,0,10,3,1,2,68.8,39.3,0,7,0
Urban,18841.0,0,6.1,2,3,1,3,3,58.3,59.2,4,6,1
Urban,38291.0,0,2.8,2,7,2,2,2,80.9,72.4,1,10,0
Semi-urban,12260.0,1,7.8,1,6,1,1,2,39.2,82.2,0,9,0
Urban,6428.0,2,22.8,1,7,2,2,3,83.3,43.6,3,10,0
Rural,3395.0,1,29.09,0,4,1,2,2,14.0,37.9,1,8,1
Rural,13783.0,0,18.86,0,7,2,2,2,14.4,57.2,8,7,1
Rural,31546.0,0,5.7,1,10,2,2,3,66.3,45.1,0,6,0
Semi-urban,9271.0,0,0.5,0,6,1,3,3,87.6,96.9,0,5,0
Semi-urban,3742.0,1,9.1,0,5,1,2,2,76.5,80.5,5,10,1
Semi-urban,40123.0,1,4.2,0,10,2,1,3,32.5,38.0,4,8,1
Rural,4724.0,0,14.41,0,3,3,1,1,71.6,48.5,9,7,1
Rural,6590.0,0,5.41,2,5,1,3,3,55.7,53.3,1,5,1
Rural,32147.0,0,20.83,0,5,1,2,2,88.0,100.0,0,8,0
Urban,26019.0,1,5.4,0,5,2,3,2,58.7,64.8,0,4,0
Rural,3255.0,1,16.53,0,3,1,2,1,56.2,89.3,6,6,1
Semi-urban,4952.0,0,0.7,0,5,1,1,3,79.6,65.3,0,10,0
Rural,4690.0,1,0.89,1,7,3,2,1,77.0,63.9,0,6,0
Semi-urban,11371.0,2,4.7,1,4,2,3,1,85.9,71.6,3,7,1
Urban,9952.0,0,11.2,0,8,2,1,2,84.3,92.2,0,10,0
Urban,33333.0,0,25.6,1,4,1,2,2,82.4,50.3,0,6,0
Urban,16234.0,1,3.0,1,9,2,1,3,26.3,61.6,1,7,0
Semi-urban,7928.0,0,6.2,2,3,1,3,2,98.4,54.1,0,8,1
Rural,6873.0,1,0.71,1,7,2,2,2,62.9,35.0,0,6,0
Rural,32452.0,1,19.69,0,9,3,1,3,84.2,67.5,5,6,0
Semi-urban,27989.0,1,8.6,1,5,2,2,2,37.6,70.3,1,8,0
Semi-urban,11872.0,0,2.7,2,10,2,3,3,76.7,78.8,4,6,1
Semi-urban,14108.0,2,1.9,2,5,1,1,2,70.1,60.3,0,6,0
Semi-urban,2480.0,1,11.2,2,4,3,2,1,68.0,60.2,6,8,1
Urban,38620.0,1,5.9,2,4,2,3,1,69.1,35.0,0,7,1
Urban,14186.0,1,0.5,1,10,2,1,3,14.4,71.4,0,7,0
Rural,8099.0,1,27.2,2,9,3,2,2,79.4,80.5,7,4,1
Rural,7148.0,2,26.17,0,3,3,3,1,10.0,49.6,0,6,1
Rural,14285.0,0,23.26,1,5,2,2,3,84.6,57.8,0,7,0
Semi-urban,13286.0,0,0.9,1,3,2,2,3,57.1,56.4,0,7,0
Rural,4681.0,1,0.97,0,3,1,2,2,89.8,50.2,0,5,0
Semi-urban,13780.0,1,3.2,2,6,2,1,3,55.1,64.7,2,8,0
Rural,8521.0,0,5.34,2,10,2,1,3,87.8,81.7,0,8,0
Rural,2868.0,2,1.79,0,10,3,2,2,10.0,71.0,8,7,1
Rural,7098.0,1,2.65,1,3,2,3,1,12.8,45.1,0,8,1
Rural,6074.0,2,4.59,1,8,3,3,1,73.9,46.2,0,3,0
Urban,10766.0,0,6.4,1,5,2,1,2,21.2,54.1,1,7,0
Rural,6286.0,1,1.06,0,8,3,2,2,56.4,78.1,1,8,0
Semi-urban,10711.0,2,7.8,2,4,2,2,1,72.2,35.0,1,3,1
Semi-urban,3605.0,2,24.6,0,3,2,3,1,94.3,77.3,0,10,0
Semi-urban,22444.0,0,5.2,1,4,1,3,3,55.8,68.5,2,8,1
Urban,5116.0,1,8.0,1,6,2,3,2,51.2,62.0,0,6,0
Urban,14419.0,0,14.7,2,4,1,2,2,53.3,50.8,4,7,1
Urban,11079.0,0,31.4,1,4,1,3,2,19.7,82.3,2,8,1
Rural,13729.0,2,4.11,1,3,1,3,2,74.9,68.7,2,8,0
Rural,18472.0,1,19.42,1,3,1,1,2,90.7,56.3,0,5,0
Semi-urban,7248.0,2,2.7,0,3,1,3,2,58.9,66.9,1,8,1
Rural,14428.0,1,1.02,1,2,1,2,2,76.7,53.0,7,5,1
Semi-urban,7721.0,1,0.5,2,7,3,3,1,56.8,35.0,1,7,0
Rural,3997.0,2,16.79,0,9,2,2,2,88.1,47.8,2,6,0
Urban,34562.0,1,22.6,1,6,1,1,3,90.2,93.5,0,6,0
Urban,12643.0,0,8.0,1,4,3,3,3,71.8,58.4,2,3,1
Rural,4349.0,1,0.71,0,6,2,2,1,78.0,46.6,7,5,1
Urban,24347.0,1,3.2,0,4,2,2,2,28.1,46.3,3,9,0
Rural,4283.0,0,12.47,1,6,3,2,3,35.0,42.6,3,8,1
Semi-urban,6647.0,2,7.2,0,7,2,3,2,54.2,75.6,2,8,0
Rural,9222.0,0,13.63,0,6,1,1,3,89.9,79.3,7,6,1
Semi-urban,3824.0,1,4.2,1,4,1,3,1,64.7,35.9,7,6,1
Semi-urban,2383.0,0,16.5,1,7,2,2,2,56.0,89.1,1,10,0
Semi-urban,32848.0,0,1.2,0,6,2,3,3,35.4,44.0,1,9,1
Semi-urban,11066.0,2,20.0,2,3,3,2,1,89.5,78.9,0,9,0
Semi-urban,4922.0,1,0.9,1,8,2,1,2,41.9,49.9,1,6,0
Semi-urban,38219.0,2,2.5,1,5,3,2,1,13.0,50.8,0,7,0
Urban,6129.0,0,6.4,2,5,2,2,1,89.4,52.1,0,7,0
Urban,11969.0,0,1.9,1,4,2,3,1,63.7,40.0,6,8,1
Rural,19842.0,0,4.94,0,4,1,2,3,34.0,66.0,1,10,1
Urban,6068.0,2,26.8,0,4,1,1,3,57.3,37.9,1,5,0
Urban,31950.0,1,1.5,0,2,1,3,3,82.2,65.4,0,8,0
Semi-urban,18753.0,1,3.0,0,9,3,3,2,70.7,38.3,0,7,0
Urban,42199.0,1,5.3,0,5,1,1,2,22.3,65.1,2,8,0
Rural,2306.0,0,4.11,1,5,1,1,3,16.3,35.0,0,4,1
Rural,15577.0,1,3.02,1,4,2,3,2,29.3,35.0,2,6,1
Semi-urban,9903.0,2,0.5,0,6,2,1,3,97.6,99.2,1,7,0
Semi-urban,23786.0,1,12.2,0,3,2,3,1,92.6,82.7,2,6,0
Semi-urban,50000.0,0,10.6,1,9,3,3,1,10.0,77.0,1,6,1
Urban,12475.0,1,14.3,1,8,2,2,2,86.0,83.5,0,7,0
Semi-urban,13722.0,1,3.6,0,4,1,3,2,52.8,41.0,0,7,0
Urban,2647.0,2,8.7,1,5,2,2,2,87.3,78.9,4,8,0
Urban,7635.0,1,1.0,1,10,3,3,2,43.0,39.3,1,8,1
Rural,8275.0,1,34.28,0,4,2,3,1,54.9,68.1,1,6,1
Urban,18233.0,1,10.1,0,4,3,2,2,43.3,54.6,2,6,0
Urban,9027.0,2,26.5,1,7,2,3,2,49.8,47.7,1,8,0
Rural,5083.0,1,4.58,0,8,2,2,2,61.9,97.0,1,9,0
Urban,7542.0,0,6.0,0,8,3,3,1,43.3,35.0,1,5,1
Semi-urban,4247.0,0,0.6,1,6,2,2,2,79.0,73.4,0,6,0
Rural,6369.0,1,5.42,0,6,2,1,2,89.2,100.0,0,6,0
Rural,2309.0,1,25.53,1,9,2,2,2,27.4,42.9,4,5,1
Rural,3106.0,0,3.64,0,2,1,2,1,17.0,45.0,0,10,1
Semi-urban,4856.0,0,7.1,0,5,2,3,1,67.1,68.7,2,4,1
Semi-urban,7845.0,1,1.2,0,6,3,2,3,10.0,47.7,0,7,0
Urban,12000.0,1,22.6,1,5,2,1,2,53.6,56.0,3,10,0
Urban,7946.0,0,2.8,1,10,2,1,3,13.2,38.9,1,10,0
Rural,5611.0,1,2.3,0,6,3,3,2,73.4,90.6,1,8,0
Rural,3242.0,0,7.91,2,7,2,2,3,78.1,35.0,0,4,0
Rural,6918.0,0,1.31,1,5,2,3,1,52.3,52.6,4,5,1
Rural,14241.0,0,6.42,0,6,3,2,3,61.4,73.0,0,7,0
Rural,4464.0,0,5.67,1,3,1,2,2,73.6,58.8,0,6,1
Rural,4865.0,1,10.73,1,7,2,2,2,10.0,54.0,5,7,1
Rural,9007.0,1,20.81,1,7,2,1,3,36.3,62.3,8,4,1
Urban,32862.0,1,4.8,1,3,1,2,3,47.0,71.5,1,8,0
Urban,7420.0,0,1.9,0,4,1,2,3,69.3,74.4,7,8,1
Urban,5807.0,1,21.8,2,10,3,1,3,72.1,93.9,0,9,0
Rural,2000.0,1,26.01,1,6,2,3,1,10.0,35.3,2,7,1
Semi-urban,16812.0,2,0.5,1,7,2,1,2,61.4,64.8,0,5,0
Rural,5337.0,0,13.8,1,6,3,1,2,93.8,49.7,0,6,0
Urban,11932.0,2,11.1,1,4,2,3,1,80.9,70.7,0,6,0
Semi-urban,6832.0,2,14.1,1,7,3,2,3,48.1,60.2,1,4,0
Semi-urban,4168.0,1,10.8,1,8,3,3,1,85.4,89.1,0,6,0
Urban,38790.0,1,4.5,0,5,2,2,1,85.1,98.3,0,8,0
Semi-urban,45781.0,0,0.6,1,2,2,1,1,74.6,72.0,1,6,0
Rural,16868.0,0,1.65,2,3,1,2,2,33.8,46.1,1,7,1
Urban,7907.0,2,8.5,2,7,2,1,3,39.5,59.9,1,7,0
Urban,11476.0,0,4.3,1,4,1,3,3,17.1,35.0,1,4,1
Semi-urban,28669.0,2,0.5,1,9,3,2,3,85.4,82.6,0,4,0
Rural,4236.0,0,16.48,0,8,2,1,3,31.5,35.7,0,6,0
Urban,18203.0,1,46.4,0,2,1,1,3,83.4,61.9,5,7,1
Urban,4467.0,0,5.6,1,4,1,1,3,86.6,49.7,0,10,0
Rural,10493.0,0,14.52,2,3,2,2,1,61.2,69.6,1,7,1
Rural,6881.0,1,1.85,0,6,2,2,2,49.8,46.3,4,5,1
Rural,2955.0,0,16.65,1,4,1,1,3,91.5,100.0,0,8,0
Semi-urban,45527.0,2,2.6,0,7,2,1,1,90.2,80.1,0,10,0
Urban,6326.0,0,2.7,1,10,3,1,3,10.0,60.0,4,10,1
Semi-urban,18268.0,1,12.0,1,6,1,2,2,73.5,61.2,0,8,0
Rural,21873.0,0,12.76,1,5,1,3,2,81.3,45.4,0,4,1
Urban,21066.0,0,1.7,0,3,1,1,2,88.1,55.3,0,10,0
Rural,5469.0,1,2.54,0,5,2,3,1,76.4,76.4,5,9,1
Semi-urban,19522.0,0,1.7,0,6,3,1,3,31.3,53.0,0,9,0
Semi-urban,25102.0,2,32.3,1,8,2,1,2,46.9,68.7,1,7,0
Semi-urban,37738.0,0,0.6,2,9,2,2,2,57.9,38.3,3,7,1
Urban,20080.0,2,20.0,0,3,1,1,3,32.5,46.7,0,7,0
Semi-urban,22738.0,1,2.2,1,4,2,1,2,41.4,81.2,1,6,0
Semi-urban,9257.0,1,5.9,0,6,2,3,2,65.3,60.7,1,8,0
Urban,15211.0,1,7.5,0,4,1,2,3,10.0,37.2,0,9,0
Urban,10458.0,1,6.1,2,6,3,2,2,76.2,86.9,4,5,0
Semi-urban,6230.0,0,6.0,0,6,2,2,3,60.7,70.4,2,10,0
Urban,49547.0,1,12.6,1,9,3,1,3,74.7,74.2,1,8,0
Semi-urban,50000.0,1,1.3,2,4,1,3,2,67.5,89.1,0,7,0
Rural,3378.0,1,8.54,0,4,3,2,1,18.4,45.2,2,5,1
Rural,2000.0,2,0.74,2,7,3,2,3,64.9,55.6,3,6,1
Semi-urban,6013.0,1,0.5,2,7,2,1,2,94.7,35.0,2,3,0
Semi-urban,7679.0,1,17.8,2,7,2,3,2,74.5,60.6,0,7,0
Urban,12575.0,0,3.0,2,10,3,2,3,41.6,63.8,0,8,0
Urban,7140.0,2,1.0,0,10,3,1,2,96.1,65.2,0,4,0
Semi-urban,33708.0,1,3.6,0,4,3,3,1,60.7,47.2,3,5,1
Semi-urban,5864.0,1,5.8,2,6,2,3,1,16.2,35.0,7,7,1
Urban,5874.0,0,17.7,0,5,1,2,1,52.8,69.9,0,6,0
Semi-urban,43690.0,1,25.3,1,5,3,3,1,48.7,42.8,1,4,1
Urban,22591.0,0,12.4,0,3,3,3,1,37.6,70.8,6,6,1
Rural,19907.0,0,4.4,1,4,1,2,3,53.4,68.3,0,4,0
Urban,2006.0,1,2.6,0,10,3,2,2,42.9,81.2,9,9,1
Rural,6441.0,2,4.97,2,4,1,2,3,58.3,42.5,3,7,1
Rural,11215.0,1,50.0,1,2,1,3,1,65.7,94.0,0,7,1
Rural,8447.0,2,4.35,1,7,2,3,3,47.6,35.8,0,6,1
Semi-urban,35825.0,0,2.4,0,7,2,3,2,32.4,54.5,2,8,0
Semi-urban,6756.0,2,30.8,1,4,2,2,1,56.7,74.7,2,9,1
Semi-urban,18683.0,0,26.2,1,5,1,2,3,29.7,74.4,3,7,1
Urban,20184.0,0,19.2,2,5,2,2,3,85.2,53.2,0,5,0
Semi-urban,30472.0,1,3.8,0,9,2,3,3,79.2,35.0,0,3,0
Rural,4092.0,1,16.46,1,1,2,3,1,42.7,70.3,0,7,1
Rural,10332.0,1,24.4,0,3,2,3,1,45.4,58.2,2,9,1
Rural,4900.0,2,1.59,1,7,3,3,2,76.3,43.7,0,6,0
Semi-urban,2000.0,1,4.8,2,8,3,2,2,53.1,82.3,3,9,1
Rural,7782.0,1,35.92,1,3,2,1,1,75.2,83.3,1,9,1
Rural,2890.0,0,1.72,2,10,3,2,3,62.9,50.3,0,7,0
Rural,8003.0,0,4.38,2,6,2,3,1,62.8,49.7,2,5,1
Urban,12103.0,2,3.8,0,8,2,2,2,67.9,72.3,1,9,0
Urban,50000.0,1,1.5,0,9,3,1,2,71.5,56.4,1,5,0
Urban,2338.0,0,3.6,0,8,3,1,3,54.9,87.5,0,6,0
Urban,11943.0,0,0.6,1,6,2,2,2,44.1,57.1,1,10,1
Urban,30545.0,1,11.7,1,9,3,2,2,96.0,52.0,0,3,0
Urban,13631.0,1,2.0,1,7,2,3,1,63.3,66.0,1,7,0
Semi-urban,25866.0,1,26.2,2,8,3,2,2,36.5,61.1,4,7,1
Semi-urban,19395.0,1,16.7,2,6,3,3,1,66.5,37.0,1,5,1
Semi-urban,2445.0,1,26.6,1,10,3,3,2,10.0,71.5,2,8,0
Semi-urban,6928.0,0,3.5,0,7,2,3,3,80.6,49.0,0,6,0
Urban,3854.0,2,6.2,0,10,3,3,3,21.1,39.7,0,9,0
Rural,22851.0,1,17.05,1,9,2,1,3,91.5,86.0,0,7,0
Semi-urban,5765.0,0,0.7,2,10,3,1,3,84.3,51.5,4,4,0
Semi-urban,9888.0,2,4.8,1,10,2,3,3,55.1,56.9,3,10,0
Urban,10488.0,1,3.1,1,9,3,3,2,60.0,50.4,2,7,0
Urban,7302.0,0,0.7,2,5,1,1,2,10.0,63.1,1,10,1
Urban,15784.0,0,5.1,0,9,2,1,3,57.8,55.9,1,9,0
Semi-urban,4041.0,0,4.0,0,9,3,2,3,18.2,79.2,5,6,1
Rural,7924.0,2,13.42,2,3,1,1,1,56.6,61.0,3,7,1
Rural,8684.0,2,18.17,2,5,3,3,2,75.8,78.3,2,7,0
Semi-urban,5534.0,1,2.1,0,3,2,2,1,98.7,79.4,0,7,0
Semi-urban,4281.0,0,10.4,0,7,2,3,1,71.1,36.1,6,4,1
Urban,12669.0,0,0.5,0,3,2,3,1,69.3,71.4,0,8,0
Semi-urban,30950.0,2,0.8,1,6,2,1,1,74.3,63.7,0,5,0
Urban,18141.0,2,12.5,1,4,1,3,3,59.9,49.6,9,6,1
Semi-urban,5944.0,2,28.6,2,3,1,2,1,28.6,58.1,3,5,1
Semi-urban,10536.0,2,15.5,1,6,2,2,2,67.7,53.4,0,6,0
Urban,9228.0,1,2.0,0,4,1,1,2,71.1,76.9,2,9,0
Rural,10497.0,2,22.93,0,6,2,2,1,58.9,62.7,2,10,1
Urban,27951.0,0,4.6,1,3,2,3,2,20.1,81.9,0,8,0
Urban,39761.0,2,22.0,0,6,1,2,2,47.4,78.7,2,10,0
Rural,5059.0,0,3.82,1,7,2,3,3,61.3,93.0,0,8,0
Semi-urban,6907.0,0,10.6,1,7,2,3,1,86.0,62.9,0,10,0
Semi-urban,12743.0,0,10.7,2,7,3,2,2,94.8,53.0,4,8,1
Urban,25087.0,2,2.0,0,8,2,1,2,26.3,54.5,0,4,0
Semi-urban,27272.0,2,5.9,1,5,2,3,1,84.7,64.2,7,6,1
Urban,14696.0,1,6.9,2,6,1,1,3,72.4,85.7,1,8,0
Urban,37749.0,2,0.5,0,9,3,2,2,78.6,57.9,0,7,0
Urban,7131.0,0,24.3,2,8,2,1,3,87.6,56.5,0,5,0
Semi-urban,18206.0,1,12.4,0,6,2,1,2,68.8,37.3,1,8,0
Semi-urban,6114.0,0,43.9,1,8,2,2,2,63.0,44.1,0,8,1
Semi-urban,6945.0,1,6.5,0,5,2,2,2,84.3,76.6,1,6,0
Rural,9158.0,0,16.19,0,8,3,2,3,43.4,72.0,0,6,0
Rural,2172.0,1,8.26,0,7,2,1,3,79.5,87.2,2,9,0
Urban,14024.0,1,8.8,0,2,1,2,2,46.2,63.6,2,8,1
Rural,2854.0,2,16.01,0,5,2,1,3,78.6,51.1,0,3,0
Urban,7560.0,0,9.6,0,2,1,2,1,44.8,77.1,3,6,1
Rural,2658.0,1,9.09,0,5,2,2,2,95.5,72.5,0,6,0
Urban,50000.0,0,16.4,0,3,2,3,1,93.0,70.8,1,7,0
Urban,4089.0,2,3.0,1,7,3,1,2,33.5,35.0,1,5,0
Rural,6888.0,2,0.89,1,1,1,3,2,82.6,75.9,1,4,1
Semi-urban,4778.0,1,3.8,2,10,3,1,3,77.9,45.5,1,6,0
Semi-urban,9272.0,0,12.6,1,5,1,2,2,66.9,35.0,1,6,1
Urban,16851.0,1,5.9,1,9,2,2,2,49.4,64.0,2,7,0
Semi-urban,13345.0,0,0.5,2,2,1,3,2,40.0,50.7,1,5,1
Rural,6095.0,1,19.79,0,6,1,2,2,24.1,49.5,0,5,1
Urban,5888.0,1,6.8,1,3,3,3,3,65.0,58.1,0,3,1
Semi-urban,11915.0,0,2.5,2,10,3,1,3,67.4,69.2,0,9,0
Urban,18358.0,0,2.8,1,3,1,3,2,15.9,73.1,1,9,1
Rural,6630.0,2,2.47,0,9,3,1,3,10.0,58.6,0,6,0
Urban,18241.0,0,9.1,2,7,3,3,3,72.9,67.2,0,5,0
Semi-urban,19909.0,2,0.6,1,5,2,1,2,82.5,71.0,1,10,0
Urban,4945.0,2,1.5,0,6,2,1,2,31.2,66.6,5,8,1
Semi-urban,24268.0,2,3.0,0,7,2,2,2,70.1,72.8,0,9,0
Semi-urban,6443.0,0,1.6,0,5,2,1,3,65.3,84.0,0,9,0
Urban,2000.0,1,17.2,1,10,2,1,3,68.3,59.3,0,3,0
Urban,5662.0,2,4.3,1,3,1,3,1,93.4,80.5,0,5,0
Urban,43081.0,1,0.5,0,5,2,3,1,24.7,35.0,1,6,0
Rural,4883.0,2,16.37,0,4,1,1,3,90.5,99.2,3,6,0
Semi-urban,39392.0,0,1.7,2,8,2,1,2,57.4,35.0,3,7,1
Semi-urban,8180.0,0,10.4,0,10,2,1,3,71.1,55.5,1,3,0
Semi-urban,3162.0,0,1.0,0,10,3,3,2,89.2,64.3,0,7,0
Semi-urban,2223.0,1,0.5,1,4,1,2,2,46.1,73.9,1,7,0
Rural,7285.0,2,9.8,0,1,1,2,2,49.1,55.2,2,7,1
Rural,4902.0,1,0.78,0,4,3,2,1,67.7,76.4,0,6,0
Semi-urban,11351.0,2,0.5,1,6,2,1,2,48.2,55.4,8,6,1
Urban,9494.0,2,16.1,0,5,3,3,3,57.2,54.8,0,5,0
Urban,21616.0,0,2.7,0,8,3,1,2,43.0,70.8,3,9,0
Urban,11050.0,1,4.2,0,3,3,3,1,76.7,72.6,0,7,0
Urban,9943.0,0,33.0,2,7,2,1,2,76.3,67.7,0,4,0
Rural,5361.0,1,5.83,0,5,2,3,2,75.3,74.5,0,7,0
Urban,11417.0,1,0.5,0,7,2,2,3,80.2,55.0,0,8,0
Rural,6060.0,0,9.65,0,1,1,3,1,44.8,87.7,4,10,1
Semi-urban,3978.0,1,1.4,0,3,2,2,1,69.6,47.5,0,5,0
Semi-urban,4355.0,2,13.3,0,6,2,1,1,87.4,41.4,0,6,0
Urban,41321.0,0,32.1,0,8,2,2,3,70.4,92.9,1,4,0
Semi-urban,6311.0,2,11.5,1,8,2,1,2,84.9,66.1,0,10,0
Semi-urban,6383.0,2,5.0,0,5,1,2,3,84.3,98.5,0,9,0
Rural,11162.0,1,12.13,2,4,1,2,2,41.6,59.4,1,4,1
Urban,13091.0,0,3.4,0,10,3,1,2,51.3,96.6,1,8,0
Semi-urban,12863.0,0,1.3,2,5,2,3,1,87.8,40.2,0,10,1
Urban,8182.0,0,2.1,0,7,3,2,2,45.8,39.9,1,8,0
Rural,5041.0,0,2.49,0,4,1,2,2,83.3,56.9,0,7,0
Urban,21702.0,1,24.1,2,8,2,2,2,51.4,50.1,5,5,1
Semi-urban,7745.0,0,10.4,2,6,2,1,3,30.3,57.6,7,6,1
Urban,8769.0,1,3.6,0,9,3,2,1,10.0,74.6,0,7,0
Rural,16187.0,1,22.57,2,7,3,3,3,12.0,40.0,2,4,1
Urban,12465.0,1,13.0,0,4,3,1,1,54.2,75.6,1,5,0
Urban,25518.0,0,4.3,0,8,3,1,3,15.8,62.3,0,8,0
Semi-urban,45633.0,0,9.6,0,9,2,2,3,66.0,70.3,0,7,0
Rural,4859.0,1,10.88,2,4,2,3,2,60.2,67.4,0,5,1
Urban,21068.0,2,0.7,1,2,3,2,1,10.8,54.6,0,6,0
Semi-urban,23113.0,0,1.2,1,7,2,2,2,19.9,42.7,1,2,0
Urban,16622.0,1,3.1,0,4,3,1,1,49.8,60.5,6,8,1
Semi-urban,17599.0,1,2.9,1,4,2,3,1,77.6,45.1,0,8,0
Rural,13242.0,1,0.66,1,1,2,2,1,40.1,35.0,1,7,1
Semi-urban,15621.0,2,10.0,1,9,3,3,3,31.1,46.4,1,8,0
Urban,4686.0,0,3.0,1,6,3,3,3,94.8,63.8,8,6,1
Urban,13049.0,0,17.6,0,6,2,2,3,71.0,74.3,0,6,0
Urban,8385.0,0,4.5,1,6,2,1,3,70.2,73.4,2,10,0
Semi-urban,28814.0,0,1.6,0,10,3,3,2,84.0,79.3,0,10,0
Semi-urban,15525.0,1,2.1,1,5,3,1,2,48.9,46.6,1,7,0
Rural,38118.0,1,21.57,2,6,3,2,2,78.0,66.1,1,4,0
Rural,2912.0,0,20.05,1,6,2,2,2,95.1,71.0,0,7,0
Urban,22262.0,0,0.5,2,5,1,1,2,67.7,46.8,0,6,0
Urban,26813.0,1,3.5,1,5,2,3,1,75.4,79.0,2,8,0
Urban,10170.0,1,8.9,1,7,3,2,2,41.5,39.7,3,8,1
Semi-urban,11675.0,0,12.4,1,4,1,2,2,95.4,56.5,0,3,1
Rural,5359.0,1,18.58,2,5,1,2,2,65.9,74.6,9,6,1
Urban,11045.0,0,20.3,2,3,1,3,1,73.1,54.3,2,4,1
Urban,13422.0,0,43.5,0,10,3,3,2,74.1,47.4,0,7,0
Urban,10307.0,1,9.4,1,5,1,2,2,72.8,59.0,2,7,0
Rural,6098.0,1,8.24,1,6,2,3,1,80.2,75.8,4,6,1
Urban,50000.0,1,15.1,2,6,2,1,2,33.5,54.6,0,7,0
Rural,5800.0,0,6.11,0,5,2,3,2,68.1,61.8,0,3,1
Urban,18371.0,2,2.4,1,3,2,3,1,60.0,58.3,0,9,0
Urban,8144.0,1,4.1,0,3,1,3,1,69.9,66.4,0,10,0
Semi-urban,22379.0,0,5.3,0,4,3,3,2,77.6,66.6,0,8,0
Urban,2968.0,1,12.8,1,5,2,2,3,98.0,94.6,0,10,0
Semi-urban,11543.0,1,2.9,1,7,2,1,2,31.1,85.2,1,9,0
Urban,43585.0,1,0.8,1,5,3,2,1,67.7,61.9,0,7,0
Urban,7282.0,0,1.3,0,7,3,2,2,75.7,48.9,0,7,0
Semi-urban,14551.0,0,4.9,0,7,3,3,3,40.2,73.5,0,6,0
Rural,10167.0,1,9.84,2,3,2,1,1,69.7,55.2,0,7,0
Rural,2171.0,1,34.81,0,7,2,1,3,60.1,78.7,0,8,0
Rural,3530.0,0,3.27,0,2,1,3,2,72.7,60.2,0,5,1
Urban,20492.0,0,0.6,0,4,1,3,2,76.7,72.3,0,9,0
Urban,10771.0,2,3.9,0,2,1,3,2,89.2,65.1,6,7,1
Rural,16039.0,1,6.39,1,4,1,3,1,32.2,64.5,4,6,1
Urban,4685.0,2,3.3,0,9,3,2,3,69.0,99.7,2,8,0
Urban,21007.0,1,22.1,0,6,2,2,1,94.9,47.9,2,4,0
Urban,8074.0,0,16.6,0,8,3,1,1,79.3,56.0,0,6,0
Urban,8628.0,1,28.4,1,10,2,1,3,21.9,39.0,6,7,1
Urban,29008.0,2,1.8,2,3,1,2,1,12.6,48.8,3,7,1
Semi-urban,4022.0,0,3.5,1,6,3,2,1,71.9,76.3,5,7,1
Semi-urban,4001.0,1,33.5,2,6,1,2,3,67.4,79.0,5,7,1
Semi-urban,11897.0,0,4.6,1,10,3,1,3,60.7,51.2,6,7,1
Rural,28280.0,0,7.33,0,4,2,1,1,65.3,92.9,0,6,0
Semi-urban,10056.0,1,1.2,1,8,2,2,2,65.1,60.5,0,6,0
Semi-urban,11386.0,1,24.4,0,6,2,2,2,55.8,50.0,4,8,1
Semi-urban,5523.0,0,10.8,1,4,1,1,2,74.7,71.4,0,7,0
Urban,50000.0,0,1.2,2,9,3,3,3,55.4,77.9,0,7,0
Rural,8367.0,0,0.86,0,6,2,3,2,93.7,73.5,0,6,0
Rural,2000.0,0,10.81,0,7,2,2,3,83.0,69.4,0,7,0
Semi-urban,35461.0,1,1.5,1,2,1,3,2,13.5,75.0,5,7,1
Semi-urban,5669.0,0,25.6,0,2,2,3,3,42.9,82.3,1,8,1
Semi-urban,8888.0,0,3.9,2,4,2,3,2,77.3,38.6,0,9,1
Rural,5121.0,0,0.73,2,4,1,1,3,71.8,52.0,2,5,1
Semi-urban,13188.0,2,21.6,2,6,2,2,2,60.1,63.6,5,5,1
Rural,12766.0,0,3.0,1,7,2,1,3,86.6,46.9,0,7,0
Semi-urban,5219.0,0,1.8,0,4,2,3,2,85.2,61.6,0,5,0
Rural,9020.0,2,17.26,0,6,3,3,2,46.6,87.8,2,5,1
Rural,6071.0,0,2.48,0,10,3,1,3,87.2,64.3,0,7,0
Rural,5249.0,0,7.53,1,3,2,3,1,85.4,81.2,0,9,1
Rural,2542.0,0,22.76,1,8,3,1,2,73.5,63.1,0,5,0
Urban,34087.0,1,3.6,1,7,2,3,1,93.2,61.1,5,8,1
Semi-urban,3446.0,1,31.9,1,7,3,1,2,61.1,86.7,0,8,0
Semi-urban,8239.0,0,5.2,1,7,2,3,3,29.3,53.2,1,7,1
Urban,50000.0,1,7.6,0,6,2,3,1,90.1,88.7,0,7,0
Urban,7668.0,0,1.4,2,3,1,3,3,64.7,65.2,1,6,1
Urban,5186.0,0,5.2,1,5,2,3,2,31.4,74.5,1,10,1
Rural,12108.0,2,9.26,0,7,2,2,2,59.0,47.9,1,5,0
Rural,2271.0,1,3.25,1,5,1,2,2,68.4,39.2,0,6,1
Rural,24516.0,1,11.75,1,4,1,1,3,80.7,51.8,4,6,1
Semi-urban,7794.0,2,1.9,1,9,3,1,2,61.9,63.2,7,7,1
Rural,14948.0,2,5.91,0,4,1,1,3,74.1,59.7,0,3,0
Semi-urban,6963.0,2,5.5,0,4,2,2,2,28.0,74.5,1,7,0
Urban,7153.0,1,1.7,1,7,2,2,2,82.6,48.0,7,7,1
Rural,14248.0,0,11.28,0,6,2,3,2,10.0,67.9,4,6,1
Rural,12198.0,0,4.39,0,10,3,1,2,50.6,56.5,1,6,0
Urban,3776.0,1,7.0,0,5,1,1,3,73.6,100.0,4,9,0
Rural,13170.0,1,14.3,2,8,2,2,2,63.1,55.2,1,8,0
Urban,20161.0,0,2.7,0,4,3,3,1,49.2,59.3,0,6,1
Rural,32915.0,2,12.47,1,5,2,3,1,76.3,39.0,2,8,1
Urban,8312.0,1,6.9,1,6,3,2,3,28.9,42.5,8,4,1
Semi-urban,9722.0,0,15.0,1,4,1,2,2,79.2,83.6,3,7,1
Semi-urban,18834.0,1,11.3,2,8,2,2,3,52.7,65.3,2,6,0
Urban,11653.0,0,21.7,0,7,3,2,2,94.2,100.0,5,8,1
Semi-urban,8566.0,1,13.0,1,10,3,1,2,44.6,51.4,1,3,0
Semi-urban,17695.0,0,0.5,0,4,2,3,2,62.9,70.6,0,8,0
Rural,15219.0,0,7.22,1,2,1,3,1,64.3,76.5,0,6,1
Semi-urban,8118.0,1,5.8,1,4,2,3,1,44.0,84.3,2,9,1
Urban,11748.0,1,8.5,0,8,3,2,2,74.9,63.7,0,9,0
Semi-urban,3127.0,1,1.7,0,3,1,2,1,88.8,56.7,0,5,0
Semi-urban,13219.0,1,32.4,1,3,1,2,1,67.2,59.4,7,5,1
Rural,14512.0,2,7.61,2,6,3,3,3,47.2,43.5,0,6,1
Urban,18490.0,1,13.3,0,4,1,3,1,83.9,66.9,1,8,0
Rural,9095.0,2,22.93,0,7,2,2,3,84.9,65.4,0,5,0
Urban,16517.0,1,9.4,1,6,3,2,3,72.3,71.3,1,8,0
Urban,21204.0,1,3.5,1,6,2,3,2,84.0,65.6,0,8,0
Urban,4929.0,0,10.2,1,3,2,3,1,60.1,84.0,0,5,1
Urban,8023.0,1,10.0,0,4,2,2,2,64.6,68.1,0,6,0
Semi-urban,21701.0,0,5.2,1,9,2,1,3,29.6,49.7,1,5,0
Semi-urban,14502.0,0,19.3,1,8,2,2,2,43.5,66.3,0,9,0
Semi-urban,33625.0,1,4.6,0,9,3,2,2,52.3,67.4,2,7,0
Urban,28010.0,1,15.1,2,4,1,1,2,37.2,51.6,2,9,0
Semi-urban,2000.0,1,0.5,1,3,1,3,1,40.3,52.3,1,9,1
Urban,16878.0,2,6.2,1,6,3,2,3,85.7,99.0,9,10,1
Urban,45421.0,2,6.2,0,7,2,2,2,45.4,55.2,1,6,0
Rural,11938.0,0,40.71,0,7,2,2,2,81.7,85.4,0,7,0
Semi-urban,12115.0,1,0.5,0,7,2,1,3,10.7,60.3,3,7,0
Urban,32839.0,0,3.6,1,6,2,3,2,10.0,58.8,1,7,1
Semi-urban,10549.0,1,5.2,0,4,1,3,1,69.4,60.5,0,8,0
Urban,10485.0,0,4.2,1,2,1,1,1,69.1,60.9,0,8,0
Semi-urban,30354.0,0,2.7,2,3,1,2,1,47.4,58.5,1,6,1
Semi-urban,12203.0,0,4.1,2,8,2,1,3,46.3,41.6,1,8,0
Semi-urban,17500.0,0,7.8,2,7,3,3,3,40.8,44.3,1,6,1
Rural,6150.0,1,2.15,0,3,1,3,2,89.2,70.3,0,8,0
Urban,12458.0,1,0.8,1,5,2,3,3,49.0,35.0,6,5,1
Urban,47479.0,1,42.1,1,5,2,3,1,67.6,39.8,0,8,0
Semi-urban,20823.0,0,16.7,0,6,1,2,2,35.8,60.2,0,5,0
Semi-urban,17787.0,1,11.5,1,6,2,3,1,62.0,62.5,1,10,0
Urban,9011.0,1,3.1,0,4,1,3,1,43.0,86.1,5,8,1
Rural,4192.0,0,1.67,1,8,3,2,2,95.8,40.3,0,2,0
Rural,3012.0,0,20.81,0,5,2,2,1,70.6,56.3,4,2,1
Semi-urban,9910.0,0,10.4,0,3,1,3,2,52.8,53.8,4,7,1
Semi-urban,11479.0,2,14.7,1,5,2,2,2,81.4,43.4,2,5,1
Urban,19704.0,0,3.0,1,6,2,3,1,33.5,68.6,1,6,0
Urban,9798.0,1,0.5,1,4,1,3,2,41.5,46.5,1,6,1
Semi-urban,19842.0,2,3.4,2,4,1,2,3,82.9,91.8,7,10,1
Urban,7736.0,1,7.1,0,3,2,3,1,75.9,81.7,1,8,0
Urban,38357.0,1,28.4,2,3,1,3,1,50.5,44.5,1,4,1
Urban,8563.0,1,6.4,0,5,2,2,2,56.5,77.2,0,10,0
Rural,12613.0,2,10.16,1,5,2,2,1,36.0,35.0,2,3,1
Rural,6815.0,0,23.41,1,4,1,1,2,44.4,47.1,2,3,1
Semi-urban,13641.0,2,0.8,2,5,2,3,1,63.7,72.1,2,6,1
Rural,10267.0,1,47.17,1,6,2,1,2,57.5,57.4,1,9,0
Semi-urban,15032.0,1,10.4,2,5,2,1,3,58.1,49.0,3,9,1
Semi-urban,16803.0,1,3.1,0,7,2,2,2,18.0,79.9,1,6,0
Semi-urban,10539.0,1,5.3,1,6,2,2,2,46.4,37.0,1,8,0
Semi-urban,34216.0,1,12.5,0,10,3,2,2,61.4,100.0,4,8,0
Rural,13150.0,2,6.03,0,6,2,2,1,77.9,38.0,0,10,0
Semi-urban,31986.0,2,0.5,0,3,2,3,1,10.0,74.6,9,7,1
Urban,5722.0,0,10.9,0,9,2,1,3,78.1,42.9,2,3,0
Urban,7914.0,1,0.7,1,10,3,1,3,63.1,65.2,0,8,0
Rural,3730.0,0,5.87,1,4,3,2,2,54.2,48.6,1,8,1
Semi-urban,8890.0,0,2.3,0,7,2,3,3,82.5,87.9,1,7,0
Semi-urban,6020.0,1,2.4,1,7,2,1,2,23.3,51.5,1,6,0
Rural,17720.0,0,18.7,1,8,2,2,2,93.3,72.5,4,4,1
Rural,4752.0,0,27.0,1,6,3,1,1,70.1,49.9,1,3,1
Rural,5451.0,1,26.14,2,7,2,2,2,56.8,81.6,3,10,1
Semi-urban,22705.0,0,1.0,1,7,2,1,2,36.4,64.5,0,9,0
Semi-urban,20900.0,0,10.9,0,10,3,3,2,59.0,74.2,9,7,1
Semi-urban,16805.0,1,28.0,0,7,3,2,3,69.9,61.0,0,3,0
Rural,35371.0,2,10.36,0,8,2,3,3,95.0,88.6,0,6,0
Semi-urban,12443.0,1,13.3,1,9,2,2,2,75.2,67.1,0,10,0
Rural,4343.0,1,6.91,0,4,2,1,2,12.1,64.0,1,8,0
Urban,11496.0,0,0.9,1,6,2,1,2,35.6,63.8,2,5,0
Semi-urban,27931.0,2,2.5,0,6,3,2,1,80.5,55.3,2,8,0
Rural,8345.0,2,8.94,2,5,1,1,3,39.7,48.6,1,8,1
Semi-urban,10083.0,2,1.3,0,10,3,2,3,51.4,42.3,1,8,0
Rural,25323.0,2,2.18,0,5,1,3,2,79.8,65.0,1,8,0
Urban,6443.0,2,2.0,0,6,1,3,2,44.1,82.4,3,10,1
Semi-urban,11833.0,0,10.7,0,2,1,3,2,37.9,51.8,1,7,1
Rural,6744.0,1,0.67,1,9,2,2,3,10.0,78.4,6,7,1
Rural,4228.0,1,9.39,2,5,2,3,1,47.7,59.1,0,10,1
Urban,25092.0,1,7.7,0,8,2,2,3,89.5,65.8,1,6,0
Semi-urban,5618.0,0,25.3,0,8,2,2,2,33.8,40.7,6,6,1
Semi-urban,6622.0,0,3.5,2,10,3,2,2,68.6,59.6,4,4,1
Rural,2000.0,0,3.31,2,4,3,3,1,52.2,46.7,0,5,1
Urban,7145.0,1,12.5,1,5,2,1,2,18.7,56.4,6,7,1
Urban,13131.0,1,0.6,0,5,2,2,1,42.0,35.0,2,6,1
Urban,14747.0,1,0.7,1,7,2,1,2,58.3,77.9,4,2,1
Rural,8279.0,0,5.07,1,9,2,1,3,78.8,61.6,2,7,0
Urban,48069.0,0,0.5,0,2,1,2,3,79.3,55.0,1,4,0
Rural,2000.0,0,5.9,0,7,2,2,2,80.3,47.6,2,8,0
Urban,6212.0,1,1.5,1,3,3,2,2,10.0,48.0,4,3,1
Urban,11571.0,1,5.0,2,8,2,2,2,68.2,71.1,1,8,0
Semi-urban,17129.0,1,1.1,0,1,1,3,1,25.2,39.6,0,9,1
Semi-urban,13703.0,1,4.2,2,3,2,2,1,40.9,54.1,2,10,1
Rural,6859.0,0,23.28,0,6,2,2,1,10.0,58.6,1,7,1
Urban,4743.0,2,31.2,0,7,3,3,3,35.4,89.0,1,5,0
Rural,11130.0,1,5.41,1,3,1,1,2,10.0,38.8,1,4,1
Urban,38252.0,0,11.8,1,8,2,2,2,67.5,71.8,2,8,0
Rural,4855.0,1,11.4,0,6,3,3,2,78.8,77.5,0,4,0
Urban,6660.0,1,6.1,1,10,2,2,3,26.1,63.7,4,6,1
Semi-urban,8805.0,1,15.2,1,6,2,2,2,42.2,54.1,0,8,0
Rural,5879.0,1,23.47,0,3,1,3,1,26.2,64.1,9,5,1
Urban,50000.0,0,8.8,1,6,2,3,1,46.5,39.5,0,5,1
Semi-urban,16971.0,2,11.4,2,8,3,2,2,74.2,47.9,3,8,0
Semi-urban,2420.0,1,7.5,2,4,2,1,2,10.0,51.0,1,10,0
Rural,21223.0,1,2.35,1,5,1,2,2,32.5,74.5,0,5,1
Rural,7093.0,1,20.4,1,7,2,2,2,70.1,84.3,4,6,1
Semi-urban,10391.0,1,10.2,1,7,2,2,3,36.5,50.8,1,10,0
Urban,8883.0,0,8.2,1,9,2,1,2,66.0,65.1,1,8,0
Urban,40527.0,0,7.8,2,9,3,3,2,28.7,60.1,3,6,1
Rural,4221.0,1,13.03,1,10,3,2,3,82.1,61.3,4,5,0
Semi-urban,12094.0,1,6.9,2,3,1,1,2,32.4,35.0,0,3,1
Semi-urban,8272.0,0,20.9,0,10,2,1,3,72.6,86.6,5,7,1
Urban,11331.0,2,8.9,1,2,3,3,1,45.3,40.5,0,7,1
Rural,14608.0,2,1.23,0,9,2,1,3,75.4,88.5,0,6,0
Semi-urban,9812.0,0,5.1,2,1,2,2,3,67.7,44.6,4,8,1
Rural,5958.0,2,14.07,2,7,1,3,3,47.9,37.6,1,4,1
Rural,9273.0,2,2.48,1,4,1,2,2,18.5,59.3,3,9,1
Urban,10946.0,1,5.2,1,6,2,2,1,78.5,58.5,0,7,0
Urban,36417.0,2,1.7,0,6,2,1,2,80.1,100.0,1,10,0
Urban,50000.0,0,8.5,0,5,1,2,2,98.2,80.4,7,7,1
Urban,15589.0,1,0.5,1,4,1,1,3,39.0,57.9,1,7,0
Urban,21476.0,1,2.7,0,8,2,1,3,94.7,49.5,0,7,0
Rural,6330.0,1,4.93,0,5,2,3,3,62.4,71.4,1,5,0
Rural,4887.0,2,21.7,0,5,2,2,2,74.4,47.1,4,6,1
Semi-urban,3068.0,0,7.1,1,5,2,2,1,72.7,39.4,7,6,1
Urban,9717.0,0,22.3,0,10,3,1,3,87.9,70.2,3,6,0
Rural,2240.0,2,1.06,1,7,3,2,1,53.1,39.5,1,10,0
Semi-urban,8014.0,1,6.0,1,1,1,2,1,28.0,53.2,0,9,1
Urban,6925.0,1,11.3,0,6,2,3,2,10.8,71.4,6,7,1
Urban,8621.0,0,8.9,1,3,2,3,2,59.7,35.7,2,3,1
Semi-urban,8973.0,2,11.5,0,10,2,1,3,70.0,85.5,5,3,1
Urban,13413.0,0,7.0,0,6,2,1,2,13.9,56.3,1,4,0
Semi-urban,13461.0,1,3.0,1,3,1,2,1,88.6,91.4,5,6,1
Semi-urban,12265.0,1,14.4,2,4,2,1,2,49.3,55.6,0,7,0
Rural,13234.0,1,3.71,2,6,2,3,2,40.7,61.9,3,7,1
Urban,13120.0,1,5.1,0,5,1,3,2,83.1,96.7,0,10,0
Urban,7203.0,2,12.2,1,3,1,3,2,74.5,57.4,0,7,0
Urban,50000.0,0,15.1,0,5,1,2,2,36.1,35.0,1,4,1
Semi-urban,3846.0,0,0.5,2,7,2,2,3,74.2,79.2,0,7,0
Rural,36225.0,2,7.24,2,2,1,3,2,14.3,79.0,1,9,1
Urban,40845.0,0,0.6,1,6,2,1,2,86.7,94.5,1,5,0
Semi-urban,11582.0,1,2.5,1,6,1,1,2,79.7,67.3,2,6,0
Rural,5695.0,0,1.27,1,7,3,1,2,67.6,61.0,6,6,1
Semi-urban,7302.0,1,50.0,1,4,2,1,2,61.8,83.2,0,10,0
Urban,9896.0,0,6.7,1,2,1,3,2,42.3,35.0,1,3,1
Semi-urban,3746.0,0,16.7,1,7,3,1,3,66.5,46.2,4,7,1
Urban,11862.0,0,3.3,2,6,3,2,3,21.4,70.6,1,8,0
Semi-urban,10915.0,0,3.5,1,6,1,2,3,77.9,83.8,1,8,0
Semi-urban,14571.0,0,11.2,1,5,2,2,2,15.6,56.0,1,7,1
Urban,22245.0,1,0.5,0,4,1,2,2,69.7,68.6,0,4,0
Semi-urban,5300.0,0,0.8,1,8,2,2,2,30.8,72.6,2,8,0
Semi-urban,6197.0,0,1.7,1,3,1,2,1,65.5,71.0,1,8,1
Semi-urban,20610.0,1,0.5,2,6,2,2,2,92.4,72.0,0,4,0
Semi-urban,44624.0,1,9.0,1,9,3,1,3,87.1,85.2,1,2,0
Semi-urban,34349.0,1,8.5,1,3,1,1,1,83.7,61.1,1,7,0
Urban,25898.0,1,6.8,2,3,1,1,1,49.6,55.7,0,6,1
Urban,7854.0,1,8.5,2,4,2,3,1,97.3,63.4,7,6,1
Semi-urban,12850.0,1,2.0,0,7,2,1,2,54.1,45.1,0,3,0
Urban,9113.0,0,0.8,1,5,2,1,2,83.7,91.5,0,8,0
Rural,41109.0,0,5.52,1,5,2,2,3,74.0,49.6,1,6,0
Urban,27461.0,0,19.2,0,8,2,3,2,55.4,48.6,1,8,0
Semi-urban,8981.0,2,3.6,1,4,2,2,1,61.1,77.2,2,10,0
Semi-urban,10038.0,1,0.5,2,3,1,2,2,12.3,52.3,1,9,1
Rural,4644.0,2,35.35,0,7,2,1,3,83.1,62.8,5,8,0
Semi-urban,17233.0,1,6.5,2,2,1,3,1,48.3,51.1,7,8,1
Semi-urban,2622.0,1,7.9,1,3,1,3,2,12.1,63.6,2,7,1
Rural,15470.0,0,7.68,0,9,2,2,2,84.6,53.1,6,8,1
Semi-urban,5411.0,0,2.5,0,7,2,2,2,78.2,76.9,0,7,0
Semi-urban,5025.0,1,6.4,0,7,3,3,1,69.1,64.5,0,5,0
Rural,13339.0,1,26.48,0,5,2,3,2,62.5,40.0,2,3,1
Rural,4155.0,0,7.93,0,10,2,2,3,79.9,58.7,4,8,1
Urban,2238.0,1,12.4,0,5,2,3,2,81.8,88.6,4,8,0
Rural,2960.0,1,28.85,2,5,1,2,2,37.6,35.0,1,5,1
Semi-urban,9500.0,0,1.2,2,2,1,2,1,84.7,73.3,6,8,1
Semi-urban,27154.0,1,6.2,0,8,2,1,2,86.8,73.4,5,10,0
Rural,2000.0,0,7.53,0,7,2,3,2,10.0,59.5,0,8,0
Semi-urban,8596.0,2,3.2,0,5,2,3,1,81.8,35.0,1,3,0
Rural,4864.0,2,35.19,0,7,1,3,3,38.1,53.6,4,5,1
Urban,14671.0,2,4.6,1,8,2,1,2,73.5,63.3,2,5,0
Semi-urban,4889.0,1,2.1,2,2,3,3,1,65.2,60.0,5,8,1
Rural,2003.0,0,12.63,0,9,3,1,3,75.5,80.3,0,5,0
Urban,24737.0,0,0.6,1,5,2,2,2,72.1,74.8,6,3,1
Rural,24384.0,1,17.93,1,2,2,3,3,52.2,58.5,0,6,1
Urban,23018.0,1,0.5,1,8,3,2,2,53.8,43.8,0,2,0
Urban,12014.0,2,10.2,1,7,2,2,2,32.3,73.9,1,6,0
Semi-urban,14855.0,0,2.4,1,6,3,3,1,66.8,82.8,0,6,0
Semi-urban,16701.0,1,4.5,1,9,2,1,3,67.7,41.2,0,6,0
Rural,4780.0,0,5.05,2,6,3,1,2,79.0,35.0,1,4,1
Semi-urban,7095.0,0,4.2,2,5,3,3,2,29.6,36.4,0,5,1
Rural,6255.0,1,18.49,2,4,1,2,3,71.5,81.8,5,6,1
Semi-urban,22780.0,0,9.4,0,3,1,2,2,37.0,42.2,1,5,1
Rural,25226.0,0,32.89,0,6,2,1,2,78.1,36.7,0,7,0
Urban,19596.0,0,1.8,2,2,1,2,1,46.0,42.1,0,2,1
Rural,6804.0,1,6.37,0,8,2,2,3,49.1,53.3,1,3,0
Rural,16858.0,0,8.82,1,2,2,3,1,23.8,54.1,1,9,1
Semi-urban,9882.0,1,12.4,1,6,2,2,3,57.1,38.1,1,10,0
Semi-urban,22832.0,1,3.1,0,6,1,1,3,88.4,75.5,0,10,0
Urban,6633.0,1,0.5,0,5,2,1,2,79.0,60.4,0,6,0
Rural,14404.0,0,9.67,0,8,2,3,2,94.0,42.9,0,9,0
Semi-urban,26316.0,2,7.9,0,6,2,1,3,71.0,88.7,6,10,0
Urban,17123.0,1,1.5,0,6,3,2,2,61.8,65.0,0,7,0
Semi-urban,25204.0,1,2.7,2,3,3,2,1,75.1,75.3,4,8,1
Rural,4169.0,2,23.2,1,1,2,3,3,39.7,84.8,1,10,1
Semi-urban,10489.0,1,30.0,1,8,2,1,3,10.0,54.9,0,4,0
Semi-urban,2000.0,1,2.0,1,5,2,1,2,16.0,35.0,0,6,1
Urban,13689.0,0,4.2,1,9,3,1,3,87.4,80.3,0,6,0
Rural,7317.0,0,3.06,1,7,2,1,2,57.7,69.2,2,10,0
Rural,8538.0,0,10.03,1,4,1,2,3,66.8,68.1,1,4,0
Rural,5117.0,0,8.6,1,5,2,3,3,58.6,61.1,0,7,1
Semi-urban,7981.0,2,18.6,1,3,2,3,3,35.1,54.4,4,8,1
Semi-urban,13250.0,0,21.5,0,10,3,2,3,81.9,100.0,2,8,0
Semi-urban,20811.0,2,1.9,1,9,2,3,3,92.0,45.6,3,7,0
Rural,5494.0,1,31.2,1,6,2,2,1,39.6,43.5,5,3,1
Semi-urban,6976.0,2,5.6,0,3,1,3,1,60.8,64.9,1,6,0
Rural,23851.0,1,1.28,0,6,3,3,2,64.4,91.3,2,6,0
Semi-urban,6572.0,1,1.6,2,5,2,3,1,96.5,100.0,0,10,0
Rural,3564.0,1,7.24,0,1,1,3,1,55.4,96.0,0,8,1
Urban,6511.0,1,1.0,1,5,3,3,2,64.3,44.6,0,6,1
Rural,19266.0,0,5.12,1,1,1,3,1,55.7,77.2,3,7,1
Rural,6185.0,2,20.17,0,5,2,3,2,56.3,96.7,1,10,1
Semi-urban,3250.0,1,1.7,2,6,2,2,2,80.9,60.6,6,10,1
Urban,12148.0,2,12.4,0,5,2,3,1,93.6,84.6,0,10,0
Semi-urban,9412.0,1,6.6,1,8,3,1,3,80.4,54.4,7,4,1
Urban,14295.0,1,11.7,1,4,2,2,2,75.3,68.7,0,5,0
Urban,9371.0,1,5.0,1,8,2,1,2,66.0,67.1,6,7,1
Urban,34230.0,1,3.0,2,4,1,3,2,89.6,56.3,0,6,0
Rural,4929.0,0,16.59,1,4,1,1,3,10.0,70.7,0,6,1
Urban,7830.0,1,0.5,1,3,1,1,2,83.5,85.7,9,10,1
Rural,7733.0,0,12.18,0,4,2,2,2,81.2,46.9,0,6,1
Rural,21438.0,2,31.74,0,6,2,2,3,17.8,71.5,1,7,1
Semi-urban,31019.0,1,1.2,0,5,3,2,2,72.0,63.5,0,3,0
Urban,14551.0,2,4.7,0,10,3,1,3,14.6,39.2,1,6,0
Urban,4999.0,0,1.1,1,5,2,3,1,35.9,80.2,3,6,1
Semi-urban,13550.0,0,1.8,0,5,2,1,2,22.2,51.4,8,4,1
Rural,28841.0,1,3.05,0,6,3,2,2,97.0,100.0,0,10,0
Rural,7431.0,0,0.7,0,3,1,1,1,10.0,69.9,0,8,1
Rural,3011.0,1,0.84,0,9,3,2,2,23.2,100.0,2,10,0
Rural,2000.0,0,3.34,1,8,2,2,2,79.8,40.2,0,4,0
Semi-urban,4571.0,0,2.7,1,10,2,2,3,94.9,60.6,5,6,1
Urban,28000.0,0,12.6,1,6,2,3,1,74.1,74.8,0,8,0
Rural,13630.0,0,4.29,1,3,1,3,2,71.8,58.8,0,7,1
Rural,4700.0,1,8.68,0,5,1,2,2,57.1,69.0,4,7,1
Urban,27016.0,1,0.5,1,4,3,3,3,43.8,68.5,3,5,1
Urban,3469.0,1,2.8,0,4,1,1,2,64.1,86.2,0,6,0
Urban,9903.0,0,13.4,1,6,2,1,2,13.3,69.4,7,10,1
Urban,8123.0,0,9.8,1,2,2,2,1,54.1,63.0,1,4,1
Urban,6256.0,1,2.5,1,10,3,3,3,58.1,46.0,1,4,1
Urban,19166.0,1,1.9,0,5,2,2,2,95.3,67.6,0,10,0
Urban,34891.0,1,1.6,0,4,1,2,2,51.3,55.1,0,7,0
Semi-urban,8633.0,1,17.5,0,3,1,3,2,58.4,70.7,5,10,1
Urban,5438.0,1,6.7,1,4,1,1,3,60.0,90.7,0,8,0
Rural,2305.0,1,11.63,0,7,3,3,2,30.4,52.7,5,6,1
Rural,3704.0,0,0.75,0,1,1,3,1,81.3,55.4,0,5,1
Urban,24422.0,1,9.0,0,6,3,3,2,66.0,50.5,4,3,1
Rural,3745.0,0,15.99,1,9,2,1,3,53.9,44.0,1,6,1
Urban,3486.0,2,21.9,1,10,3,1,2,63.9,42.7,1,8,0
Urban,8121.0,1,0.8,2,6,2,3,2,10.0,60.4,0,5,0
Semi-urban,12752.0,1,1.8,1,6,2,2,1,73.4,54.6,0,8,0
Urban,19502.0,2,0.5,1,8,2,1,2,77.4,46.0,7,8,1
Rural,24404.0,1,22.0,1,4,1,2,2,69.5,78.6,3,9,1
Urban,18179.0,0,12.6,0,3,3,2,1,26.3,59.3,1,7,0
Rural,8425.0,1,28.93,0,5,1,2,2,67.7,64.7,1,8,0
Urban,2649.0,2,14.9,0,9,2,1,2,77.0,35.0,2,7,0
Urban,8281.0,0,5.2,1,10,3,2,3,78.3,72.6,4,6,1
Rural,6611.0,2,3.07,1,5,3,3,3,65.1,63.3,2,8,1
Semi-urban,3589.0,1,1.5,0,7,2,2,2,82.2,44.3,0,8,0
Semi-urban,3881.0,1,2.4,0,6,1,2,2,55.8,47.2,1,4,1
Urban,4566.0,0,7.4,1,9,2,2,2,26.1,51.8,1,6,0
Urban,4875.0,0,10.8,2,10,3,1,3,86.2,88.3,1,8,0
Rural,3292.0,1,2.96,1,7,2,1,2,64.6,45.9,0,9,0
Rural,30766.0,0,11.27,1,5,2,1,3,47.3,64.0,0,6,0
Urban,9301.0,1,1.3,1,4,2,3,3,49.8,63.3,0,8,0
Urban,5594.0,0,4.8,1,3,1,3,1,44.9,57.7,1,10,1
Urban,10169.0,2,16.7,1,3,3,1,3,85.6,66.5,3,5,0
Semi-urban,12104.0,0,3.9,2,5,2,3,1,62.3,40.0,4,5,1
Urban,11694.0,1,2.7,2,10,3,1,2,93.7,38.6,0,8,0
Rural,2297.0,2,1.23,1,6,2,3,2,31.8,35.0,4,4,1
Semi-urban,5477.0,2,4.4,0,7,1,2,3,93.7,100.0,3,5,0
Semi-urban,50000.0,0,5.9,1,6,3,1,2,81.3,78.1,0,6,0
Urban,39819.0,0,19.9,1,6,3,1,2,49.0,48.2,0,5,0
Rural,3912.0,0,8.9,0,4,2,3,1,55.3,72.5,1,6,1
Semi-urban,7081.0,0,10.7,1,6,2,3,2,73.7,89.9,8,8,1
Rural,5501.0,1,1.88,1,5,2,2,1,61.3,68.6,0,6,1
Semi-urban,6067.0,2,15.3,0,3,1,3,1,68.0,80.7,1,10,0
Rural,5281.0,1,0.77,1,4,1,1,3,27.7,35.0,1,6,1
Rural,5597.0,1,5.15,0,3,1,2,1,20.3,58.1,1,7,1
Rural,25661.0,1,7.53,1,2,1,3,1,68.3,48.4,3,5,1
Urban,50000.0,0,8.0,1,7,3,2,3,19.2,57.5,1,7,0
Semi-urban,33750.0,0,14.9,1,6,2,2,3,84.7,72.6,4,5,1
Semi-urban,9345.0,2,1.7,0,5,2,3,1,21.6,79.7,1,8,0
Semi-urban,6203.0,1,11.1,2,10,2,2,3,61.2,80.1,1,6,0
Rural,3982.0,2,26.42,2,7,2,3,2,66.6,61.1,2,3,1
Rural,2133.0,2,1.05,0,9,3,1,3,69.7,45.8,9,7,1
Rural,2874.0,0,3.66,0,4,2,3,1,54.1,79.3,0,8,1
Rural,18259.0,1,21.15,0,4,1,2,3,12.6,38.4,1,10,1
Urban,21816.0,2,2.0,2,8,2,2,2,64.0,57.0,3,5,0
Semi-urban,3479.0,0,3.0,1,6,2,3,1,58.3,64.5,1,5,1
Rural,5750.0,2,18.11,1,5,2,1,3,68.6,55.8,4,7,1
Rural,8527.0,1,50.0,0,6,2,3,2,69.5,59.1,0,9,0
Rural,14963.0,1,34.46,0,8,3,3,1,69.2,64.1,3,7,0
Rural,3371.0,0,28.03,1,10,3,2,2,59.6,60.3,0,9,0
Rural,10816.0,1,9.73,1,4,2,3,2,26.4,80.0,0,8,0
Semi-urban,10140.0,1,6.9,2,7,3,1,2,64.0,66.2,4,6,1
Rural,12250.0,0,27.97,0,3,1,3,3,10.0,47.3,0,5,1
Rural,23300.0,1,30.45,1,4,3,3,2,55.9,83.5,1,4,1
Semi-urban,26489.0,0,12.5,0,6,2,2,2,91.2,70.1,3,6,0
Semi-urban,8586.0,2,15.6,2,9,3,3,1,63.4,54.0,0,5,0
Semi-urban,7210.0,0,31.0,0,4,2,1,1,76.5,56.5,0,7,0
Urban,4703.0,1,14.6,2,3,1,2,1,18.9,88.1,3,8,1
Rural,16086.0,1,2.31,1,9,2,3,2,72.9,35.0,1,3,1
Rural,6839.0,0,26.6,0,7,2,3,1,63.5,66.4,0,7,1
Urban,5028.0,1,15.1,0,6,2,2,2,45.4,57.9,1,10,0
Urban,10649.0,1,1.4,1,6,2,3,1,76.0,82.2,0,7,0
Rural,12208.0,0,16.27,2,8,3,2,3,77.9,40.6,0,9,0
Semi-urban,20114.0,2,2.0,2,1,1,3,1,10.3,46.6,1,6,1
Urban,13107.0,0,22.0,1,3,1,3,2,81.0,85.6,0,10,0
Rural,7209.0,0,1.39,2,7,3,2,2,91.6,80.2,3,7,0
Urban,22874.0,1,0.5,0,2,3,3,1,37.7,57.1,1,7,0
Rural,2229.0,0,0.83,1,8,2,1,3,56.2,47.4,0,7,0
Rural,14377.0,2,9.41,0,10,3,2,3,91.4,57.3,1,9,0
Semi-urban,7923.0,1,3.4,2,5,2,2,3,94.2,75.1,0,6,0
Rural,18455.0,0,6.56,0,6,2,2,2,46.3,59.6,1,6,0
Semi-urban,13000.0,0,35.6,1,4,3,3,3,54.5,55.6,1,8,1
Rural,5299.0,0,2.55,0,4,2,3,3,50.2,57.3,1,10,1
Rural,23285.0,1,29.7,0,3,1,1,3,77.9,61.2,0,5,0
Rural,12137.0,1,2.85,0,7,2,2,3,67.6,36.7,1,6,0
Rural,4684.0,1,5.49,0,3,2,2,1,74.6,91.3,0,6,1
Rural,4705.0,1,15.05,2,4,1,2,2,20.7,68.6,1,6,1
Urban,12317.0,0,12.2,0,5,1,1,2,65.5,63.9,0,6,0
Urban,12429.0,0,9.6,2,10,3,1,3,72.6,76.9,0,4,0
Urban,8563.0,2,0.5,0,5,2,2,2,32.0,75.2,1,8,0
Urban,3732.0,1,2.3,2,7,2,1,3,10.0,53.9,1,7,0
Urban,7775.0,1,2.2,1,3,1,3,3,16.8,35.0,0,7,1
Urban,22447.0,1,4.8,0,5,3,3,2,51.5,35.0,0,6,1
Urban,22098.0,0,9.6,1,3,1,3,2,74.9,69.8,0,6,0
Rural,30536.0,1,7.04,0,5,2,3,1,54.2,69.9,2,10,0
Semi-urban,28448.0,1,1.1,1,7,2,2,2,66.4,60.8,0,4,0
Semi-urban,7338.0,0,3.1,2,9,3,1,3,24.7,58.4,2,8,1
Semi-urban,34222.0,0,10.7,1,10,3,2,3,51.1,42.6,0,4,0
Rural,3601.0,1,23.59,1,2,1,1,1,70.0,46.2,0,8,1
Urban,15154.0,2,2.6,0,4,2,2,1,46.3,51.7,2,5,1
Semi-urban,11651.0,2,3.3,0,7,2,3,2,24.2,36.2,5,6,1
Rural,10712.0,1,3.95,0,6,2,2,1,34.6,62.6,1,5,0
Semi-urban,2966.0,2,4.9,1,8,2,3,3,16.7,77.7,7,6,1
Urban,22595.0,2,3.3,2,5,1,2,2,73.1,86.0,1,10,0
Rural,12104.0,0,2.48,1,6,2,2,2,38.0,53.0,5,7,1
Urban,8696.0,2,3.9,0,9,3,2,2,55.9,68.9,3,10,0
Urban,4486.0,2,11.8,1,5,2,2,2,19.2,49.8,1,8,0
Urban,11317.0,0,6.7,2,9,3,2,2,93.9,95.2,0,10,0
Urban,50000.0,0,2.2,2,4,1,2,2,20.1,53.0,4,10,1
Semi-urban,21011.0,1,14.1,0,5,1,1,2,90.3,84.7,0,8,0
Semi-urban,5951.0,1,15.5,2,6,2,2,2,72.9,58.3,3,6,1
Rural,7896.0,1,3.81,2,2,1,3,2,67.1,85.2,0,8,1
Urban,7775.0,2,1.6,2,3,1,3,1,94.9,59.0,0,5,0
Urban,16505.0,1,0.6,1,5,2,3,2,62.0,66.8,2,4,0
Urban,4840.0,2,0.6,0,5,2,2,1,63.3,97.8,4,9,0
Semi-urban,15583.0,1,2.5,1,6,1,1,3,27.3,59.1,5,8,1
Urban,14635.0,1,11.4,2,3,1,3,1,85.6,75.4,0,5,0
Rural,3889.0,2,7.71,0,6,2,2,2,71.3,56.8,7,9,1
Semi-urban,4851.0,2,4.5,0,4,2,3,1,30.0,75.0,4,6,1
Semi-urban,7350.0,0,5.0,1,2,1,3,2,34.1,35.0,6,4,1
Rural,20263.0,0,5.39,2,8,2,2,3,20.0,45.7,0,4,0
Rural,6849.0,1,12.39,0,10,3,1,3,68.9,46.9,1,2,0
Rural,15443.0,2,1.17,2,4,1,1,3,11.9,59.9,1,5,0
Urban,8747.0,1,9.2,1,6,2,1,3,52.1,49.7,5,3,1
Rural,10942.0,1,6.43,1,4,2,2,3,64.4,52.5,0,3,0
Urban,30601.0,2,28.2,0,6,3,3,2,13.8,55.0,0,6,0
Semi-urban,10436.0,2,0.9,1,9,2,1,3,25.4,37.6,0,4,0
Urban,7516.0,1,1.7,1,4,1,2,1,51.7,52.0,7,6,1
Rural,28251.0,0,8.4,1,10,3,1,2,82.1,55.6,2,7,0
Semi-urban,9236.0,1,8.9,0,1,1,2,1,35.9,35.2,2,6,1
Semi-urban,18752.0,0,1.2,2,6,3,3,1,19.1,71.9,1,6,1
Rural,22816.0,0,1.49,0,6,3,3,1,65.7,64.1,1,4,0
Rural,31515.0,0,5.0,0,2,1,1,1,51.4,66.0,8,5,1
Rural,13810.0,0,1.52,0,5,3,3,1,91.3,100.0,3,9,0
Urban,11135.0,1,0.6,0,10,3,2,3,87.9,74.1,1,6,0
Semi-urban,9624.0,0,15.8,2,3,1,3,2,35.3,35.0,3,6,1
Rural,19477.0,0,34.23,2,5,1,3,1,87.3,64.7,4,7,1
Rural,4336.0,1,23.4,2,7,2,2,2,60.8,50.6,0,3,1
Semi-urban,7053.0,0,0.7,1,5,2,3,1,37.0,36.4,1,5,1
Rural,2929.0,0,6.84,0,7,2,3,2,75.7,91.6,4,10,1
Rural,3749.0,1,10.1,0,9,2,2,3,93.4,67.4,0,4,0
Urban,5388.0,2,11.6,1,6,3,2,2,82.7,78.8,0,6,0
Urban,37029.0,2,5.4,2,5,1,1,2,80.0,45.8,0,4,0
Semi-urban,6771.0,2,28.9,1,7,2,1,2,82.2,37.5,0,10,0
Semi-urban,3480.0,2,7.8,0,5,1,1,2,56.4,82.6,4,10,1
Urban,15180.0,2,24.2,2,3,1,3,1,29.4,62.2,1,4,1
Semi-urban,3234.0,0,2.4,0,8,2,1,3,47.6,80.8,5,7,1
Urban,11912.0,0,0.9,1,5,1,3,2,81.3,69.9,0,6,0
Semi-urban,7010.0,1,0.9,0,7,3,2,3,73.8,55.1,0,9,0
Semi-urban,8213.0,0,6.3,2,3,1,3,3,11.3,35.0,1,6,1
Rural,30011.0,0,7.99,2,3,3,1,3,91.0,64.4,0,5,0
Semi-urban,2009.0,2,3.9,2,7,2,1,3,98.9,60.0,1,5,0
Semi-urban,23304.0,1,6.6,2,9,2,1,2,19.0,49.0,2,6,0
Semi-urban,25201.0,1,2.3,1,2,3,3,3,10.0,57.1,1,6,1
Semi-urban,18325.0,1,7.3,0,7,2,1,3,63.9,47.2,1,9,0
Urban,4360.0,1,2.1,1,5,2,2,1,84.1,74.4,2,7,0
Rural,2085.0,0,50.0,0,4,1,2,2,28.4,44.8,1,6,1
Rural,29049.0,0,14.6,1,6,3,3,2,35.4,53.0,1,9,1
Rural,2491.0,0,8.41,2,3,1,3,1,69.6,50.6,1,9,1
Rural,21811.0,1,19.23,1,9,3,2,2,70.6,66.8,3,7,0
Rural,7428.0,0,24.05,1,3,3,1,3,93.9,70.6,0,6,0
Urban,5493.0,0,9.2,1,7,2,1,2,94.6,76.1,0,7,0
Rural,3875.0,0,40.0,1,4,1,2,3,34.2,61.5,1,4,1
Rural,15218.0,1,6.27,2,6,1,1,2,92.6,94.1,2,7,0
Semi-urban,16603.0,1,4.2,1,3,2,3,1,70.5,60.2,0,4,0
Rural,5136.0,0,3.71,1,4,2,3,1,28.8,65.9,9,9,1
Semi-urban,7073.0,1,11.6,1,4,2,3,2,37.4,58.3,2,6,1
Rural,6678.0,0,0.72,0,3,3,3,1,50.2,54.8,0,6,1
Semi-urban,11848.0,1,5.1,0,4,2,3,1,61.5,100.0,0,8,0
Urban,21291.0,0,32.9,2,5,1,1,3,69.7,53.7,0,5,0
Rural,8355.0,0,2.2,0,4,1,3,2,44.5,61.7,1,8,1
Rural,5574.0,0,3.96,0,6,3,1,3,79.0,60.0,0,7,0
Urban,44052.0,1,13.8,1,8,3,1,2,90.2,74.3,0,8,0
Semi-urban,13863.0,1,0.7,1,7,3,3,3,58.0,86.4,0,4,0
Semi-urban,12525.0,0,11.2,1,6,2,3,1,74.4,100.0,1,10,0
Urban,2779.0,1,7.2,1,6,3,3,2,42.3,54.0,1,5,1
Urban,12082.0,1,3.3,0,3,2,2,1,59.7,60.1,1,7,0
Urban,31621.0,2,11.9,0,5,2,2,2,41.7,68.1,2,6,0
Semi-urban,6227.0,0,5.4,1,7,2,2,2,40.1,57.6,2,7,1
Semi-urban,2000.0,2,8.9,0,5,3,2,1,67.8,57.5,0,7,0
Urban,4315.0,1,4.4,1,4,2,1,2,74.3,36.5,0,5,0
Semi-urban,7792.0,1,3.0,1,7,1,2,2,57.2,54.0,7,4,1
Rural,10375.0,0,15.36,0,4,2,3,3,29.7,93.3,8,8,1
Urban,2411.0,1,11.6,2,3,1,1,2,94.0,56.5,3,4,1
Semi-urban,10186.0,2,3.8,2,9,2,1,2,85.4,77.0,0,6,0
Semi-urban,25596.0,2,5.5,2,10,3,1,3,50.3,54.8,0,6,0
Urban,12599.0,1,0.5,1,6,2,2,1,32.7,53.6,2,6,0
Urban,6768.0,1,4.9,1,8,2,2,3,28.6,81.1,1,5,0
Urban,13295.0,1,13.0,0,3,1,2,3,46.0,61.7,6,5,1
Rural,18637.0,1,0.79,1,3,1,1,2,69.0,43.9,0,5,0
Urban,38265.0,0,6.4,0,7,2,3,3,63.1,65.8,2,7,0
Semi-urban,8395.0,2,1.4,1,4,3,3,3,82.3,67.2,3,10,0
Urban,18202.0,1,38.8,0,9,3,2,1,66.2,69.7,0,5,0
Urban,36130.0,1,4.3,1,4,2,3,1,27.3,72.4,0,6,0
Urban,17152.0,1,20.6,1,7,2,2,3,96.9,87.5,8,10,1
Urban,8781.0,1,1.5,0,4,3,1,2,49.8,64.5,1,6,0
Urban,6160.0,0,17.0,0,2,1,1,1,88.8,64.8,0,8,0
Urban,10393.0,0,15.0,1,8,2,1,2,82.1,83.9,0,5,0
Urban,50000.0,1,10.0,0,9,3,2,2,23.1,76.1,8,6,1
Semi-urban,22066.0,2,10.4,0,6,2,2,3,10.0,61.6,9,10,1
Rural,10782.0,1,20.11,2,7,2,2,3,80.9,73.5,4,5,0
Semi-urban,5902.0,1,1.3,1,7,2,2,2,60.9,46.3,2,4,1
Rural,5321.0,0,18.61,0,5,2,3,2,10.0,77.7,1,5,1
Rural,11242.0,2,34.12,1,8,2,2,2,68.0,69.2,0,7,0
Semi-urban,15490.0,1,2.4,0,7,2,3,3,50.7,59.7,4,6,1
Urban,30489.0,1,6.4,1,3,2,3,1,52.8,71.2,0,8,0
Urban,10465.0,0,1.4,0,3,1,1,2,51.9,56.6,1,5,0
Semi-urban,12713.0,0,4.7,1,9,3,2,3,68.5,87.1,3,8,0
Semi-urban,7751.0,1,13.3,1,7,3,1,3,80.8,58.0,2,5,0
Urban,37474.0,0,1.7,1,6,1,1,3,75.8,75.4,1,9,0
Rural,36942.0,0,28.6,1,10,3,1,3,51.2,47.9,0,10,0
Rural,3931.0,0,23.82,1,5,3,3,3,52.2,80.2,0,9,1
Semi-urban,2703.0,1,21.0,2,7,3,3,2,22.4,69.9,1,6,0
Urban,19509.0,0,9.8,2,7,3,2,2,68.7,42.5,0,6,0
Rural,2861.0,2,3.48,0,5,2,3,1,99.7,53.8,4,10,1
Semi-urban,6298.0,2,1.1,2,7,2,1,3,74.6,56.0,0,6,0
Semi-urban,16374.0,1,28.2,1,7,2,1,3,10.0,58.7,1,10,0
Rural,4260.0,1,10.51,2,3,2,1,2,82.4,51.3,0,4,0
Urban,43448.0,0,5.2,2,9,2,2,3,88.5,45.2,2,4,0
Urban,30631.0,2,0.5,1,6,2,3,1,34.0,40.2,3,5,1
Semi-urban,10706.0,1,4.9,1,2,1,2,2,62.6,68.0,7,7,1
Semi-urban,6114.0,2,16.5,1,6,1,1,3,30.3,48.4,0,4,0
Urban,3330.0,0,10.0,1,10,3,1,2,97.8,68.8,0,6,0
Urban,22198.0,1,22.3,1,9,3,2,3,14.0,38.6,1,6,0
Semi-urban,18204.0,1,3.3,2,7,1,1,3,72.4,35.0,5,4,1
Semi-urban,5512.0,0,3.0,2,1,1,3,1,26.3,61.5,1,8,1
Rural,7424.0,1,24.84,1,3,1,2,2,42.5,56.5,1,6,1
Rural,7574.0,0,13.27,1,3,2,3,1,25.7,41.1,0,6,1
Urban,8697.0,0,6.6,2,6,2,3,1,78.5,52.2,1,8,1
Semi-urban,11532.0,1,4.2,0,6,3,2,1,56.4,69.6,5,5,1
Semi-urban,50000.0,0,9.6,1,5,2,3,3,86.5,84.9,1,6,0
Semi-urban,16078.0,0,4.5,1,7,2,3,2,37.4,35.0,1,4,1
Semi-urban,25299.0,1,2.2,1,5,2,2,2,60.0,57.1,3,10,1
Urban,7672.0,1,2.6,2,9,3,1,3,56.1,35.0,2,4,0
Urban,13833.0,2,33.8,0,3,1,3,2,54.8,54.2,0,8,1
Urban,50000.0,0,5.9,1,4,2,2,2,30.6,59.3,0,10,1
Rural,13049.0,1,50.0,1,7,2,3,1,80.6,63.0,0,5,0
Urban,8741.0,0,11.7,1,6,1,2,3,40.1,43.4,1,4,1
Rural,26209.0,0,14.22,2,6,1,2,3,18.4,51.8,7,9,1
Semi-urban,9150.0,1,0.5,0,2,3,3,1,20.3,73.4,2,5,1
Semi-urban,7740.0,2,18.6,2,4,1,2,3,71.7,56.1,0,7,0
Urban,50000.0,0,2.9,1,5,3,1,2,74.5,63.8,4,5,0
Urban,9035.0,1,2.6,1,7,3,3,2,44.0,37.8,0,8,0
Rural,5737.0,1,4.98,0,4,2,3,3,49.4,69.9,4,8,1
Rural,6969.0,1,0.97,1,2,1,3,2,78.2,70.4,7,7,1
Rural,5126.0,1,22.11,0,6,3,2,1,10.0,41.5,2,9,1
Urban,37401.0,0,4.1,1,5,3,3,2,62.5,55.0,3,7,1
Urban,3204.0,0,16.1,1,6,1,1,2,72.9,70.7,0,8,0
Semi-urban,10603.0,1,8.1,1,2,1,2,3,63.7,87.1,1,5,1
Semi-urban,6901.0,1,9.0,1,8,2,2,2,53.5,38.3,2,3,1
Rural,10676.0,1,4.01,1,5,1,3,3,60.2,92.1,1,6,0
Rural,15130.0,1,3.71,0,5,3,3,1,71.3,57.8,0,6,0
Semi-urban,10767.0,0,2.1,0,3,1,2,2,59.7,60.4,2,6,1
Rural,30390.0,2,3.06,1,5,3,2,2,10.0,75.8,1,3,0
Urban,31249.0,2,6.7,0,5,1,2,2,93.7,60.4,0,10,0
Rural,2060.0,1,0.87,1,8,2,2,3,89.3,35.0,0,6,0
Rural,6935.0,0,6.45,0,2,2,3,1,64.6,42.6,1,8,1
Rural,7478.0,0,8.96,1,6,3,3,1,45.3,54.6,3,6,1
Semi-urban,6529.0,1,11.7,1,10,2,1,3,92.5,85.6,0,8,0
Semi-urban,10915.0,1,0.5,1,6,3,3,1,71.6,49.3,0,6,0
Urban,4183.0,2,6.3,2,6,2,1,3,65.1,67.7,1,9,0
Rural,6532.0,0,4.38,1,9,3,1,3,83.3,55.7,5,5,1
Urban,9362.0,0,5.5,0,4,2,3,3,58.9,40.1,1,7,1
Semi-urban,32532.0,1,0.5,1,2,2,3,1,88.2,87.5,0,7,0
Urban,29044.0,0,1.2,2,5,2,2,1,60.7,45.1,0,5,1
Urban,7654.0,0,5.2,0,3,1,2,1,70.2,44.5,3,3,1
Semi-urban,13242.0,0,26.7,0,4,1,1,2,61.3,71.2,0,6,0
Semi-urban,8265.0,2,6.4,1,8,2,1,3,60.5,70.7,0,10,0
Rural,5269.0,1,25.05,1,5,2,2,2,21.7,83.3,0,7,1
Rural,2633.0,0,1.05,2,7,2,3,1,61.4,75.2,2,6,1
Urban,29107.0,1,3.1,0,10,3,3,3,46.9,67.8,1,8,0
Urban,16062.0,0,1.7,2,9,3,2,2,83.4,59.6,9,6,1
Urban,11046.0,1,14.6,0,7,3,3,2,26.0,80.5,0,6,0
Urban,29102.0,1,7.2,2,3,1,2,1,97.2,86.2,2,6,1
Urban,18801.0,1,4.1,0,8,2,1,2,34.0,50.6,1,7,0
Urban,7220.0,1,2.5,1,9,2,1,3,60.8,89.2,2,8,0
Rural,5284.0,1,2.19,1,6,2,3,2,43.3,56.7,8,6,1
Urban,20899.0,0,1.8,1,9,2,1,2,74.2,55.9,0,6,0
Urban,23953.0,1,3.1,1,5,2,3,1,48.0,57.5,2,7,1
Semi-urban,7248.0,0,0.6,0,8,2,1,3,71.9,37.7,0,8,0
Urban,27563.0,1,0.5,1,10,3,1,3,79.4,65.3,0,8,0
Urban,20792.0,0,1.2,1,4,1,1,2,64.7,77.3,0,8,0
Urban,14624.0,0,13.9,0,3,1,3,1,82.7,40.8,1,6,1
Semi-urban,4449.0,2,15.2,0,3,1,3,1,98.7,75.7,9,8,1
Semi-urban,21745.0,0,9.5,1,7,2,3,2,54.0,35.0,1,7,1
Semi-urban,4326.0,1,13.1,2,3,1,3,1,89.7,45.9,0,6,1
Semi-urban,5245.0,2,2.5,2,8,3,1,3,84.5,53.5,1,5,0
Urban,27753.0,0,1.0,0,4,1,2,1,71.4,67.1,2,6,0
Semi-urban,6140.0,1,17.5,1,6,2,1,2,26.6,63.7,1,6,0
Rural,12678.0,0,16.47,1,4,2,2,1,78.1,51.4,3,6,1
Semi-urban,9137.0,0,10.2,1,7,2,3,2,18.1,68.6,5,8,1
Urban,22348.0,1,5.9,0,4,1,1,2,77.6,68.8,0,6,0
Urban,7604.0,0,3.6,2,5,2,1,2,89.5,42.0,0,6,0
Urban,8191.0,1,7.7,0,3,2,3,1,27.2,38.8,4,8,1
Urban,13268.0,1,41.2,0,5,1,1,3,65.5,100.0,0,10,0
Urban,7439.0,0,1.2,0,6,3,2,3,43.2,46.2,7,7,1
Semi-urban,16926.0,0,4.8,1,6,2,1,3,76.4,63.0,0,4,0
Semi-urban,9728.0,0,1.4,1,4,1,2,2,75.9,63.1,2,8,1
Semi-urban,22338.0,1,0.5,0,6,3,3,1,94.4,77.0,0,6,0
Rural,6299.0,1,11.15,1,7,2,3,3,21.8,77.2,1,10,1
Urban,32647.0,2,1.6,0,7,2,3,2,87.6,90.9,2,9,0
Semi-urban,6294.0,1,0.5,0,7,2,3,2,78.4,56.1,0,8,0
Semi-urban,12624.0,1,8.0,2,7,2,3,2,77.9,45.8,5,6,1
Rural,5595.0,1,34.12,1,6,2,2,1,65.9,45.2,1,8,1
Semi-urban,8312.0,1,15.3,2,8,2,1,2,66.5,65.8,0,8,0
Rural,4228.0,0,17.12,1,5,3,2,2,59.6,51.0,2,6,1
Urban,9108.0,0,1.0,0,4,1,1,2,53.3,75.1,1,8,0
Urban,40423.0,1,1.5,0,5,1,2,2,82.9,44.5,0,8,0
Semi-urban,14116.0,1,16.3,0,6,1,2,2,68.7,99.1,0,8,0
Rural,7284.0,0,2.95,0,2,1,2,3,82.4,72.4,6,8,1
Urban,18468.0,1,25.5,0,3,3,3,1,43.7,46.3,4,3,1
Rural,4465.0,2,8.79,0,10,3,1,2,74.7,85.9,1,5,0
Semi-urban,16617.0,0,3.3,0,8,3,3,1,90.6,100.0,0,6,0
Rural,2109.0,1,6.04,0,7,2,2,2,58.4,62.3,1,7,0
Semi-urban,7454.0,1,6.8,0,8,2,2,2,53.6,70.7,1,4,0
Rural,4051.0,0,22.29,0,6,2,2,3,83.6,63.4,0,10,0
Rural,6645.0,1,4.27,1,2,3,2,1,49.7,48.7,3,6,1
Urban,11566.0,1,1.4,1,1,1,3,1,40.3,70.2,3,8,1
Rural,15450.0,1,12.0,1,2,2,2,2,87.4,66.1,0,8,0
Rural,9513.0,1,8.18,2,4,1,3,1,44.8,76.9,1,6,1
Rural,5750.0,1,3.19,0,7,2,1,2,24.0,47.2,1,5,0
Rural,14157.0,0,2.04,0,7,2,1,3,75.5,56.0,0,3,0
Rural,5591.0,0,11.41,1,2,1,3,1,62.4,52.4,0,6,1
Rural,2000.0,1,0.81,0,9,3,1,3,68.2,69.3,3,8,0
Rural,8387.0,0,2.9,1,5,2,3,3,50.8,37.1,9,3,1
Semi-urban,4454.0,2,9.9,2,2,1,3,1,77.0,74.6,0,8,0
Urban,7864.0,1,0.9,0,5,1,2,2,86.8,71.9,0,6,0
Urban,8876.0,0,30.1,0,4,2,1,1,57.1,71.9,0,8,0
Semi-urban,11409.0,2,7.9,0,6,2,3,1,45.9,72.6,0,7,0
Urban,50000.0,1,0.5,1,7,2,3,2,78.1,71.2,0,6,0
Rural,2752.0,0,7.65,0,6,2,2,2,59.9,69.7,8,4,1
Rural,28915.0,0,1.88,1,6,2,1,3,90.1,53.2,0,3,0
Semi-urban,11374.0,0,5.4,1,9,2,3,3,80.9,71.2,3,8,0
Urban,21153.0,1,13.4,0,10,3,1,3,98.1,95.7,0,9,0
Semi-urban,7658.0,2,2.5,0,6,2,2,1,21.2,57.8,1,6,0
Urban,5384.0,2,2.2,0,5,1,3,3,10.0,35.0,4,4,1
Urban,4364.0,0,17.8,2,9,3,3,2,87.6,74.0,0,6,0
Urban,50000.0,0,11.8,2,8,2,3,2,92.9,65.0,4,6,1
Semi-urban,12996.0,1,2.4,0,9,2,1,2,59.2,59.6,1,5,0
Urban,19092.0,2,0.7,0,7,2,2,1,13.3,53.9,1,8,0
Urban,50000.0,1,2.3,1,3,2,2,1,18.1,51.8,1,6,1
Urban,9008.0,0,3.0,2,7,2,1,3,76.0,43.3,0,8,0
Semi-urban,9184.0,0,20.6,1,2,1,3,2,48.0,37.5,7,8,1
Urban,13184.0,1,1.0,1,3,2,3,2,58.4,85.2,0,8,0
Semi-urban,4599.0,2,5.4,1,6,2,1,2,55.7,66.8,0,8,0
Rural,50000.0,1,20.64,1,5,2,3,1,93.5,59.2,3,5,1
Urban,3891.0,0,1.8,2,10,3,3,2,66.3,39.9,0,6,0
Semi-urban,40025.0,1,2.5,0,7,2,1,2,81.3,64.2,0,9,0
Urban,8000.0,1,9.5,0,5,1,1,2,88.1,49.3,0,6,0
Urban,9074.0,0,6.3,2,10,3,1,2,18.7,47.9,1,7,0
Rural,10421.0,0,1.29,2,6,1,2,3,76.4,72.2,1,6,1
Semi-urban,9619.0,1,1.6,0,6,2,1,3,55.3,71.2,0,6,0
Semi-urban,5476.0,1,1.3,1,10,3,1,3,78.7,90.6,1,8,0
Rural,10719.0,0,2.75,1,3,1,3,3,52.5,80.9,0,5,1
Rural,15682.0,1,0.86,2,5,2,2,1,51.0,35.0,3,5,1
Semi-urban,6406.0,1,1.6,1,8,2,2,3,80.8,50.8,0,6,0
Rural,26954.0,1,16.07,0,8,2,2,2,28.4,50.5,1,5,0
Rural,2000.0,1,39.44,0,7,3,2,2,56.5,83.5,0,6,0
Rural,6881.0,1,10.99,2,5,2,3,1,36.7,51.7,1,6,1
Rural,11125.0,0,0.8,1,10,3,1,3,82.0,41.0,0,7,0
Rural,10640.0,0,12.58,2,9,2,1,3,50.3,38.3,0,6,0
Rural,12093.0,1,13.79,0,4,1,2,2,59.2,64.3,1,10,0
Semi-urban,19685.0,0,0.5,1,6,2,2,2,10.0,50.0,4,6,1
Urban,7781.0,0,4.0,2,6,2,1,2,64.8,54.6,0,6,0
Semi-urban,6092.0,1,9.7,0,4,2,3,2,66.3,72.1,0,9,0
Urban,33264.0,0,2.9,0,5,1,2,2,92.7,98.7,4,8,0
Rural,7335.0,1,7.87,0,4,2,2,1,44.4,72.2,1,6,1
Urban,43030.0,2,4.5,2,6,2,2,3,20.5,73.9,1,7,0
Semi-urban,23788.0,1,5.2,2,9,2,3,2,67.7,38.2,0,3,1
Semi-urban,2922.0,0,6.7,2,9,3,3,2,91.2,79.5,0,6,0
Rural,9783.0,1,34.29,1,9,3,2,3,59.8,86.6,2,8,0
Urban,16231.0,1,8.7,0,2,1,3,1,41.9,35.4,3,7,1
Rural,5324.0,1,1.02,0,7,2,3,2,55.4,85.3,1,10,0
Rural,11471.0,0,3.91,2,5,2,3,1,73.1,55.9,0,8,1
Urban,7112.0,1,16.1,1,6,2,2,2,44.1,57.9,1,10,1
Semi-urban,3635.0,0,3.0,1,9,3,3,2,63.2,67.0,0,10,0
Semi-urban,33388.0,1,3.6,2,5,2,2,1,61.0,35.0,0,5,1
Semi-urban,23473.0,2,2.0,2,6,3,1,3,81.3,55.7,2,6,0
Rural,27657.0,2,22.47,0,2,1,3,1,67.3,69.1,1,8,1
Urban,3382.0,0,7.3,1,6,3,2,1,97.6,73.7,0,6,0
Rural,5421.0,0,29.09,1,6,3,3,1,54.3,56.4,6,8,1
Semi-urban,4477.0,1,8.4,2,10,3,2,3,29.8,53.1,0,4,0
Urban,6780.0,0,1.2,0,6,2,2,2,85.9,40.9,4,7,1
Rural,8044.0,1,8.58,1,3,1,1,2,81.1,45.9,0,7,0
Rural,4647.0,1,0.66,2,4,1,1,1,80.5,49.5,0,10,0
Semi-urban,7419.0,1,6.9,1,3,1,2,3,23.2,57.4,0,8,0
Urban,2850.0,0,5.2,1,3,1,2,1,12.2,55.9,3,4,1
Urban,18684.0,2,10.3,2,5,2,1,2,66.7,82.3,2,8,0
Urban,12340.0,1,4.5,0,8,2,1,2,86.8,69.7,0,9,0
Rural,2179.0,0,50.0,2,9,2,1,3,69.3,57.7,0,7,1
Rural,11601.0,0,14.19,0,7,2,2,3,88.1,100.0,0,10,0
Urban,3249.0,1,1.3,1,10,3,1,3,57.4,46.5,2,10,0
Semi-urban,8390.0,0,8.2,0,2,2,1,1,77.6,48.5,8,6,1
Rural,4331.0,0,8.05,0,9,3,3,1,79.4,73.4,0,10,0
Rural,8000.0,0,11.04,1,6,3,3,1,81.1,82.9,0,6,0
Urban,5670.0,2,1.0,0,6,3,3,1,30.2,41.2,1,10,0
Urban,14627.0,2,4.6,2,6,2,3,1,66.4,79.4,1,8,0
Semi-urban,16636.0,0,1.9,0,4,2,3,1,90.6,43.1,0,3,0
Urban,15324.0,0,1.6,2,6,2,1,2,51.6,64.1,3,8,0
Semi-urban,5727.0,1,9.3,2,6,1,3,2,20.9,43.2,3,5,1
Semi-urban,3471.0,0,0.6,2,3,2,1,1,73.9,65.3,2,6,1
Urban,3461.0,2,7.8,0,9,3,3,1,59.9,51.6,6,6,1
Urban,18737.0,1,9.0,1,7,2,2,2,48.9,88.3,1,10,0
Urban,8187.0,0,20.2,1,8,2,3,2,10.0,39.9,2,8,1
Semi-urban,8414.0,0,11.2,0,5,2,2,1,12.7,59.2,1,7,1
Semi-urban,41471.0,1,7.7,0,3,2,3,1,39.5,61.9,2,8,1
Urban,8284.0,1,3.5,2,2,2,1,1,98.8,80.4,3,9,0
Semi-urban,39117.0,0,9.0,1,10,3,3,2,93.4,37.3,0,4,0
Semi-urban,8711.0,1,3.0,0,5,2,3,2,61.0,47.7,7,7,1
Rural,3807.0,0,4.81,0,3,1,2,1,81.5,35.0,0,6,1
Urban,14508.0,2,2.2,2,6,2,1,2,36.6,67.8,0,10,0
Rural,2019.0,1,11.89,1,2,2,1,1,69.9,65.0,2,7,0
Semi-urban,5309.0,2,8.5,1,7,2,2,3,72.0,85.7,0,8,0
Semi-urban,5539.0,1,7.7,0,7,2,3,1,69.0,95.7,0,7,0
Rural,10293.0,2,5.05,1,5,1,2,3,69.0,47.5,0,6,0
Semi-urban,10348.0,2,13.5,1,7,2,1,2,94.9,77.7,0,9,0
Rural,5099.0,0,5.04,0,6,2,2,2,31.5,59.8,1,8,1
Semi-urban,10009.0,2,0.7,0,5,2,3,1,64.5,48.4,5,8,1
Rural,14656.0,1,16.98,1,10,3,2,3,17.3,50.3,3,8,1
Rural,5755.0,0,1.73,2,6,2,2,2,87.6,62.0,1,5,0
Rural,7087.0,0,13.73,0,3,1,2,2,33.7,39.7,3,6,1
Rural,2558.0,0,5.84,1,5,2,3,3,65.0,86.0,2,5,1
Semi-urban,29281.0,0,6.3,2,6,3,2,1,95.5,73.8,0,8,0
Semi-urban,5559.0,1,0.9,2,8,3,1,3,76.8,77.9,0,8,0
Semi-urban,3994.0,0,5.4,1,6,3,1,2,48.4,43.4,0,10,1
Urban,24040.0,0,12.6,1,6,3,2,1,49.8,55.3,1,5,1
Rural,15097.0,0,4.66,1,6,2,2,2,84.2,39.8,0,9,0
Rural,6584.0,0,3.81,1,5,2,1,3,77.5,94.3,0,8,0
Urban,43360.0,0,1.2,1,7,2,3,2,65.3,41.8,2,6,0
Rural,6643.0,2,11.84,0,5,3,2,1,62.6,52.3,4,8,1
Semi-urban,5169.0,0,5.1,1,7,2,2,2,88.6,39.7,7,6,1
Semi-urban,11173.0,1,5.4,1,6,2,1,2,24.6,35.0,1,5,0
Urban,40404.0,1,4.8,2,7,3,3,3,74.7,55.9,1,6,0
Urban,6143.0,1,1.8,1,4,2,2,1,89.4,66.1,0,8,0
Semi-urban,15935.0,1,16.8,1,8,2,1,2,43.2,65.3,0,3,0
Rural,7062.0,2,11.57,1,4,1,1,3,68.4,84.1,0,6,0
Urban,15199.0,1,0.5,1,7,3,1,2,35.3,70.9,2,9,0
Semi-urban,23099.0,2,6.0,1,5,3,3,3,10.5,48.6,1,6,0
Rural,3347.0,1,1.35,0,9,2,1,3,68.3,64.8,3,8,0
Semi-urban,11689.0,1,12.9,2,3,1,2,2,78.7,93.7,0,8,0
Urban,12599.0,0,8.0,0,3,2,3,1,50.9,47.9,0,7,1
Rural,24136.0,0,0.67,1,6,2,1,3,81.1,50.0,1,6,0
Semi-urban,8918.0,1,9.7,1,8,2,2,2,89.8,79.1,4,9,0
Urban,10005.0,0,7.5,1,8,2,1,2,95.4,89.8,0,8,0
Semi-urban,20434.0,1,4.9,0,5,3,1,2,19.0,66.3,1,10,0
Semi-urban,6247.0,1,5.3,1,9,2,2,3,94.3,64.3,0,6,0
Rural,2963.0,0,5.52,1,4,3,3,1,96.2,79.4,0,7,0
Urban,10661.0,1,1.0,2,5,2,2,1,57.9,64.5,1,10,0
Rural,6366.0,0,23.54,1,10,3,1,2,87.8,100.0,0,9,0
Semi-urban,3797.0,2,0.8,1,7,2,3,3,77.9,65.3,0,7,0
Semi-urban,5017.0,2,0.8,0,7,2,1,3,61.1,35.0,1,4,0
Urban,7422.0,1,1.7,0,7,2,2,3,65.2,41.7,3,7,0
Rural,6262.0,0,7.94,2,8,3,2,2,85.4,92.3,0,10,0
Rural,2807.0,2,9.72,1,10,2,1,3,72.0,74.4,0,8,0
Rural,7026.0,2,17.4,0,6,3,1,3,87.9,65.9,0,7,0
Urban,8794.0,1,0.5,2,2,1,3,1,79.9,60.2,0,8,1
Semi-urban,31691.0,2,4.0,1,5,2,3,2,25.1,65.1,1,3,1
Urban,44559.0,1,15.8,1,8,2,3,2,90.9,43.8,3,6,0
Urban,34420.0,0,20.7,2,3,2,2,1,93.2,92.7,0,8,0
Semi-urban,27525.0,2,11.3,0,7,3,1,3,35.1,73.6,6,7,1
Semi-urban,6388.0,0,4.2,0,7,3,2,2,28.4,54.9,0,6,0
Semi-urban,5913.0,0,11.9,0,9,2,2,3,38.1,64.2,1,7,0
Rural,13083.0,2,8.89,0,3,2,3,1,74.2,89.3,3,10,1
Semi-urban,40704.0,0,0.5,0,2,1,3,2,25.5,49.5,7,7,1
Urban,5663.0,0,9.2,1,6,3,1,3,61.1,55.9,1,7,0
Urban,12056.0,0,9.2,0,5,2,2,1,51.6,37.0,1,9,1
Semi-urban,20075.0,1,5.0,0,8,2,2,3,57.1,77.8,0,9,0
Rural,11807.0,1,7.36,0,5,1,1,2,60.8,59.1,9,7,1
Urban,50000.0,0,8.4,1,9,2,2,2,84.6,87.1,0,8,0
Urban,14041.0,0,6.5,0,6,3,3,3,71.3,66.1,2,7,1
Rural,9135.0,0,13.27,1,4,1,1,2,68.1,51.8,8,5,1
Semi-urban,8375.0,1,22.8,0,4,1,1,3,86.5,82.0,0,4,0
Rural,2110.0,0,0.81,2,6,2,2,2,79.4,39.2,0,4,1
Urban,13643.0,1,8.2,0,10,2,1,3,13.0,35.0,1,2,0
Rural,4853.0,0,22.0,0,4,2,3,3,63.7,98.1,0,8,1
Semi-urban,36639.0,2,10.9,1,8,3,3,1,69.6,67.2,4,4,1
Semi-urban,8134.0,0,0.5,1,5,2,2,1,24.0,61.9,5,10,1
Rural,5906.0,0,12.22,2,9,3,2,1,62.7,83.0,0,5,0
Urban,11924.0,2,8.3,2,4,3,3,1,34.0,45.7,5,6,1
Rural,21693.0,1,15.96,2,6,2,2,2,19.8,44.7,1,7,1
Semi-urban,4725.0,1,14.9,0,3,2,3,1,93.3,43.5,3,8,1
Urban,12368.0,1,13.1,1,4,2,3,2,66.3,49.6,0,4,0
Rural,4147.0,0,37.66,0,5,1,2,1,55.1,41.8,0,4,1
Semi-urban,3364.0,2,7.2,1,8,3,3,2,75.0,40.5,0,4,0
Semi-urban,11562.0,2,16.1,2,9,3,1,3,31.7,54.0,0,8,0
Rural,7414.0,1,5.12,1,6,2,2,2,75.6,75.6,1,8,0
Urban,29038.0,0,4.3,1,4,3,3,1,43.6,43.6,7,6,1
Semi-urban,2807.0,2,3.4,1,7,2,2,2,77.8,74.8,0,9,0
Urban,16161.0,0,4.3,0,2,2,3,1,87.9,37.4,0,5,1
Semi-urban,9224.0,0,24.0,0,6,1,2,2,72.9,59.9,0,5,0
Rural,5614.0,1,2.3,0,5,1,2,3,76.1,41.9,0,4,0
Urban,12545.0,0,5.3,0,6,2,1,3,45.7,41.1,0,5,0
Rural,4204.0,0,22.11,0,4,1,2,2,64.7,74.5,7,5,1
Semi-urban,21250.0,1,9.3,0,6,2,3,2,61.5,75.6,1,8,0
Urban,45843.0,1,24.3,2,9,2,3,2,87.7,58.8,2,7,0
Urban,8567.0,2,2.0,1,8,2,1,2,64.3,36.9,2,8,0
Rural,41434.0,0,0.75,1,4,2,2,3,23.7,69.2,1,5,1
Semi-urban,8765.0,1,6.3,1,9,3,2,2,90.3,77.4,0,10,0
Urban,3559.0,1,26.0,1,4,3,3,2,48.9,68.8,0,5,1
Urban,2000.0,2,0.9,2,7,3,3,2,55.1,60.9,0,6,0
Urban,11204.0,1,28.2,2,9,3,2,2,10.0,46.5,1,7,0
Semi-urban,18439.0,0,8.0,0,5,2,1,1,38.5,93.6,1,8,0
Urban,4274.0,0,20.2,2,8,2,1,3,94.9,47.0,0,7,0
Semi-urban,13764.0,0,2.0,1,6,2,1,2,79.1,60.9,0,7,0
Rural,6576.0,1,8.03,1,3,2,2,2,56.6,69.5,6,8,1
Semi-urban,10747.0,1,6.0,1,6,2,3,1,35.3,37.5,5,4,1
Rural,10750.0,0,17.42,0,3,2,3,2,37.3,65.2,2,8,1
Semi-urban,5860.0,0,3.9,0,10,3,1,2,75.4,64.5,0,10,0
Semi-urban,9830.0,0,3.1,1,5,2,3,1,76.0,66.9,0,7,0
Urban,16813.0,0,7.9,2,5,1,3,2,73.7,51.5,0,7,0
Semi-urban,13762.0,2,0.9,1,3,2,3,1,39.1,81.1,0,8,1
Urban,17666.0,1,14.7,0,3,1,2,3,88.6,88.7,2,7,0
Semi-urban,50000.0,0,4.9,0,8,3,3,2,20.3,58.6,0,5,0
Rural,44303.0,2,2.8,1,8,3,3,2,81.8,67.6,0,6,0
Rural,4500.0,1,12.62,0,2,2,3,1,42.9,90.9,0,7,1
Semi-urban,17642.0,0,34.3,1,5,1,2,3,62.7,53.6,1,8,1
Semi-urban,5337.0,0,3.9,1,9,2,1,3,88.1,66.2,0,8,0
Rural,7237.0,1,4.15,0,5,3,2,2,63.1,76.4,0,6,0
Semi-urban,10781.0,1,3.0,2,5,1,3,3,63.6,45.9,1,6,1
Rural,5870.0,0,50.0,1,2,1,2,1,55.7,35.2,4,6,1
Semi-urban,2171.0,1,5.2,1,4,1,3,1,50.5,37.0,1,7,1
Urban,4772.0,0,1.6,2,7,2,3,2,70.7,42.3,0,3,1
Semi-urban,9263.0,2,14.7,2,2,2,3,3,51.3,83.2,0,10,1
Semi-urban,3408.0,0,14.2,1,8,2,2,3,66.7,61.5,7,10,1
Rural,5459.0,0,14.35,0,5,2,3,1,77.5,64.4,0,5,0
Urban,9943.0,0,8.3,1,6,2,1,2,11.2,44.5,0,7,1
Urban,7622.0,1,21.1,1,6,2,2,2,61.1,93.0,1,6,1
Semi-urban,9263.0,0,2.2,0,5,3,2,2,10.0,62.6,0,7,1
Urban,10181.0,0,2.2,0,9,2,2,2,69.5,75.1,0,8,0
Semi-urban,6519.0,1,27.4,1,2,1,3,3,41.4,57.1,1,3,1
Rural,2000.0,0,11.95,1,2,1,3,2,45.7,43.5,5,10,1
Semi-urban,9791.0,1,6.1,0,9,3,1,3,85.3,95.6,2,6,0
Urban,30670.0,2,6.9,0,2,2,3,3,55.9,83.2,0,8,0
Urban,11069.0,1,5.6,1,2,2,1,1,14.9,37.9,3,7,1
Rural,8233.0,0,7.48,0,5,2,1,2,53.3,35.9,1,6,0
Urban,32133.0,1,2.3,1,6,2,3,1,66.8,49.8,2,8,1
Rural,15562.0,0,4.0,0,9,2,2,2,84.5,93.3,3,9,0
Urban,33807.0,2,0.9,1,5,1,1,3,85.5,56.1,0,6,0
Urban,16387.0,1,6.2,1,2,3,3,1,51.2,75.7,6,6,1
Rural,6024.0,0,8.37,0,3,1,2,3,86.9,72.8,2,7,0
Semi-urban,12453.0,1,3.6,2,4,2,2,2,93.2,76.9,1,4,0
Rural,14871.0,0,5.32,2,5,2,2,1,96.7,74.6,0,8,0
Urban,11108.0,1,13.4,0,5,1,3,2,30.9,72.9,1,7,0
Urban,39175.0,1,13.2,0,6,3,3,1,77.4,83.2,0,7,0
Urban,5156.0,0,29.3,0,4,3,3,2,33.3,68.2,2,10,1
Semi-urban,11542.0,1,12.1,1,1,1,3,1,87.0,77.9,3,6,1
Semi-urban,4142.0,1,2.3,1,3,1,2,2,71.1,67.9,0,6,1
Urban,13648.0,2,30.6,1,6,1,2,2,51.8,38.3,5,4,1
Rural,5953.0,1,26.53,1,5,2,3,2,39.1,46.3,4,6,1
Urban,8234.0,1,16.2,2,4,2,3,1,70.7,75.9,0,5,1
Semi-urban,6695.0,1,2.4,0,4,1,1,2,27.3,65.1,7,5,1
Rural,8104.0,1,4.98,1,4,2,3,1,75.8,61.3,6,4,1
Semi-urban,12068.0,0,16.3,2,3,1,2,2,86.4,35.0,8,4,1
Rural,19034.0,0,2.8,0,6,3,1,2,81.2,35.0,0,6,0
Rural,6750.0,1,5.57,1,5,2,3,1,53.5,87.1,0,6,0
Urban,12596.0,0,15.5,1,7,2,1,3,70.7,35.0,1,2,0
Rural,5259.0,0,1.89,0,5,2,2,1,82.1,65.6,0,7,0
Rural,8127.0,0,34.56,2,6,1,2,3,57.9,51.2,3,10,1
Rural,4017.0,2,3.22,1,9,3,3,2,19.9,37.6,0,6,0
Semi-urban,3746.0,0,4.7,1,6,3,1,1,56.8,68.4,2,4,1
Semi-urban,12369.0,1,1.4,0,3,3,3,1,68.7,84.7,0,7,0
Urban,8886.0,1,2.0,0,5,3,3,1,54.4,53.5,4,5,1
Rural,21173.0,0,4.48,2,8,3,2,2,55.0,35.0,0,6,0
Urban,9959.0,1,3.5,1,6,2,3,2,44.3,70.9,1,10,0
Urban,37404.0,1,3.1,2,1,1,3,1,51.8,51.5,0,7,1
Semi-urban,7774.0,2,18.4,0,7,2,1,3,88.5,85.2,0,7,0
Semi-urban,33419.0,0,1.9,0,8,3,2,2,87.2,69.0,0,6,0
Urban,22341.0,0,1.8,0,9,2,2,2,95.2,88.4,0,5,0
Rural,11570.0,1,1.88,1,6,2,2,1,18.7,35.7,1,5,1
Rural,3099.0,1,10.92,1,8,3,1,2,81.2,94.8,0,7,0
Semi-urban,12697.0,1,11.1,2,4,2,2,1,71.7,54.7,1,6,0
Rural,2000.0,1,5.7,1,9,2,3,2,64.9,90.7,5,10,1
Semi-urban,8415.0,0,1.0,0,6,2,1,2,61.6,68.4,1,6,0
Semi-urban,37190.0,1,13.4,2,4,3,2,1,84.7,41.8,0,6,0
Urban,32439.0,0,7.0,0,4,1,1,2,68.6,46.4,8,6,1
Urban,9067.0,0,19.0,0,5,1,2,2,14.4,68.7,0,10,0
Semi-urban,7284.0,2,6.2,1,7,2,2,3,68.4,50.6,0,5,0
Urban,5386.0,2,0.5,2,9,2,2,3,23.7,60.2,3,9,0
Rural,35664.0,2,2.37,0,3,1,2,1,71.5,53.4,0,3,1
Rural,9926.0,1,5.04,1,7,2,1,3,94.3,50.2,0,5,0
Semi-urban,37181.0,1,0.8,1,5,2,3,2,51.2,50.3,1,3,0
Semi-urban,16261.0,2,3.5,1,6,2,1,3,28.3,84.0,2,7,0
Rural,3305.0,0,28.5,0,9,3,1,2,65.8,93.8,4,8,1
Rural,11828.0,0,2.95,1,2,2,3,2,71.6,55.6,1,7,1
Semi-urban,6646.0,1,3.2,0,4,3,3,1,66.1,49.7,0,5,0
Rural,2888.0,0,7.3,1,5,2,1,1,76.6,55.0,2,6,1
Semi-urban,13539.0,0,0.5,0,4,1,2,2,82.7,94.3,2,8,0
Semi-urban,21135.0,1,1.0,2,4,1,1,2,54.4,58.2,1,6,0
Rural,7887.0,0,10.37,2,3,2,2,2,44.7,50.1,1,8,1
Urban,50000.0,2,1.3,1,6,3,2,1,56.1,35.0,0,6,0
Semi-urban,10448.0,2,30.0,0,4,2,3,1,48.5,46.0,1,5,1
Rural,10011.0,1,8.61,2,6,2,1,3,93.2,85.8,8,3,1
Urban,24328.0,0,0.5,2,4,2,3,2,34.0,41.1,0,8,1
Semi-urban,8780.0,0,13.1,0,6,3,3,1,71.6,60.4,1,7,1
Semi-urban,19377.0,2,0.5,1,9,3,1,2,82.1,47.2,0,9,0
Urban,7651.0,0,2.5,0,6,3,3,2,41.9,73.6,1,3,1
Urban,6757.0,2,1.1,0,5,2,3,1,23.0,55.7,4,6,1
Rural,34258.0,2,4.36,0,8,2,2,3,71.4,73.2,0,9,0
Rural,6629.0,0,17.31,0,4,2,3,1,52.4,43.1,1,6,1
Rural,6356.0,1,24.03,1,7,2,2,2,85.7,94.7,3,6,0
Rural,3547.0,1,4.38,0,4,2,3,3,71.3,59.4,4,6,1
Rural,7338.0,2,7.16,2,5,1,1,2,39.4,35.0,1,4,1
Urban,7436.0,0,35.6,2,6,2,1,2,74.9,60.3,0,8,1
Rural,3833.0,2,3.81,0,2,2,3,1,64.1,82.3,0,7,0
Urban,8355.0,0,3.1,2,2,2,3,1,28.4,56.5,1,10,1
Urban,9124.0,0,9.5,2,4,1,2,1,76.4,92.1,0,8,0
Urban,7079.0,0,7.8,2,8,2,2,2,21.3,56.2,0,3,1
Semi-urban,4610.0,0,4.4,0,5,1,2,2,86.9,90.2,1,7,0
Urban,6413.0,0,2.6,1,5,1,2,2,65.1,44.6,0,8,0
Urban,23714.0,1,5.0,2,5,1,2,3,98.5,43.6,2,6,0
Rural,29152.0,0,12.95,1,9,3,2,3,91.6,97.8,1,10,0
Semi-urban,4675.0,1,2.3,0,7,2,2,3,68.0,64.5,1,3,0
Semi-urban,4492.0,0,29.1,0,3,1,1,2,24.4,54.2,0,8,1
Rural,6400.0,2,14.14,1,8,3,2,2,72.9,56.9,1,4,0
Rural,23170.0,1,0.89,0,7,1,1,3,46.3,46.4,0,10,0
Semi-urban,13371.0,1,1.2,2,9,3,2,2,81.2,64.8,1,6,0
Semi-urban,6177.0,0,3.8,2,4,2,3,1,71.9,67.6,5,10,1
Rural,23719.0,1,18.89,1,2,1,2,1,20.9,66.6,2,7,1
Semi-urban,5867.0,2,7.5,0,5,2,3,1,73.3,50.6,0,9,0
Semi-urban,8557.0,0,7.8,0,9,2,2,3,49.1,69.1,6,5,1
Semi-urban,9662.0,0,0.7,0,4,3,3,1,68.7,79.3,0,2,0
Rural,2000.0,0,3.94,1,4,1,1,2,60.8,55.6,0,7,1
Rural,3988.0,2,23.92,0,6,3,3,1,77.8,44.4,0,6,0
Urban,11520.0,2,6.9,1,10,3,1,3,10.9,50.4,1,6,0
Rural,3869.0,1,2.92,2,5,2,1,2,61.9,69.7,2,7,0
Semi-urban,2836.0,2,6.2,0,7,2,3,2,37.8,56.7,9,6,1
Rural,4030.0,1,2.46,2,4,1,3,1,74.4,86.4,0,6,1
Urban,49053.0,0,1.4,2,10,2,1,3,67.4,69.4,0,5,0
Rural,13114.0,1,0.9,1,6,2,3,2,18.1,57.9,3,8,1
Urban,6579.0,0,1.8,1,5,2,2,1,10.0,59.7,3,6,1
Urban,9345.0,1,0.5,1,9,2,1,2,16.7,44.0,1,8,0
Rural,7563.0,1,8.92,1,4,2,1,2,63.8,65.5,0,4,0
Urban,17963.0,1,0.5,0,6,3,3,2,46.3,65.1,8,6,1
Rural,3152.0,2,1.03,1,5,1,1,2,10.0,76.2,5,7,1
Urban,13171.0,2,0.5,1,10,3,3,3,51.9,75.3,1,4,0
Rural,26063.0,2,10.42,0,7,2,2,1,86.1,82.2,7,7,1
Semi-urban,2175.0,2,11.2,0,4,2,3,1,25.6,41.0,0,6,1
Urban,50000.0,0,4.1,1,6,2,1,2,39.0,55.3,0,10,0
Semi-urban,10947.0,0,4.3,1,9,3,2,3,28.9,74.8,2,7,0
Urban,13838.0,1,31.7,0,8,2,1,2,62.1,65.7,0,4,0
Urban,19659.0,2,4.1,0,3,2,1,1,44.0,64.0,2,5,0
Rural,5524.0,1,0.67,1,3,1,3,2,51.4,60.0,2,3,1
Rural,6684.0,2,6.6,2,5,2,2,2,71.6,40.2,0,7,0
Semi-urban,8820.0,0,2.3,0,3,3,3,2,33.8,84.1,0,9,1
Rural,4219.0,1,14.61,0,6,2,2,3,60.3,65.1,0,5,0
Rural,19542.0,2,9.37,0,9,2,3,2,38.4,65.7,2,6,0
Semi-urban,7509.0,0,5.3,1,7,2,1,3,57.6,61.2,1,5,0
Urban,12734.0,2,19.6,2,5,2,3,1,91.7,48.8,0,6,0
Urban,2923.0,2,0.8,0,8,2,1,3,49.0,76.5,1,8,0
Urban,7479.0,2,0.5,2,6,2,3,1,47.2,52.3,1,8,1
Urban,16670.0,2,6.8,2,3,1,1,3,88.5,68.8,0,7,0
Semi-urban,3680.0,0,4.5,0,7,3,1,2,73.0,80.2,0,10,0
Urban,7689.0,2,4.4,0,10,3,3,2,88.5,76.1,0,5,0
Urban,7734.0,1,0.7,1,7,2,2,2,70.1,70.5,0,7,0
Rural,7839.0,1,14.41,0,2,1,3,1,10.0,63.1,0,10,1
Urban,16163.0,0,4.7,2,2,1,2,2,63.6,69.8,0,8,1
Rural,2842.0,2,6.28,0,4,1,2,3,89.7,54.2,0,5,0
Semi-urban,9043.0,2,30.2,2,5,2,2,3,38.2,53.2,0,4,1
Urban,28283.0,2,9.3,1,6,2,2,2,81.5,69.0,9,7,1
Urban,43536.0,2,5.9,0,7,2,3,2,79.5,54.6,2,8,0
Urban,6874.0,1,5.3,1,3,1,2,2,60.6,79.2,4,6,1
Urban,9276.0,2,17.1,1,9,3,3,2,83.8,47.5,1,7,0
Rural,17854.0,0,5.47,0,6,2,3,1,60.4,60.1,0,4,0
Urban,7807.0,1,9.2,1,6,2,2,3,74.9,60.9,1,6,0
Urban,3952.0,0,4.4,1,7,2,3,1,91.1,72.5,1,7,0
Semi-urban,12443.0,1,2.0,1,3,2,3,1,25.9,37.9,9,5,1
Urban,9589.0,0,6.0,0,7,3,2,1,55.7,35.6,2,6,0
Urban,8625.0,2,13.1,2,5,2,3,2,27.9,39.2,1,3,1
Rural,5950.0,0,20.92,0,6,3,3,2,10.7,48.5,1,9,1
Urban,15345.0,0,1.2,0,5,2,3,1,84.5,66.2,0,6,0
Urban,31630.0,2,1.4,1,4,2,3,2,61.1,41.3,1,4,0
Semi-urban,3234.0,0,1.3,0,7,3,2,1,92.3,100.0,0,6,0
Semi-urban,17325.0,1,21.3,1,6,2,3,1,37.6,41.8,1,3,1
Urban,5366.0,1,2.9,1,8,3,2,2,77.9,35.0,1,3,0
Urban,5119.0,2,10.7,1,3,1,2,2,10.0,57.5,1,6,1
Semi-urban,4815.0,1,1.4,2,6,2,3,1,72.8,52.0,1,4,1
Rural,4849.0,2,13.97,1,6,1,1,3,55.8,66.1,1,7,0
Urban,50000.0,0,23.4,2,7,2,2,3,30.8,55.0,3,4,1
Semi-urban,6019.0,2,1.4,2,6,2,1,2,53.9,53.7,1,9,0
Rural,4589.0,0,8.47,2,9,2,1,2,78.1,59.1,2,8,0
Rural,8931.0,0,36.77,1,7,2,2,1,53.2,55.7,8,10,1
Urban,7701.0,2,28.2,2,3,2,3,1,19.8,50.1,3,8,1
Rural,20811.0,0,9.67,1,8,3,2,3,44.0,60.2,1,5,0
Urban,16364.0,0,23.8,1,6,3,3,3,54.1,56.9,2,8,1
Rural,4820.0,1,12.39,1,5,1,1,2,64.0,49.2,0,6,0
Rural,10104.0,1,32.86,0,10,3,1,3,37.0,58.8,1,7,0
Rural,10076.0,2,22.06,0,6,2,1,1,67.6,81.9,0,6,0
Rural,6617.0,0,5.93,0,10,2,1,3,76.0,48.8,0,4,0
Urban,12353.0,1,23.2,1,4,3,3,3,45.5,61.6,1,4,0
Semi-urban,4340.0,2,21.3,2,5,1,3,2,70.0,43.7,0,3,1
Urban,50000.0,1,1.0,2,5,2,2,2,10.1,41.9,4,9,1
Semi-urban,39131.0,0,11.5,2,6,2,1,3,72.5,64.6,6,6,1
Rural,3066.0,0,37.37,1,6,2,3,3,35.7,66.6,5,4,1
Rural,14451.0,2,26.52,0,4,1,1,3,74.7,52.6,0,6,0
Urban,12571.0,2,15.3,0,4,2,2,1,29.8,53.6,0,4,0
Urban,12262.0,2,0.6,1,5,2,3,2,40.2,49.7,3,7,1
Semi-urban,4284.0,0,14.3,0,7,3,2,2,59.2,60.2,1,7,0
Semi-urban,18305.0,1,1.2,1,8,2,2,2,66.2,40.2,0,10,0
Urban,9413.0,0,8.9,0,7,3,2,2,88.7,100.0,0,6,0
Semi-urban,12087.0,0,18.9,0,3,2,3,1,80.3,56.1,3,9,1
Rural,3620.0,0,19.14,1,10,3,2,3,33.4,68.4,0,8,0
Rural,14827.0,0,6.1,2,8,3,1,3,89.4,82.8,1,5,0
Semi-urban,8940.0,0,16.8,1,9,2,2,3,69.8,39.1,1,3,0
Urban,24948.0,0,1.0,0,7,2,3,3,19.8,62.2,7,7,1
Semi-urban,14523.0,2,1.4,0,5,2,3,2,71.4,86.1,2,8,0
Rural,8414.0,1,2.47,2,5,1,1,3,82.8,46.1,0,3,0
Urban,5034.0,0,3.4,2,6,3,3,1,93.2,58.7,0,7,0
Rural,5349.0,1,6.7,1,8,2,1,3,90.4,82.9,0,9,0
Rural,5715.0,1,7.24,2,5,2,1,1,75.3,35.0,0,7,0
Rural,8252.0,2,0.84,1,9,3,1,2,86.8,64.0,0,4,0
Semi-urban,10660.0,0,1.2,0,3,2,3,3,40.6,56.9,1,7,1
Semi-urban,15346.0,2,13.6,1,6,2,3,2,47.1,54.0,0,7,0
Urban,27598.0,0,5.8,2,3,1,2,3,62.2,56.1,0,7,0
Urban,17783.0,1,9.9,1,6,2,1,2,73.8,35.0,0,3,0
Semi-urban,19200.0,0,17.0,2,5,2,2,2,70.9,77.5,2,8,0
Semi-urban,2630.0,0,13.6,1,3,1,3,2,24.9,56.2,7,7,1
Semi-urban,4028.0,2,4.3,1,6,1,2,2,18.8,56.9,1,9,0
Rural,3464.0,0,26.41,0,3,1,3,3,38.9,63.2,0,8,1
Semi-urban,3767.0,1,29.0,1,4,1,1,1,26.0,82.4,3,7,1
Rural,4716.0,0,16.24,0,3,2,2,3,49.9,76.5,5,5,1
Rural,7618.0,0,2.5,1,9,2,2,3,80.6,42.2,0,7,0
Semi-urban,2177.0,2,4.7,1,8,2,3,2,10.0,35.0,1,6,0
Rural,2417.0,0,4.39,1,4,1,3,2,29.5,37.2,3,2,1
Urban,5016.0,0,6.0,2,6,1,1,2,93.6,39.5,0,9,0
Rural,5001.0,0,21.4,1,8,2,1,2,51.4,77.7,2,10,0
Semi-urban,5002.0,1,4.7,1,10,3,1,3,80.4,61.9,0,5,0
Rural,15727.0,1,13.24,0,10,3,1,2,81.3,43.9,1,7,0
Urban,20979.0,0,4.7,2,4,2,2,1,15.3,39.8,1,8,1
Urban,12575.0,1,21.9,1,9,3,1,3,76.4,59.1,1,9,0
Semi-urban,6011.0,1,4.6,0,6,2,2,2,87.5,38.4,0,7,0
Semi-urban,5099.0,2,2.0,1,7,2,1,2,93.9,74.5,0,7,0
Semi-urban,12709.0,1,32.4,0,4,2,3,2,59.2,66.8,1,4,0
Semi-urban,18466.0,0,3.7,2,4,1,1,2,55.9,60.3,2,5,1
Rural,7452.0,0,21.09,0,6,3,2,2,59.4,90.9,6,5,1
Urban,7695.0,0,8.5,1,10,3,2,2,77.0,83.0,1,10,0
Semi-urban,23115.0,2,15.7,0,5,2,1,3,84.7,74.6,0,4,0
Semi-urban,9365.0,0,15.3,0,10,3,2,2,89.5,85.1,6,10,1
Urban,10916.0,2,10.2,0,4,1,2,2,58.3,91.8,1,9,0
Urban,8202.0,0,2.6,1,5,3,2,1,84.8,77.7,6,8,1
Rural,8465.0,0,0.67,0,3,2,1,3,66.1,68.5,0,10,0
Rural,29732.0,0,4.49,0,9,2,3,2,59.1,35.0,1,7,1
Rural,23895.0,2,44.78,0,9,2,2,3,80.7,85.8,0,8,0
Rural,36942.0,0,2.02,1,7,3,2,1,10.0,43.1,9,7,1
Semi-urban,6150.0,1,12.3,1,6,2,2,1,65.9,71.8,1,5,0
Rural,4953.0,1,42.44,1,6,2,3,3,38.1,59.8,2,6,1
Urban,43883.0,0,6.1,0,5,2,2,1,44.3,59.4,1,3,1
Rural,13405.0,2,19.1,0,7,2,2,2,79.6,71.4,5,8,1
Urban,13629.0,1,3.1,2,4,2,2,2,10.0,56.8,2,5,1
Urban,9609.0,2,3.1,0,5,2,3,1,62.8,61.3,0,7,0
Urban,15736.0,1,16.2,0,7,2,3,2,75.0,79.6,1,9,0
Rural,23465.0,1,50.0,1,9,2,2,3,47.6,51.3,1,7,0
Urban,19220.0,2,1.8,1,9,2,2,3,61.8,35.0,0,4,0
Rural,3808.0,0,16.04,2,5,2,3,3,63.4,72.3,0,7,1
Semi-urban,6989.0,0,17.5,2,9,3,2,2,18.6,69.7,1,7,0
Rural,4586.0,0,50.0,0,4,3,3,1,12.3,57.9,2,8,1
Semi-urban,8180.0,0,15.9,1,10,3,2,3,52.6,35.0,7,7,1
Semi-urban,10214.0,2,16.6,0,3,3,3,1,26.5,57.7,1,7,1
Rural,18519.0,1,0.71,0,2,1,2,1,78.9,61.3,0,10,0
Semi-urban,50000.0,0,0.5,2,4,2,1,2,78.5,84.5,3,8,0
Rural,21300.0,0,12.07,0,2,1,2,3,61.2,56.4,2,9,1
Urban,11137.0,0,7.5,0,8,2,2,2,77.7,60.5,0,9,0
Semi-urban,13650.0,0,2.5,1,8,2,2,2,96.7,64.1,0,6,0
Urban,6932.0,2,17.2,1,6,3,3,1,97.7,81.8,0,3,0
Rural,7382.0,1,9.28,1,3,1,1,2,60.2,60.2,1,7,1
Semi-urban,33276.0,1,1.2,0,4,2,1,2,74.9,69.9,0,10,0
Semi-urban,3253.0,0,4.5,1,1,1,3,2,63.8,88.7,1,8,1
Rural,3869.0,1,21.32,0,7,2,2,3,80.7,100.0,0,7,0
Rural,5460.0,1,2.68,1,4,1,3,1,18.4,60.5,1,7,1
Semi-urban,7506.0,2,13.6,0,3,2,3,3,54.8,82.4,3,5,1
Urban,3715.0,2,2.7,0,3,1,2,2,37.5,65.2,1,7,1
Semi-urban,3096.0,0,2.7,0,2,1,3,1,56.2,74.1,1,9,1
Semi-urban,22636.0,0,2.4,1,7,2,2,2,58.8,47.7,0,4,0
Urban,31259.0,1,11.1,2,4,1,3,1,91.1,76.7,0,6,0
Rural,9132.0,0,35.95,1,5,2,3,1,12.6,35.0,4,6,1
Semi-urban,24625.0,2,3.0,0,4,2,3,2,51.7,61.1,0,7,0
Semi-urban,12015.0,0,1.5,0,3,1,3,1,62.6,79.9,8,8,1
Rural,5034.0,1,4.44,1,8,2,1,3,95.4,84.3,0,9,0
Semi-urban,3582.0,1,31.7,1,5,1,2,2,33.7,46.1,1,7,1
Rural,3692.0,1,11.97,0,2,3,3,1,47.7,43.1,8,6,1
Rural,4521.0,0,31.27,0,4,2,2,1,70.1,58.7,0,9,0
Urban,50000.0,1,1.6,1,7,2,2,1,78.6,70.7,0,6,0
Rural,7417.0,2,4.36,2,5,1,3,2,30.7,65.3,0,4,1
Rural,15214.0,0,12.59,0,4,1,3,3,68.8,97.4,0,7,0
Urban,15037.0,1,3.8,1,4,1,2,2,89.6,80.5,4,8,0
Urban,21707.0,0,4.7,2,4,1,1,2,47.9,68.8,6,5,1
Rural,27310.0,1,14.42,2,9,3,3,2,69.8,51.7,0,8,0
Rural,7537.0,2,2.97,1,7,2,1,3,91.0,65.7,0,5,0
Semi-urban,16818.0,0,1.0,0,5,3,1,2,67.8,79.6,4,8,0
Semi-urban,10329.0,0,0.5,0,5,1,2,2,63.0,39.9,1,5,1
Rural,6343.0,1,4.14,0,8,3,3,2,71.7,61.9,9,4,1
Semi-urban,3896.0,1,4.7,0,8,2,1,3,61.8,67.8,5,7,1
Semi-urban,12603.0,2,4.2,1,10,3,2,2,74.4,53.5,0,3,0
Semi-urban,18342.0,1,1.6,2,9,3,2,2,91.7,64.6,2,7,0
Urban,5531.0,2,18.6,0,4,1,1,2,57.5,70.8,0,7,0
Urban,47479.0,0,4.2,1,7,2,3,2,79.2,55.5,0,6,0
Urban,49198.0,0,3.5,2,6,3,3,3,57.2,67.2,0,6,0
Rural,4683.0,0,14.6,0,6,2,3,1,60.1,50.0,0,10,1
Urban,21191.0,2,3.7,1,5,1,1,2,86.6,98.6,0,10,0
Urban,43362.0,0,14.5,0,4,2,2,3,43.7,72.1,5,9,1
Semi-urban,19772.0,2,0.5,1,7,2,2,3,72.2,67.2,1,8,0
Urban,4697.0,0,3.5,0,4,2,3,1,93.8,44.0,0,4,1
Semi-urban,9190.0,1,1.7,0,8,2,2,2,82.2,56.5,1,5,0
Urban,11691.0,0,2.8,2,6,1,2,3,94.8,77.6,0,7,0
Rural,3617.0,0,21.46,1,4,1,2,1,61.2,92.6,0,8,1
Rural,5172.0,1,20.52,1,6,3,3,2,10.0,56.3,0,6,1
Rural,6677.0,1,24.86,0,5,1,1,3,53.6,59.1,3,5,1
Semi-urban,27125.0,1,0.8,1,5,3,2,2,68.0,51.2,1,2,0
Semi-urban,9994.0,2,1.5,0,9,2,2,2,66.7,47.9,4,6,0
Urban,9892.0,2,1.9,1,7,3,1,2,53.3,39.3,0,6,0
Urban,6222.0,2,16.3,0,4,2,1,1,62.9,75.0,2,7,0
Urban,28679.0,2,0.6,0,5,2,3,1,64.3,65.2,5,6,1
Rural,16632.0,1,1.91,1,2,2,3,2,14.4,45.9,1,5,1
Rural,5161.0,0,22.53,1,6,2,3,2,12.1,35.0,1,5,1
Semi-urban,5757.0,0,15.2,0,10,3,2,2,89.2,81.2,0,3,0
Rural,4734.0,0,2.66,1,6,2,2,2,67.8,71.6,6,10,1
Semi-urban,44926.0,2,3.5,2,2,2,2,1,72.1,35.8,0,4,1
Rural,5124.0,1,0.75,0,1,1,3,1,51.6,39.0,0,8,1
Rural,13904.0,0,0.85,2,8,3,1,2,53.3,58.7,1,8,0
Urban,47697.0,1,0.5,0,7,2,2,3,53.9,59.0,1,8,0
Rural,29498.0,2,0.66,2,5,1,3,2,24.2,38.0,1,7,1
Semi-urban,4899.0,1,17.7,1,7,3,3,2,71.1,64.3,0,8,0
Urban,19389.0,0,10.3,0,3,2,3,1,41.2,55.0,0,6,1
Semi-urban,24899.0,0,5.8,0,9,3,3,2,41.0,66.1,1,9,0
Urban,41718.0,0,3.2,1,9,2,2,3,73.7,78.2,0,8,0
Urban,16438.0,0,1.7,1,8,2,3,2,29.1,50.5,0,5,0
Rural,14241.0,2,13.74,0,4,1,3,1,66.0,63.1,0,7,0
Semi-urban,16282.0,1,7.0,2,2,1,2,1,46.4,42.9,3,7,1
Semi-urban,4520.0,2,0.8,2,3,2,3,3,38.6,46.0,1,7,1
Semi-urban,12569.0,1,6.5,1,6,2,2,3,85.7,68.7,2,3,0
Semi-urban,3001.0,2,4.7,1,6,2,2,3,80.8,50.5,0,5,0
Semi-urban,6601.0,1,7.8,1,5,2,3,3,27.7,46.8,0,5,1
Rural,8540.0,0,17.79,1,5,2,3,3,49.9,90.8,5,9,1
Rural,18915.0,0,6.66,1,6,1,1,2,70.2,58.6,0,9,0
Urban,21565.0,1,7.7,2,6,2,2,1,91.6,53.9,0,9,0
Semi-urban,7993.0,1,2.0,0,7,2,2,2,50.5,61.7,9,6,1
Urban,5905.0,1,3.7,0,5,1,3,2,94.9,100.0,0,8,0
Rural,16347.0,0,4.23,0,3,1,2,1,71.6,100.0,1,10,0
Rural,4400.0,0,0.71,1,6,2,3,2,70.4,70.7,1,8,1
Rural,7849.0,1,16.81,0,3,2,3,1,85.4,80.3,0,10,0
Semi-urban,11328.0,0,12.5,1,4,2,3,1,70.5,75.6,1,7,1
Semi-urban,12906.0,0,7.2,1,6,2,3,3,55.2,77.3,0,9,1
Semi-urban,7027.0,0,12.5,2,7,2,3,2,78.8,45.6,4,5,1
Rural,6687.0,0,7.27,0,10,3,2,3,73.6,85.1,2,8,0
Urban,8413.0,0,3.2,2,7,1,1,3,52.5,49.5,2,7,0
Urban,10850.0,1,3.2,1,6,3,1,3,94.1,80.8,0,7,0
Semi-urban,6093.0,1,5.2,1,7,2,3,1,17.1,52.1,0,10,0
Semi-urban,30234.0,1,2.2,0,5,2,2,3,93.1,75.3,2,7,0
Urban,7951.0,0,4.8,1,4,2,2,2,57.0,71.4,0,9,0
Rural,17940.0,1,28.51,1,8,2,1,2,26.9,52.7,0,6,0
Urban,5263.0,1,22.2,1,7,2,2,2,72.7,58.9,2,7,1
Urban,14035.0,0,12.4,0,5,2,3,1,80.9,49.3,0,6,0
Urban,33886.0,2,5.8,1,7,2,2,2,31.2,56.6,1,10,0
Semi-urban,10417.0,1,3.5,1,7,3,1,1,27.5,52.9,1,10,0
Urban,37960.0,1,25.8,2,6,2,1,2,69.1,69.2,1,10,0
Rural,3794.0,0,8.54,2,2,1,2,3,67.2,73.2,1,8,1
Urban,30714.0,1,0.5,2,6,1,3,2,64.1,42.7,0,10,0
Semi-urban,10365.0,2,15.1,1,4,2,2,1,34.6,61.8,1,7,1
Rural,20610.0,1,50.0,0,5,2,3,3,49.3,37.7,0,8,1
Semi-urban,19910.0,0,14.3,1,5,1,1,2,65.8,58.0,0,8,0
Urban,49922.0,1,9.8,1,5,2,3,1,96.6,88.4,1,10,0
Semi-urban,11365.0,1,7.0,2,9,2,2,3,73.4,50.9,2,5,0
Semi-urban,11415.0,1,28.9,0,3,1,1,3,68.4,53.2,1,7,0
Semi-urban,19276.0,2,9.4,0,2,1,3,2,57.7,63.3,0,6,1
Semi-urban,6630.0,2,3.9,2,5,3,3,1,82.4,60.5,0,5,0
Semi-urban,16662.0,0,3.4,0,10,3,1,3,28.2,67.1,2,6,0
Urban,14553.0,0,8.4,1,5,2,1,3,69.9,56.7,0,5,0
Urban,11808.0,1,0.7,1,5,1,2,1,40.0,51.3,1,6,0
Semi-urban,5928.0,0,0.5,1,5,3,3,1,58.6,64.6,0,10,1
Urban,4313.0,2,1.4,1,3,2,2,1,92.1,53.8,0,7,0
Semi-urban,4394.0,0,3.2,1,4,2,3,3,59.4,54.5,0,4,1
Urban,4285.0,0,24.8,2,9,2,1,3,89.6,65.5,3,6,0
Semi-urban,17780.0,1,6.7,0,3,3,3,1,24.1,88.8,0,8,0
Urban,25692.0,2,11.8,0,4,2,2,2,56.7,68.6,0,5,0
Urban,13320.0,1,4.0,0,6,2,2,2,79.3,84.1,0,6,0
Urban,4867.0,0,13.9,0,4,1,2,3,94.6,35.0,0,4,0
Urban,16954.0,2,5.4,1,8,3,1,3,93.0,76.3,0,8,0
Urban,13129.0,0,6.8,1,5,1,1,3,65.3,80.5,0,6,0
Urban,10937.0,1,4.0,0,3,2,3,2,23.2,69.3,0,9,0
Urban,2392.0,0,7.4,1,3,2,3,2,64.8,35.0,0,5,1
Rural,9970.0,1,9.98,2,6,1,2,2,83.1,48.1,0,3,1
Semi-urban,40402.0,0,2.6,0,4,1,1,2,76.4,63.0,0,6,0
Semi-urban,25663.0,2,4.6,2,7,3,2,2,77.7,39.8,0,8,0
Rural,11475.0,1,14.17,1,4,1,2,2,56.7,43.4,5,6,1
Semi-urban,3990.0,0,6.1,1,5,2,3,3,53.9,88.4,4,9,1
Rural,4266.0,1,1.45,2,6,3,2,1,73.5,51.0,0,9,0
Semi-urban,9950.0,0,0.5,1,5,1,1,2,84.9,76.5,1,10,0
Urban,13883.0,2,1.0,1,6,3,3,2,31.3,35.0,2,5,1
Rural,24582.0,0,4.03,1,4,2,3,1,88.3,70.6,1,6,0
Urban,4978.0,2,1.4,1,5,2,3,2,71.4,56.1,0,7,0
Semi-urban,12369.0,0,5.4,1,3,1,3,1,67.7,64.4,4,7,1
Rural,2000.0,0,12.49,0,7,2,2,2,60.1,61.5,0,6,0
Urban,14148.0,2,4.8,0,10,2,2,3,56.3,50.2,2,5,0
Rural,13285.0,1,11.01,1,8,2,3,1,62.6,59.8,1,6,0
Rural,13793.0,0,14.34,2,10,3,1,3,81.6,61.8,0,7,0
Semi-urban,26011.0,0,28.7,1,10,3,2,3,41.6,59.9,0,6,0
Rural,4706.0,0,37.21,0,8,2,3,2,39.0,59.2,4,8,1
Semi-urban,13377.0,1,9.3,0,6,2,2,3,88.5,47.9,0,5,0
Rural,6293.0,2,7.71,0,5,2,2,3,43.2,63.3,5,7,1
Semi-urban,39186.0,2,9.0,0,3,1,2,3,42.2,51.6,2,7,0
Urban,10979.0,0,18.1,0,5,2,3,1,61.6,65.4,2,9,1
Semi-urban,50000.0,0,3.4,1,4,2,3,2,73.7,80.4,0,9,0
Urban,43864.0,2,10.1,1,10,3,2,3,73.4,35.0,7,7,1
Urban,35227.0,0,1.6,1,3,1,2,1,85.3,85.1,0,8,0
Urban,15237.0,1,3.9,1,6,3,2,1,85.8,51.6,0,8,0
Rural,12015.0,0,11.3,1,2,1,2,1,62.2,76.2,0,6,1
Semi-urban,9442.0,1,5.6,0,6,2,1,2,52.3,50.9,2,5,0
Rural,19956.0,2,3.77,1,6,2,2,2,51.9,75.6,1,10,0
Urban,24604.0,1,1.7,0,9,2,1,3,49.3,39.1,1,6,0
Rural,4619.0,0,2.57,1,6,2,2,2,13.7,58.5,4,9,1
Semi-urban,29562.0,1,7.9,1,2,1,1,2,86.5,100.0,0,8,0
Urban,20668.0,0,8.1,0,4,2,3,1,70.2,84.6,0,5,1
Rural,5820.0,0,0.89,0,4,2,3,1,60.5,85.5,1,9,1
Urban,50000.0,1,11.7,0,6,1,2,2,71.5,65.6,4,4,1
Rural,5558.0,1,29.71,2,9,2,1,3,73.4,48.9,5,7,1
Urban,6198.0,1,3.1,1,3,1,2,3,82.0,75.9,0,7,0
Semi-urban,21585.0,2,22.3,0,6,2,1,2,55.9,47.5,0,5,0
Urban,32046.0,0,33.9,1,8,3,2,3,40.4,53.8,1,8,0
Urban,8864.0,1,5.9,1,9,2,2,3,48.7,58.0,1,8,0
Semi-urban,9803.0,2,1.7,0,3,3,1,3,10.3,46.1,1,9,0
Semi-urban,15360.0,1,8.5,1,8,2,1,2,75.0,60.3,0,10,0
Urban,4596.0,2,1.0,2,5,2,1,2,46.2,71.3,5,6,1
Semi-urban,13529.0,1,5.3,1,6,2,1,1,29.6,35.0,0,6,1
Semi-urban,14842.0,1,1.6,0,4,2,3,2,21.5,58.8,7,5,1
Urban,4149.0,2,5.3,1,3,1,3,1,57.1,52.3,2,4,1
Urban,37267.0,0,1.1,2,10,3,1,2,43.8,43.3,2,9,0
Semi-urban,10077.0,2,15.7,0,2,2,3,1,34.3,38.2,1,10,1
Semi-urban,20368.0,1,13.0,2,7,1,2,3,90.9,84.7,0,8,0
Semi-urban,6228.0,0,2.3,1,9,3,2,1,29.1,45.4,3,4,1
Urban,7398.0,2,2.8,0,6,3,1,3,88.5,76.9,4,5,0
Rural,5405.0,1,24.42,2,7,2,1,3,67.1,77.0,5,8,1
Rural,2088.0,1,1.18,1,4,2,3,2,52.8,64.0,4,6,1
Semi-urban,2000.0,1,18.7,1,3,1,2,3,31.6,51.2,2,5,1
Rural,2000.0,0,10.51,1,6,3,3,3,62.8,51.4,0,9,1
Rural,10388.0,1,37.14,1,5,1,2,2,35.3,77.1,2,10,1
Urban,14891.0,0,2.7,2,3,1,3,2,17.6,35.0,2,3,1
Rural,4855.0,0,9.76,1,1,1,3,1,24.1,36.7,2,1,1
Urban,3940.0,2,5.1,1,3,1,3,1,20.1,41.0,2,7,1
Semi-urban,6110.0,1,1.7,1,10,2,2,3,49.8,63.1,1,8,0
Urban,11898.0,0,20.7,0,10,3,2,3,51.4,89.4,3,10,0
Urban,9745.0,2,6.1,2,10,3,2,3,35.9,60.5,2,7,0
Rural,23427.0,0,7.59,2,5,2,2,1,59.3,42.7,4,6,1
Semi-urban,25141.0,0,1.3,2,9,3,3,1,58.8,63.5,0,9,0
Rural,17675.0,0,14.13,0,5,2,2,1,68.7,74.4,0,8,0
Semi-urban,10938.0,1,0.5,2,4,1,1,3,94.5,64.5,4,8,0
Rural,7127.0,2,8.42,2,9,3,3,1,74.2,54.3,1,6,0
Rural,5083.0,0,17.23,0,7,2,2,2,82.0,60.9,2,4,0
Urban,14276.0,0,0.9,1,6,2,1,1,84.7,78.2,1,9,0
Rural,8038.0,2,2.01,2,3,3,2,3,73.7,72.7,0,7,0
Semi-urban,6228.0,0,2.3,1,7,1,2,3,56.3,56.2,3,8,1
Semi-urban,38889.0,1,0.5,1,8,3,1,3,50.1,75.4,1,7,0
Urban,19303.0,0,1.8,0,9,2,2,2,78.1,64.1,0,4,0
Semi-urban,5109.0,1,8.4,2,7,3,3,1,60.8,36.0,0,7,1
Urban,32932.0,1,9.6,2,1,1,2,2,52.5,85.0,0,9,1
Semi-urban,11866.0,0,11.8,0,7,1,2,3,80.7,66.3,0,7,0
Rural,20953.0,0,12.7,1,3,1,2,3,94.9,75.7,0,8,0
Urban,4261.0,1,2.0,2,10,3,2,3,61.9,71.7,0,8,0
Semi-urban,34993.0,1,3.7,1,9,2,3,2,66.7,63.6,0,6,0
Urban,2290.0,1,5.2,1,10,3,2,2,77.7,62.7,1,9,0
Semi-urban,8978.0,1,9.1,0,5,2,2,1,86.1,65.6,0,8,0
Semi-urban,50000.0,1,12.1,1,1,1,3,1,71.9,85.3,0,6,0
Urban,6917.0,2,0.5,0,5,1,1,2,63.4,80.2,0,5,0
Urban,40513.0,1,13.0,1,6,1,2,2,48.3,61.2,1,6,0
Semi-urban,12973.0,0,17.7,1,10,3,2,2,79.8,84.1,2,8,0
Rural,10102.0,0,24.85,2,5,1,2,2,69.3,65.2,0,9,1
Rural,27405.0,1,4.61,1,4,2,1,2,79.3,92.9,4,7,0
Rural,6485.0,2,16.84,0,3,2,2,1,73.5,41.8,4,10,1
Urban,4235.0,2,4.4,0,3,1,3,1,82.6,65.3,7,6,1
Rural,7505.0,2,38.35,0,6,3,3,1,16.1,46.0,0,10,1
Semi-urban,9844.0,1,0.5,2,6,3,2,2,41.3,35.0,1,7,1
Urban,4421.0,2,1.3,1,7,3,3,2,71.4,67.9,6,8,1
Semi-urban,3526.0,0,4.6,0,9,2,2,3,42.1,75.2,0,10,0
Semi-urban,7324.0,0,0.9,2,7,2,3,1,34.8,65.3,4,6,1
Semi-urban,10946.0,0,12.0,1,5,1,2,3,73.5,59.1,0,6,0
Urban,6982.0,0,0.8,2,10,3,1,3,81.0,100.0,0,10,0
Urban,21731.0,1,15.3,0,10,3,2,2,23.6,59.4,5,6,0
Rural,10646.0,0,24.37,0,5,2,2,2,91.2,66.9,1,7,0
Rural,3414.0,0,4.7,1,3,2,3,1,45.9,70.8,0,7,1
Urban,6903.0,1,6.3,0,6,2,3,3,17.6,67.6,0,5,1
Urban,18590.0,2,2.1,0,9,3,2,3,37.5,62.5,4,8,0
Semi-urban,38271.0,1,4.5,0,7,2,1,3,53.9,53.1,1,5,0
Urban,17656.0,1,32.9,0,7,2,1,2,33.6,87.6,1,10,0
Urban,9504.0,2,1.9,1,6,2,3,2,71.8,78.2,0,8,0
Urban,12826.0,1,22.5,2,10,3,1,2,60.5,72.5,4,7,0
Urban,22114.0,0,1.5,0,8,2,1,2,46.2,67.7,1,10,0
Urban,8129.0,1,2.5,0,3,1,3,2,47.5,51.0,4,4,1
Rural,12945.0,0,11.27,0,5,1,2,2,54.3,74.5,2,6,1
Urban,9034.0,0,0.5,1,3,1,2,2,45.4,67.7,1,9,1
Semi-urban,3452.0,1,3.4,1,5,1,1,2,10.3,38.4,0,10,1
Urban,9757.0,1,18.0,0,7,2,2,2,93.2,69.5,1,8,0
Semi-urban,3480.0,0,9.7,1,5,2,2,1,79.7,65.5,0,3,0
Rural,5504.0,1,12.31,0,5,2,1,3,69.1,60.4,5,3,1
Rural,12633.0,0,2.89,1,5,2,2,3,71.1,73.3,3,9,1
Urban,9124.0,2,11.5,1,5,2,3,1,96.0,100.0,0,9,0
Rural,13760.0,1,1.24,0,6,2,1,3,56.5,48.8,2,6,0
Semi-urban,14319.0,0,16.0,0,5,1,3,2,71.6,69.7,0,3,0
Semi-urban,7071.0,0,15.2,1,3,1,2,2,43.1,58.2,2,10,1
Rural,25483.0,1,6.76,1,8,3,3,1,47.2,60.8,1,8,0
Urban,34367.0,0,9.3,0,8,3,2,2,15.1,53.1,1,10,0
Urban,18453.0,0,6.9,1,4,2,3,1,22.2,53.3,9,9,1
Semi-urban,46320.0,0,13.1,1,5,1,1,2,80.5,56.4,1,6,0
Rural,17104.0,1,21.55,1,2,1,3,3,60.8,61.5,1,6,1
Rural,50000.0,1,7.47,1,5,2,1,2,58.7,71.6,4,8,1
Urban,20866.0,0,7.1,1,3,2,3,1,34.7,78.6,1,8,1
Urban,10027.0,0,1.4,1,4,1,1,2,54.5,54.7,9,5,1
Semi-urban,36109.0,1,4.3,2,4,2,3,1,61.0,62.3,0,6,0
Urban,16047.0,1,2.0,0,5,1,2,2,92.2,74.0,0,6,0
Urban,6281.0,0,1.3,2,6,3,2,2,76.9,43.4,2,6,0
Semi-urban,5518.0,0,16.8,1,5,1,3,2,66.4,69.8,5,5,1
Urban,30353.0,0,0.5,2,8,2,2,2,41.8,39.7,1,7,0
Urban,5356.0,1,3.3,1,6,1,1,3,54.7,72.6,1,6,0
Semi-urban,4232.0,1,1.3,2,5,2,3,3,60.4,53.2,0,7,0
Urban,13043.0,2,3.4,1,4,1,2,3,22.6,64.7,0,4,0
Urban,39888.0,1,7.4,1,5,1,2,3,51.6,39.9,5,9,1
Semi-urban,34929.0,1,14.3,2,3,1,3,3,49.0,70.2,1,8,1
Semi-urban,16283.0,1,20.8,1,8,2,2,3,73.2,37.4,2,5,1
Rural,8811.0,2,23.17,0,8,2,2,2,70.0,41.9,0,7,0
Rural,24315.0,1,1.61,0,3,2,1,2,54.8,49.9,1,7,0
Semi-urban,5507.0,0,2.5,2,7,2,2,2,10.0,72.1,0,8,0
Semi-urban,10082.0,1,7.0,1,7,2,3,2,85.9,56.8,0,10,0
Rural,16281.0,1,7.36,2,2,1,2,1,84.4,71.1,0,8,0
Rural,4724.0,0,1.19,2,10,3,1,2,64.3,85.4,0,8,0
Semi-urban,19185.0,2,8.4,0,5,2,1,1,85.0,90.4,0,5,0
Semi-urban,27723.0,0,2.9,1,3,2,3,1,44.6,44.0,1,8,1
Semi-urban,18940.0,0,5.6,0,10,2,2,3,73.9,43.0,2,10,0
Rural,15392.0,1,4.2,1,5,1,2,1,19.1,37.3,1,6,1
Urban,14536.0,0,0.5,0,4,2,2,1,91.7,74.4,0,10,0
Semi-urban,3870.0,2,7.8,0,7,2,1,3,10.0,43.3,3,3,1
Rural,22414.0,0,8.51,0,5,2,1,1,73.1,72.6,0,5,0
Urban,4652.0,0,7.3,0,4,2,2,1,47.2,69.4,0,8,0
Urban,19484.0,1,3.6,0,4,2,2,3,43.4,83.5,0,8,0
Urban,5741.0,1,4.0,0,8,2,1,3,74.4,89.4,0,9,0
Semi-urban,21646.0,2,1.2,2,8,2,1,2,75.3,63.8,0,2,0
Semi-urban,4450.0,2,0.5,0,6,1,2,3,58.3,50.5,1,3,0
Rural,18538.0,2,22.91,1,5,2,3,1,82.6,59.3,1,4,0
Rural,5219.0,2,3.3,1,6,2,1,2,69.7,53.7,1,6,0
Semi-urban,12188.0,2,4.8,2,5,2,3,1,86.2,72.2,0,8,0
Rural,16377.0,0,0.75,0,6,1,2,2,74.4,76.4,0,6,0
Urban,15366.0,1,6.8,1,3,1,3,1,82.1,57.3,0,6,0
Urban,4117.0,2,1.9,2,5,2,3,3,64.2,78.2,6,10,1
Semi-urban,25048.0,1,12.0,0,3,3,3,1,82.5,35.0,1,5,1
Rural,2000.0,1,27.5,0,5,1,2,3,27.8,70.8,1,8,1
Semi-urban,2105.0,1,1.5,1,7,1,2,2,24.0,49.2,1,5,0
Urban,15957.0,0,9.8,0,2,1,3,3,64.0,53.2,5,9,1
Semi-urban,30406.0,0,0.9,0,5,1,2,2,66.8,45.2,3,10,1
Rural,3105.0,0,3.85,2,6,2,2,2,86.3,83.5,0,8,0
Semi-urban,42283.0,0,9.0,0,10,2,2,3,73.8,65.9,0,5,0
Urban,32585.0,2,7.1,2,7,3,3,2,97.2,46.3,0,6,0
Semi-urban,24086.0,0,3.1,0,8,2,2,3,50.8,59.4,1,6,0
Semi-urban,5380.0,2,19.5,1,6,2,2,2,43.8,46.0,0,6,0
Rural,16892.0,2,26.45,1,4,1,2,2,56.7,46.7,0,5,1
Urban,47406.0,1,10.4,1,6,2,1,2,74.2,79.1,0,10,0
Rural,2448.0,1,25.83,2,9,2,2,3,52.7,56.6,0,7,0
Semi-urban,4404.0,2,8.7,0,9,3,3,2,70.6,100.0,0,8,0
Rural,13023.0,2,11.33,2,4,2,2,2,82.9,85.2,3,7,0
Semi-urban,39407.0,1,37.0,1,6,1,1,3,43.1,53.1,3,7,1
Semi-urban,16458.0,0,1.9,1,6,2,2,3,68.7,36.2,0,4,1
Rural,7929.0,1,2.11,0,10,3,3,2,41.7,68.6,1,7,0
Urban,6074.0,0,2.7,1,10,3,2,3,59.0,78.4,0,6,0
Urban,7165.0,1,0.8,2,5,2,3,1,71.1,58.2,1,5,1
Rural,9058.0,1,13.38,1,3,1,3,1,57.0,52.3,1,3,1
Urban,13853.0,2,2.4,1,7,1,2,2,96.4,75.8,0,9,0
Semi-urban,3954.0,2,5.8,0,3,1,3,1,58.7,48.2,1,6,1
Semi-urban,31738.0,2,19.5,2,6,2,2,2,68.8,63.9,2,4,0
Urban,12677.0,1,12.0,1,10,3,2,3,67.3,67.2,0,6,0
Semi-urban,11288.0,0,12.2,0,6,2,3,2,58.1,51.3,6,10,1
Urban,4472.0,1,9.0,0,3,1,2,2,32.2,70.4,0,7,0
Urban,5024.0,0,24.2,1,7,3,3,1,59.4,54.4,1,7,1
Urban,5762.0,0,5.8,1,8,2,1,2,83.8,48.3,0,7,0
Semi-urban,8612.0,0,3.1,1,10,3,3,2,58.6,52.9,0,7,0
Semi-urban,10276.0,0,5.3,1,4,2,3,1,84.1,67.4,0,7,0
Semi-urban,39062.0,1,4.9,1,4,2,3,2,38.9,39.6,0,8,1
Rural,15039.0,1,4.14,2,10,3,1,3,64.2,62.9,5,8,1
Urban,21592.0,0,9.9,0,8,2,1,2,90.0,73.0,4,3,0
Rural,11712.0,1,22.01,1,3,1,2,2,63.1,73.0,1,9,1
Urban,9686.0,1,11.7,0,1,1,3,3,10.0,41.0,2,8,1
Semi-urban,21383.0,1,3.3,0,8,3,2,2,56.5,40.5,2,10,0
Urban,29071.0,2,1.3,0,6,2,1,2,78.5,63.7,0,7,0
Semi-urban,10944.0,1,7.3,1,3,1,2,1,72.8,79.1,0,5,0
Urban,18843.0,1,2.8,0,6,2,1,2,70.8,86.0,0,10,0
Rural,29653.0,0,17.6,0,5,2,3,1,79.6,95.0,2,7,0
Rural,15132.0,0,0.79,0,3,1,3,1,77.1,70.6,0,10,0
Semi-urban,19791.0,0,5.3,2,4,2,2,1,78.1,49.3,0,3,1
Rural,38870.0,2,36.56,0,4,2,2,1,23.9,40.5,5,7,1
Semi-urban,6978.0,1,4.8,2,8,2,1,2,96.0,65.2,0,8,0
Urban,15701.0,0,4.3,2,2,1,2,3,22.2,38.7,3,8,1
Urban,39914.0,1,14.1,0,8,2,3,2,37.2,43.0,7,6,1
Rural,29570.0,0,32.53,1,8,2,2,2,59.4,47.0,4,5,1
Semi-urban,40516.0,2,1.5,0,9,3,3,2,82.9,47.6,0,3,0
Semi-urban,18465.0,0,3.8,1,5,3,3,2,49.7,70.8,0,6,0
Urban,23947.0,2,14.6,0,8,3,2,2,89.0,66.6,0,2,0
Semi-urban,3845.0,2,2.2,2,4,2,2,1,72.6,59.5,2,6,0
Urban,16864.0,0,6.1,1,10,3,1,3,59.7,91.0,0,9,0
Semi-urban,14104.0,1,1.5,2,4,1,3,2,30.3,62.0,0,6,1
Urban,6501.0,2,14.3,0,7,2,2,3,37.7,65.2,0,10,0
Rural,4019.0,0,9.11,0,6,2,3,3,49.8,73.4,1,5,1
Semi-urban,16608.0,0,21.8,2,6,2,3,2,72.3,45.4,8,5,1
Rural,10150.0,0,36.03,1,10,2,1,3,10.0,47.5,0,10,1
Urban,24452.0,1,0.5,0,8,2,2,2,37.0,69.1,1,9,0
Semi-urban,12781.0,1,9.3,1,5,2,3,1,92.4,100.0,0,8,0
Semi-urban,6015.0,0,23.9,0,4,1,2,2,75.5,61.9,1,5,1
Rural,10018.0,0,9.78,1,9,2,2,3,27.5,54.1,7,6,1
Semi-urban,9070.0,0,6.0,2,9,2,1,3,61.2,35.0,4,7,1
Urban,19735.0,1,10.7,1,4,2,2,1,10.0,35.0,0,7,1
Urban,3579.0,1,0.5,1,7,2,2,2,42.6,37.3,0,6,0
Urban,14209.0,0,9.4,0,6,3,2,1,58.3,93.0,0,8,0
Urban,14113.0,2,28.3,2,5,1,1,2,26.4,66.1,1,5,1
Semi-urban,2620.0,0,2.5,0,5,2,2,2,50.2,66.9,1,6,0
Rural,9937.0,2,11.24,2,9,3,3,2,83.7,35.0,0,6,0
Semi-urban,14781.0,1,24.0,1,6,2,2,2,68.7,85.6,0,9,0
Rural,16473.0,0,5.29,1,7,2,3,2,48.9,54.5,3,7,1
Semi-urban,7882.0,2,5.8,1,8,3,1,2,22.2,82.4,4,10,0
Semi-urban,22015.0,2,1.0,1,5,3,2,2,87.5,63.7,0,8,0
Urban,6007.0,1,11.0,1,3,3,3,1,10.0,72.0,2,10,1
Semi-urban,13723.0,0,1.5,0,7,3,2,2,14.3,78.3,0,5,0
Semi-urban,17138.0,1,16.9,1,10,2,1,3,29.2,55.0,2,5,0
Urban,4559.0,0,3.2,0,7,2,1,2,77.5,39.4,6,9,1
Urban,15834.0,2,4.0,2,5,2,2,1,30.1,41.3,6,5,1
Semi-urban,2000.0,0,7.5,2,4,2,2,2,48.4,74.8,7,8,1
Semi-urban,10688.0,2,5.0,1,6,2,2,2,90.0,73.3,0,9,0
Semi-urban,6047.0,0,1.8,1,3,2,3,2,70.3,61.3,0,3,1
Semi-urban,15546.0,0,1.2,0,8,2,1,3,85.3,38.0,6,5,1
Semi-urban,16269.0,1,4.1,1,3,1,3,1,68.2,45.5,0,7,1
Semi-urban,28377.0,2,10.1,1,10,3,1,3,64.5,62.6,0,7,0
Rural,7407.0,1,16.52,1,3,1,2,3,34.3,35.0,4,6,1
Rural,10996.0,1,13.11,2,4,2,3,1,12.5,35.0,0,3,1
Semi-urban,18725.0,1,20.8,1,5,2,3,1,44.8,58.0,1,10,1
Urban,16758.0,0,4.0,1,4,2,3,2,49.2,75.6,2,6,1
Rural,7731.0,0,16.61,2,10,3,2,2,10.0,55.2,1,10,1
Urban,9206.0,1,0.5,0,5,2,3,3,78.3,99.7,0,8,0
Rural,3282.0,2,3.86,1,5,1,1,2,92.7,87.4,8,6,1
Semi-urban,19522.0,2,9.8,1,7,2,2,2,53.6,39.8,1,9,0
Urban,11882.0,2,4.3,0,3,1,2,1,77.8,72.6,0,6,0
Semi-urban,22608.0,0,0.5,1,9,3,2,3,16.2,70.6,1,8,0
Semi-urban,29157.0,1,14.1,0,4,1,3,3,47.2,41.9,0,5,1
Semi-urban,6674.0,0,0.5,1,8,2,2,2,22.9,42.9,1,10,1
Rural,6003.0,2,1.63,1,5,2,2,1,93.9,37.1,1,6,0
Semi-urban,2000.0,1,10.8,0,4,1,2,2,89.6,75.7,0,7,0
Semi-urban,40025.0,0,1.6,2,7,2,2,2,49.2,65.8,1,8,0
Semi-urban,50000.0,0,0.5,0,4,1,1,2,69.8,78.0,2,4,0
Rural,8406.0,0,16.15,0,6,3,3,2,25.1,84.1,0,5,1
Rural,3885.0,0,3.97,1,7,3,1,3,75.6,43.5,0,7,0
Urban,10060.0,1,5.5,0,6,2,1,2,70.6,76.0,3,5,0
Semi-urban,8264.0,1,14.7,0,7,1,2,3,90.2,97.5,0,8,0
Semi-urban,4189.0,2,13.0,1,6,1,2,3,95.7,59.9,0,7,0
Rural,2944.0,1,10.83,1,10,3,2,3,24.1,73.2,3,6,1
Urban,5688.0,2,8.2,0,10,3,2,2,31.4,64.1,0,7,0
Urban,5465.0,1,3.2,1,4,1,2,2,81.0,64.1,4,5,1
Semi-urban,8409.0,1,1.9,0,10,3,3,3,52.9,64.9,2,5,0
Semi-urban,16829.0,0,3.5,2,6,3,2,1,89.9,89.1,0,9,0
Urban,6242.0,1,0.6,2,5,2,3,1,69.0,38.1,0,8,1
Rural,6346.0,1,18.06,0,5,2,1,1,62.1,56.4,0,10,0
Semi-urban,4264.0,0,22.8,0,7,2,2,2,81.5,79.0,0,9,0
Rural,7825.0,1,25.76,0,6,1,2,2,59.8,59.5,8,7,1
Rural,16949.0,0,37.81,2,3,2,2,1,74.8,66.5,2,5,1
Semi-urban,4415.0,1,4.4,0,5,1,3,2,10.0,36.9,7,10,1
Semi-urban,24384.0,0,1.8,1,9,3,1,3,41.9,35.0,0,6,0
Urban,2698.0,2,12.4,0,5,1,2,2,50.0,46.1,1,7,0
Rural,27938.0,0,2.21,0,5,1,1,3,74.1,84.9,2,9,0
Rural,9929.0,0,50.0,1,10,2,1,3,62.9,52.8,0,6,0
Semi-urban,3561.0,1,2.7,0,9,3,1,3,45.0,39.5,1,7,0
Semi-urban,5280.0,1,4.2,0,9,3,1,3,46.4,68.2,2,8,0
Rural,13040.0,2,50.0,1,9,3,3,2,20.6,67.0,1,9,0
Urban,19834.0,2,8.9,2,5,2,2,1,76.4,56.3,2,8,0
Rural,8296.0,0,34.69,0,2,3,3,1,71.8,63.3,0,7,1
Semi-urban,5444.0,1,7.8,2,7,2,1,3,45.5,37.7,1,4,0
Semi-urban,8186.0,0,5.0,0,5,1,3,2,87.1,71.7,2,10,1
Rural,10596.0,1,4.28,1,6,1,1,2,94.7,91.1,4,6,0
Semi-urban,38968.0,1,8.7,1,7,3,3,1,69.9,55.3,2,4,0
Rural,3261.0,2,11.57,2,8,3,2,2,57.9,37.9,2,9,1
Semi-urban,29721.0,2,15.7,0,3,1,2,1,97.2,86.4,0,6,0
Urban,9709.0,2,1.3,1,5,1,2,3,72.6,63.7,0,6,0
Urban,4911.0,1,1.1,0,8,2,2,3,60.7,47.5,0,10,0
Urban,19049.0,0,4.3,1,5,2,3,1,68.9,56.3,0,10,0
Urban,43070.0,1,46.3,0,5,2,3,2,23.7,41.2,1,9,1
Semi-urban,20180.0,2,3.4,1,7,2,2,2,30.6,61.4,4,10,0
Semi-urban,14067.0,1,15.4,0,5,3,2,1,35.3,53.9,0,10,0
Rural,3756.0,1,33.98,1,5,2,3,3,55.4,76.2,5,7,1
Rural,8483.0,0,26.37,0,6,3,1,2,77.8,58.8,2,6,0
Semi-urban,26607.0,0,20.0,1,7,2,1,3,78.1,48.0,2,6,0
Urban,20942.0,0,1.2,0,1,1,2,3,41.5,39.9,2,5,1
Rural,3209.0,0,34.65,1,8,2,3,2,60.0,51.0,9,6,1
Rural,13349.0,0,12.51,0,5,2,2,3,93.7,54.3,0,8,0
Semi-urban,8252.0,0,11.4,0,7,2,2,3,70.8,65.6,0,5,0
Semi-urban,5805.0,0,5.0,1,5,1,2,2,67.0,80.5,1,6,0
Urban,36052.0,2,9.3,0,1,1,3,3,36.1,72.9,0,6,1
Semi-urban,12814.0,0,0.6,0,9,2,2,2,14.6,64.6,1,9,0
Rural,15818.0,0,42.78,0,5,2,3,2,43.8,69.3,2,9,1
Semi-urban,18994.0,0,24.0,0,6,3,2,2,74.0,80.9,0,5,0
Semi-urban,5583.0,1,13.1,2,5,2,3,1,69.1,65.5,1,10,0
Rural,30132.0,0,1.52,1,7,3,2,1,10.0,82.2,6,10,1
Urban,13157.0,2,3.2,1,9,2,1,3,22.9,58.5,1,5,0
Urban,5206.0,2,0.8,1,5,2,1,3,81.7,68.5,3,5,0
Rural,3057.0,1,1.92,1,6,2,2,1,55.3,47.3,1,6,1
Urban,22583.0,0,6.6,1,4,1,2,2,55.1,62.7,1,7,0
Rural,11928.0,1,8.56,1,6,2,3,2,93.4,53.3,0,6,0
Semi-urban,8681.0,1,2.4,2,6,2,2,1,78.9,87.0,1,7,0
Semi-urban,3339.0,0,0.9,1,6,1,2,3,63.0,63.7,3,4,1
Semi-urban,6036.0,0,3.7,1,5,2,2,1,14.5,52.5,1,7,1
Rural,6239.0,1,13.12,2,10,2,1,3,50.0,78.6,2,9,0
Semi-urban,4773.0,0,14.8,1,3,1,3,1,94.0,88.0,0,10,1
Semi-urban,16796.0,1,6.8,1,3,2,3,1,76.1,67.3,1,6,1
Urban,4346.0,1,4.0,2,4,2,2,1,36.6,62.9,3,10,1
Semi-urban,31490.0,0,0.9,1,8,2,1,3,82.9,51.7,0,7,0
Urban,50000.0,0,1.2,0,5,2,3,1,41.7,59.9,0,7,0
Rural,17282.0,1,4.95,2,10,3,2,2,69.7,50.5,1,8,0
Urban,7794.0,0,7.0,1,10,2,2,3,91.4,81.9,1,5,0
Urban,28891.0,1,5.4,0,7,3,2,3,51.2,49.3,1,5,0
Urban,15129.0,1,0.7,2,6,3,3,1,21.6,62.4,1,8,0
Semi-urban,2000.0,2,5.1,1,5,3,2,1,57.7,68.8,2,8,0
Urban,6049.0,1,3.5,2,6,2,3,2,65.7,40.2,1,10,1
Urban,7407.0,0,14.0,1,3,2,3,1,54.5,100.0,6,8,1
Urban,42008.0,2,6.2,2,5,2,3,2,81.7,90.8,0,7,0
Rural,4619.0,0,33.96,1,8,3,2,2,51.7,82.9,0,8,0
Urban,50000.0,1,12.5,0,6,1,3,2,74.9,48.8,0,6,0
Urban,4724.0,2,2.2,0,2,2,3,1,75.5,43.7,5,8,1
Semi-urban,5792.0,1,11.0,2,6,2,2,1,32.2,75.3,1,9,1
Semi-urban,6863.0,0,12.2,1,5,3,3,2,24.4,50.0,3,7,1
Semi-urban,2825.0,1,3.3,1,3,1,2,1,49.5,60.8,0,8,1
Rural,9907.0,0,7.28,1,2,1,2,2,32.6,36.4,1,7,1
Rural,12971.0,2,0.9,1,5,1,3,2,87.9,70.2,0,5,0
Rural,4599.0,0,17.08,1,5,2,1,2,58.9,55.0,2,5,1
Urban,10242.0,2,1.8,1,3,1,2,2,46.4,75.0,3,6,1
Rural,13372.0,2,14.4,0,7,2,1,3,64.0,86.3,4,9,1
Semi-urban,20844.0,2,1.4,0,4,2,2,1,70.3,59.8,0,4,0
Semi-urban,20701.0,0,1.0,0,5,2,3,3,30.6,46.3,1,4,1
Urban,22016.0,0,12.4,2,10,3,1,3,88.2,57.1,0,10,0
Semi-urban,6467.0,1,23.8,0,6,3,3,2,48.8,92.7,0,8,1
Rural,12428.0,0,27.18,1,6,3,3,1,28.0,52.3,1,8,1
Semi-urban,11550.0,2,0.5,1,8,3,1,1,70.5,45.4,1,7,0
Semi-urban,30285.0,2,7.4,2,6,2,2,2,37.1,53.9,2,9,0
Semi-urban,22477.0,0,8.4,0,6,2,3,1,93.8,68.5,0,8,0
Rural,24148.0,1,6.81,2,2,1,3,1,17.4,58.3,0,7,1
Urban,20647.0,2,8.8,0,4,2,2,1,94.6,44.3,0,9,0
Semi-urban,27869.0,1,17.3,2,5,2,3,1,81.0,78.5,5,10,1
Rural,11478.0,0,3.64,0,6,2,1,3,76.2,81.8,5,5,1
Rural,4509.0,1,16.08,1,8,2,3,2,79.7,67.6,0,6,0
Rural,6276.0,2,2.3,0,8,3,2,2,21.1,82.7,3,8,0
Semi-urban,6008.0,1,1.3,0,6,2,2,1,76.3,44.7,0,7,0
Rural,2000.0,2,16.15,2,10,3,2,3,92.1,45.0,0,6,0
Semi-urban,11510.0,0,19.2,0,2,1,2,1,15.0,54.1,1,7,1
Urban,6151.0,2,1.1,1,7,2,1,3,94.4,53.7,0,7,0
Urban,23426.0,1,14.0,0,7,2,3,3,44.7,47.1,0,7,0
Semi-urban,24244.0,1,18.7,1,8,3,3,2,51.4,46.4,6,6,1
Semi-urban,4973.0,1,0.5,2,3,2,2,3,69.1,84.4,0,7,0
Urban,11359.0,0,6.1,1,5,2,2,2,43.6,71.1,6,7,1
Semi-urban,2196.0,1,7.5,0,5,1,3,3,39.0,72.9,1,7,1
Semi-urban,14545.0,0,4.0,1,5,2,3,2,49.7,48.4,0,8,1
Rural,4156.0,1,50.0,0,4,3,1,3,20.3,59.0,1,8,0
Semi-urban,3796.0,1,8.5,0,7,2,1,2,79.8,81.5,0,7,0
Rural,11000.0,1,10.62,0,7,2,3,3,91.3,93.8,0,6,0
Urban,7943.0,1,17.6,1,4,2,3,3,63.6,69.0,3,7,0
Rural,15096.0,0,18.46,0,2,1,2,1,96.4,51.8,0,5,1
Semi-urban,5493.0,1,1.3,1,10,3,1,3,20.4,39.7,2,4,0
Semi-urban,4325.0,2,4.9,2,7,2,2,3,12.8,63.0,2,7,0
Rural,23055.0,2,6.91,0,5,2,1,2,61.0,87.4,0,8,0
Rural,13111.0,1,7.99,2,4,2,3,3,54.0,68.7,1,8,1
Rural,14034.0,0,3.56,1,6,3,2,1,94.0,39.5,0,7,1
Semi-urban,5573.0,1,2.3,0,4,1,3,2,43.9,46.2,2,4,1
Semi-urban,25421.0,0,31.0,0,4,2,3,1,41.0,72.8,0,7,1
Rural,9577.0,1,14.93,1,6,1,3,2,49.8,59.0,2,8,1
Semi-urban,4776.0,1,13.5,2,2,1,2,1,14.8,36.2,0,7,1
Semi-urban,5882.0,1,4.9,1,8,3,2,1,73.4,63.3,1,5,0
Urban,9446.0,1,4.3,2,4,2,2,2,28.7,35.0,2,7,1
Urban,9086.0,0,7.2,1,4,2,2,1,41.7,50.2,0,10,1
Semi-urban,10389.0,1,1.1,0,3,1,3,1,84.9,81.3,5,6,1
Rural,4193.0,0,36.16,0,4,1,2,2,10.0,42.0,0,6,1
Semi-urban,8973.0,1,11.9,1,8,2,3,2,38.9,38.9,1,6,1
Semi-urban,4559.0,0,11.9,0,3,2,3,2,57.1,77.8,0,6,1
Urban,37132.0,2,7.3,0,6,2,1,2,85.1,100.0,0,10,0
Rural,4543.0,1,3.46,1,5,2,2,3,47.3,43.2,0,5,1
Semi-urban,2359.0,1,6.7,1,6,3,3,1,21.9,81.8,5,5,1
Semi-urban,8568.0,0,6.5,0,3,2,1,1,88.8,83.4,5,8,1
Urban,50000.0,0,3.2,2,7,1,2,3,77.5,45.8,2,4,0
Semi-urban,3333.0,2,7.2,1,6,2,1,2,84.5,60.9,0,5,0
Rural,9688.0,1,2.06,0,4,2,2,1,69.4,44.4,1,5,1
Urban,15955.0,1,20.4,2,4,3,1,2,59.5,59.2,2,8,0
Semi-urban,5350.0,1,5.9,0,10,3,1,3,77.1,83.3,0,7,0
Rural,3289.0,1,1.27,2,6,3,3,1,37.8,54.4,1,7,1
Rural,6177.0,0,10.17,0,5,3,2,1,65.2,80.2,1,10,0
Urban,48256.0,0,5.6,0,6,1,1,3,87.2,93.8,0,5,0
Urban,13021.0,2,5.7,1,3,1,3,1,59.9,65.2,1,4,1
Semi-urban,19736.0,0,6.3,1,10,2,1,3,52.2,54.1,1,2,0
Semi-urban,7134.0,1,8.4,0,5,2,3,1,77.0,79.3,3,6,1
Rural,4321.0,1,10.29,2,6,2,2,1,14.1,49.1,8,4,1
Urban,5652.0,0,12.8,0,4,1,1,3,50.4,37.9,1,3,1
Rural,19677.0,1,10.56,1,4,2,1,1,69.7,64.6,0,8,0
Semi-urban,4958.0,1,3.3,2,8,3,2,2,45.9,44.1,1,9,1
Rural,2674.0,2,2.5,1,2,1,3,1,65.0,51.1,0,6,1
Semi-urban,4235.0,1,7.0,0,4,2,2,2,53.4,73.9,0,6,0
Urban,10149.0,2,3.3,1,9,2,3,2,85.5,86.5,0,6,0
Semi-urban,2543.0,2,8.4,0,3,1,2,3,10.0,45.0,0,10,1
Urban,3751.0,2,5.3,2,7,2,1,3,63.1,41.3,9,9,1
Rural,5799.0,1,16.52,1,6,2,1,3,66.1,72.1,0,7,0
Semi-urban,17150.0,0,10.1,1,4,1,3,1,32.0,54.6,1,7,1
Rural,8450.0,1,0.69,2,3,2,1,3,28.0,48.1,1,8,0
Rural,4434.0,2,50.0,1,6,2,2,2,78.5,62.7,0,4,0
Semi-urban,17456.0,1,7.3,0,8,2,2,3,79.9,89.8,1,9,0
Rural,20719.0,1,2.84,0,6,3,3,3,44.8,35.0,0,4,1
Urban,7676.0,0,3.4,1,10,2,1,3,70.6,36.9,4,7,1
Rural,10590.0,2,7.66,2,8,2,2,3,80.2,35.0,0,5,0
Urban,3764.0,1,17.6,0,6,2,2,1,66.6,57.4,5,8,1
Semi-urban,8034.0,0,12.4,0,8,3,2,1,79.3,89.9,0,6,0
Urban,50000.0,1,1.2,1,4,2,3,1,98.3,46.8,0,5,0
Semi-urban,3815.0,0,6.7,0,4,2,2,1,23.8,54.3,1,8,1
Semi-urban,4258.0,1,11.2,1,5,2,1,2,62.2,46.5,1,10,0
Semi-urban,11741.0,1,20.4,1,9,3,1,2,93.3,62.5,0,6,0
Rural,9164.0,1,0.71,0,8,2,1,3,64.7,39.2,0,3,0
Rural,10953.0,1,2.95,2,9,3,1,3,90.8,69.8,1,7,0
Semi-urban,6414.0,2,5.0,2,9,2,2,2,23.1,39.4,0,8,0
Rural,2963.0,2,3.95,0,5,2,1,2,72.1,75.9,0,8,0
Urban,10600.0,1,22.6,0,4,3,3,2,42.2,71.4,0,4,0
Semi-urban,4140.0,1,8.7,1,2,1,2,2,29.6,77.6,4,9,1
Urban,2082.0,1,8.9,0,4,2,1,1,89.2,50.0,0,6,0
Urban,23965.0,0,1.9,1,6,2,2,2,96.0,60.5,0,8,0
Rural,2973.0,0,2.7,2,8,3,1,2,34.5,47.1,3,9,1
Rural,6241.0,0,0.73,0,10,3,2,3,54.8,36.2,3,6,1
Rural,5586.0,1,22.31,1,2,2,2,1,63.3,48.2,1,8,1
Rural,50000.0,1,9.42,0,7,3,2,3,66.2,52.4,0,3,0
Semi-urban,5106.0,0,0.5,1,4,2,2,3,38.4,39.3,3,6,1
Urban,7012.0,0,6.3,1,6,3,3,2,59.1,70.8,0,8,0
Urban,24954.0,0,0.5,1,5,2,2,1,83.5,57.7,0,6,0
Urban,17350.0,1,3.5,0,5,1,1,2,17.4,41.7,0,5,0
Rural,3627.0,1,0.71,1,6,1,1,3,27.7,55.2,0,6,1
Semi-urban,2753.0,2,19.6,0,8,2,3,2,91.2,100.0,0,7,0
Semi-urban,8443.0,1,3.9,1,10,3,2,2,74.7,77.5,0,5,0
Urban,7569.0,1,10.3,1,8,3,1,2,62.7,91.1,0,9,0
Urban,4799.0,2,9.7,0,2,1,3,1,39.0,38.1,2,9,1
Rural,16084.0,2,16.26,0,8,2,2,2,65.2,92.5,0,8,0
Semi-urban,40389.0,2,5.2,0,5,2,3,1,75.9,61.2,0,7,0
Urban,26186.0,0,5.2,2,3,1,2,2,23.3,60.4,1,4,1
Semi-urban,3068.0,1,13.3,1,3,1,1,1,83.2,55.3,6,4,1
Semi-urban,10917.0,0,4.5,1,6,2,2,2,63.6,54.5,0,6,0
Semi-urban,8296.0,1,4.7,0,4,1,2,1,65.6,69.0,0,10,0
Semi-urban,7233.0,1,1.0,1,6,1,1,3,43.9,35.0,6,7,1
Semi-urban,4658.0,0,3.5,2,9,3,2,2,86.9,65.3,0,9,0
Urban,20098.0,0,6.2,1,4,1,2,3,51.8,42.8,1,10,0
Semi-urban,4510.0,1,14.9,0,9,3,3,2,80.8,48.9,2,8,0
Urban,19419.0,0,24.9,2,2,1,3,3,88.4,65.2,0,9,1
Urban,9451.0,0,4.2,1,4,1,1,2,84.0,75.2,2,6,0
Rural,6764.0,1,6.92,0,7,2,2,3,87.2,81.5,0,7,0
Semi-urban,6950.0,0,13.2,2,5,1,3,3,52.6,54.7,4,7,1
Urban,12015.0,0,2.3,0,3,2,3,1,48.2,69.0,5,6,1
Rural,3270.0,2,1.79,2,6,2,2,2,69.0,53.0,0,9,0
Urban,11453.0,1,0.7,1,5,2,3,1,15.9,53.3,0,2,1
Rural,15942.0,1,12.85,0,9,2,1,3,35.9,50.0,1,6,0
Rural,11303.0,1,16.45,0,4,2,2,2,69.9,68.2,0,8,0
Urban,5881.0,0,4.8,0,4,1,1,2,71.7,90.4,0,10,0
Semi-urban,8575.0,0,2.2,1,3,1,3,3,53.4,68.5,2,8,1
Rural,3973.0,0,8.39,0,7,2,1,2,63.2,35.0,4,5,1
Rural,10488.0,0,0.77,0,4,1,3,1,71.9,62.2,5,5,1
Urban,16834.0,0,0.5,2,10,3,3,3,44.9,64.2,0,5,0
Rural,4259.0,0,19.47,0,6,3,3,2,67.7,100.0,3,8,1
Urban,8331.0,2,20.9,1,6,2,2,3,54.9,40.9,0,5,0
Rural,4969.0,0,1.84,1,6,2,1,3,93.7,74.8,1,7,0
Rural,2861.0,2,2.06,0,4,1,3,1,29.8,60.1,1,4,1
Urban,50000.0,2,19.0,0,3,1,3,2,10.0,91.6,0,9,0
Rural,5826.0,0,0.79,1,8,2,2,2,60.6,85.9,0,8,0
Urban,50000.0,1,1.6,1,7,2,2,3,49.8,38.6,0,4,1
Rural,17252.0,1,17.76,0,6,2,1,2,59.0,82.0,1,8,0
Rural,2000.0,0,4.04,0,8,2,1,3,24.3,51.5,2,4,1
Urban,15691.0,1,14.1,0,6,3,1,2,88.9,87.0,0,5,0
Semi-urban,19166.0,0,4.6,0,4,1,1,2,87.3,72.6,1,10,0
Urban,4211.0,1,7.5,0,6,2,3,3,58.2,67.1,0,7,0
Semi-urban,2907.0,0,10.9,0,4,1,2,2,48.9,54.8,1,10,1
Semi-urban,10293.0,0,2.0,2,2,1,3,1,58.2,58.7,7,10,1
Urban,30338.0,0,6.2,1,5,1,1,2,83.6,64.4,1,7,0
Urban,10264.0,2,5.0,1,7,2,3,2,62.1,90.7,0,10,0
Urban,9766.0,0,3.7,0,7,2,3,2,66.2,93.4,6,8,1
Urban,13769.0,1,24.1,0,10,3,3,2,14.4,65.2,0,8,0
Semi-urban,3785.0,1,0.5,1,7,3,2,2,82.8,36.9,0,7,0
Semi-urban,6238.0,0,49.2,0,1,1,3,1,72.7,100.0,2,8,1
Semi-urban,6015.0,0,14.8,0,2,1,2,3,68.2,68.0,3,7,1
Semi-urban,3049.0,0,4.6,1,6,2,3,3,71.0,79.9,0,8,0
Semi-urban,9771.0,2,9.7,1,7,2,2,1,74.4,45.9,1,4,0
Urban,9645.0,0,15.5,1,8,3,1,2,47.8,69.2,2,4,0
Urban,22256.0,0,8.7,2,5,3,2,1,10.0,45.0,0,8,0
Rural,9071.0,0,2.8,0,6,2,3,1,64.5,68.5,0,10,0
Urban,9986.0,0,3.6,0,4,2,2,1,74.9,65.2,3,9,1
Rural,29308.0,2,14.31,1,2,2,3,2,66.2,72.2,5,7,1
Semi-urban,36072.0,2,3.0,0,5,2,3,3,16.6,37.3,1,7,1
Rural,7891.0,0,11.9,1,8,2,2,2,53.3,70.5,1,5,0
Rural,2820.0,0,6.02,0,3,1,2,2,47.9,75.4,7,8,1
Urban,10972.0,1,20.9,0,6,2,1,3,43.8,64.6,0,9,0
Urban,18457.0,2,3.3,1,6,3,3,1,66.0,35.8,0,5,0
Urban,25035.0,1,0.9,1,7,3,2,2,81.0,67.7,4,6,0
Urban,19152.0,1,3.8,0,3,1,1,2,88.2,70.0,3,3,0
Rural,2336.0,1,50.0,1,3,1,2,2,37.0,48.1,2,9,1
Urban,16491.0,1,0.5,0,2,3,3,2,49.8,35.0,1,4,1
Semi-urban,34752.0,0,3.3,1,3,2,3,1,79.8,68.7,0,7,0
Urban,23952.0,1,5.6,1,5,3,3,2,73.3,85.2,0,8,0
Semi-urban,10808.0,0,1.6,1,10,2,1,3,77.3,48.4,0,3,0
Rural,2000.0,1,3.21,1,8,2,1,3,48.7,77.0,0,7,0
Urban,7801.0,2,3.6,0,7,2,3,3,15.7,81.1,1,5,0
Rural,18410.0,1,2.13,1,4,2,1,2,34.1,41.2,2,7,1
Urban,5893.0,0,25.3,2,6,3,3,3,38.0,35.7,1,4,1
Rural,13391.0,1,4.57,1,10,2,1,3,42.9,61.6,1,7,0
Urban,9906.0,0,22.8,0,5,2,3,3,34.0,65.3,1,7,1
Semi-urban,7051.0,1,15.5,1,10,3,2,3,64.9,80.7,0,8,0
Rural,5263.0,0,27.97,0,6,2,3,1,60.9,93.6,3,8,1
Semi-urban,12030.0,2,0.5,1,3,1,2,1,85.4,48.4,0,8,0
Rural,34025.0,1,0.67,1,4,1,3,2,82.7,78.2,0,5,0
Rural,2000.0,0,19.85,1,4,2,3,2,20.0,35.0,0,6,1
Urban,50000.0,2,7.3,0,8,3,2,3,78.9,62.8,5,6,0
Semi-urban,9381.0,1,1.6,1,6,2,3,2,56.5,69.5,1,10,0
Semi-urban,11709.0,1,5.6,2,6,3,2,1,42.9,75.9,3,7,1
Rural,3866.0,0,5.0,2,2,1,2,3,80.4,59.1,2,10,1
Semi-urban,8999.0,1,3.5,0,6,3,2,2,12.5,54.8,4,7,1
Semi-urban,4679.0,0,14.9,1,5,2,1,2,81.1,55.9,0,4,0
Semi-urban,3883.0,0,5.0,1,3,1,3,1,13.9,47.3,3,6,1
Urban,31704.0,0,5.5,0,7,2,1,2,79.1,79.4,3,4,0
Semi-urban,6627.0,0,16.6,2,8,3,1,3,27.3,35.0,2,6,1
Semi-urban,5527.0,1,4.9,0,7,2,3,2,31.5,82.8,1,9,0
Semi-urban,2000.0,2,2.3,0,6,2,3,3,43.9,44.5,1,5,1
Rural,9258.0,0,1.2,1,8,3,2,1,67.6,58.1,0,6,0
Urban,4514.0,1,2.6,1,4,2,1,1,88.8,56.9,0,8,0
Urban,8173.0,1,7.2,0,7,3,1,2,77.4,60.5,0,5,0
Rural,13730.0,1,19.14,1,4,2,2,2,27.6,39.3,2,10,1
Urban,2000.0,0,7.7,1,5,1,2,3,32.2,46.3,0,7,0
Urban,15824.0,1,13.8,1,8,2,1,3,66.5,64.0,2,10,0
Rural,9762.0,0,2.42,1,8,3,3,2,68.5,77.4,1,2,0
Semi-urban,48936.0,2,7.4,0,7,2,3,2,57.8,40.0,3,4,1
Semi-urban,5114.0,2,17.4,1,5,2,2,3,57.0,59.4,4,7,1
Semi-urban,5690.0,2,0.6,2,7,2,2,2,79.1,81.6,1,6,0
Rural,3888.0,0,9.69,0,6,2,2,3,81.0,72.2,4,6,1
Urban,17070.0,0,1.3,0,10,3,1,3,66.9,62.0,8,6,1
Semi-urban,47535.0,0,1.6,1,5,2,3,1,60.6,72.1,0,8,0
Urban,37694.0,2,6.8,1,2,1,3,1,94.7,72.3,0,8,0
Rural,3309.0,0,3.98,1,4,3,2,2,39.9,53.2,3,6,1
Rural,5220.0,1,12.79,0,8,2,2,3,88.6,63.9,2,8,0
Semi-urban,3760.0,1,17.7,0,7,2,3,1,28.6,84.7,5,6,1
Semi-urban,8375.0,1,0.5,1,5,1,2,3,44.4,49.8,1,8,1
Rural,4170.0,1,7.88,0,10,2,2,3,74.0,55.0,0,3,0
Urban,6213.0,2,6.3,0,7,2,2,2,66.5,35.0,0,6,0
Semi-urban,7528.0,1,2.1,0,3,1,3,3,20.8,64.8,1,7,1
Rural,12753.0,1,34.42,0,4,1,3,3,66.0,77.5,0,6,0
Semi-urban,4214.0,0,4.6,1,5,2,3,3,38.2,48.0,0,7,1
Semi-urban,12566.0,2,2.8,1,6,3,3,1,78.2,62.2,0,7,0
Urban,27561.0,0,30.2,2,7,2,2,3,66.1,71.8,6,4,1
Rural,13435.0,1,1.16,1,7,3,1,2,71.7,35.0,4,4,0
Rural,22298.0,2,9.13,0,2,1,3,1,98.1,100.0,0,6,0
Semi-urban,7677.0,1,1.2,0,2,1,2,2,26.5,35.0,0,4,1
Rural,7982.0,1,14.94,1,9,2,1,3,84.7,83.1,1,9,0
Semi-urban,23654.0,2,16.7,0,7,2,2,2,77.6,54.3,1,8,0
Semi-urban,18824.0,2,8.7,2,5,3,2,2,86.7,43.8,0,5,0
Semi-urban,10883.0,1,3.2,1,8,2,1,2,63.1,50.7,0,8,0
Urban,12119.0,0,2.2,0,2,1,1,2,56.4,70.9,6,8,1
Semi-urban,7647.0,2,6.5,0,8,2,3,2,30.8,35.0,1,3,1
Urban,47260.0,1,28.8,1,1,1,3,1,45.8,41.9,2,8,1
Urban,18820.0,1,1.8,0,8,3,2,2,72.5,85.9,1,6,0
Rural,20000.0,0,5.55,2,5,2,3,2,59.6,61.0,0,7,0
Semi-urban,4630.0,1,2.8,0,5,2,1,3,58.0,43.3,0,10,0
Urban,47123.0,1,1.1,0,5,2,2,3,90.1,53.7,0,5,0
Rural,4581.0,0,11.27,1,10,2,1,3,11.6,35.0,6,6,1
Rural,16899.0,0,6.46,0,6,1,1,2,80.2,68.0,9,9,1
Rural,2000.0,1,15.17,0,6,1,2,2,62.8,66.4,2,7,1
Urban,22016.0,0,20.8,0,9,3,2,2,79.9,50.8,1,8,0
Semi-urban,4701.0,0,0.5,0,9,2,3,3,73.7,100.0,8,6,1
Urban,7814.0,0,21.1,1,9,2,2,2,16.0,48.1,0,7,1
Urban,3940.0,1,1.3,1,9,3,2,2,69.3,54.0,1,7,0
Semi-urban,7912.0,1,15.2,0,5,3,2,2,14.3,38.6,2,8,1
Semi-urban,26001.0,1,13.9,1,6,3,3,2,17.0,46.1,0,8,1
Semi-urban,2953.0,0,1.8,0,10,3,1,3,72.2,57.4,0,4,0
Semi-urban,21883.0,1,0.5,2,4,1,1,3,87.2,64.8,0,7,0
Rural,23794.0,2,10.04,1,4,2,2,1,86.9,82.8,4,7,0
Urban,6420.0,1,10.2,2,9,3,3,2,82.2,66.6,0,9,0
Semi-urban,13747.0,0,8.0,0,4,2,2,1,68.7,73.5,0,8,0
Urban,17226.0,2,6.8,2,7,3,2,2,66.5,57.1,1,4,0
Semi-urban,22234.0,1,7.0,0,6,3,2,1,90.6,74.9,0,4,0
Rural,2491.0,1,36.72,1,10,3,3,2,23.8,61.1,8,6,1
Semi-urban,27053.0,1,4.9,1,8,2,3,2,90.4,80.1,0,8,0
Urban,8882.0,2,9.6,1,5,2,1,2,88.6,63.7,0,8,0
Urban,7689.0,0,14.6,0,10,3,1,3,85.0,42.6,2,6,0
Rural,9567.0,0,3.11,1,10,3,2,3,84.4,46.6,2,5,0
Urban,10413.0,2,5.0,0,4,1,3,2,94.3,50.7,0,7,0
Urban,15490.0,0,0.5,0,10,3,1,3,69.0,44.1,1,4,0
Semi-urban,14153.0,1,6.9,1,3,2,3,1,81.6,39.0,4,3,1
Rural,4072.0,1,8.29,2,6,2,2,1,43.7,53.8,1,6,1
Semi-urban,2760.0,0,0.5,1,4,1,3,2,29.8,38.7,1,8,1
Rural,7442.0,2,0.8,0,10,3,1,3,36.2,71.8,0,4,0
Semi-urban,14486.0,0,2.0,1,4,1,1,3,91.9,88.0,0,5,0
Urban,29918.0,0,2.4,1,9,3,3,2,71.3,50.1,0,6,0
Semi-urban,10981.0,1,0.5,0,6,2,1,3,92.2,76.4,0,8,0
Semi-urban,6457.0,1,4.1,1,7,2,3,2,55.2,48.7,1,4,0
Semi-urban,3329.0,1,8.6,0,8,2,1,3,43.1,83.3,2,7,0
Rural,5005.0,1,13.93,0,7,2,2,2,56.9,58.7,1,6,0
Urban,19324.0,1,7.1,2,3,1,3,1,92.8,44.2,3,10,1
Rural,16299.0,1,19.57,1,3,2,2,1,10.0,72.0,5,8,1
Rural,9505.0,0,32.22,0,4,1,3,3,80.8,64.4,0,10,0
Urban,8777.0,2,4.9,2,9,3,2,2,69.6,45.5,3,8,0
Semi-urban,2700.0,2,9.1,1,6,2,1,3,85.8,58.5,0,7,0
Urban,31590.0,0,10.2,1,6,2,1,2,81.5,53.3,2,6,0
Semi-urban,6468.0,0,4.4,0,7,3,1,2,76.5,40.2,2,8,0
Semi-urban,46925.0,0,1.4,0,4,1,2,2,62.8,65.2,0,8,0
Semi-urban,3331.0,2,6.2,0,5,2,3,1,22.7,36.1,1,7,1
Semi-urban,14502.0,1,19.9,1,8,3,1,1,33.6,51.5,1,6,0
Urban,5334.0,1,17.8,0,3,1,2,3,57.5,75.4,1,7,0
Rural,6703.0,0,0.85,0,1,1,3,1,60.5,93.3,3,8,1
Semi-urban,5012.0,0,6.6,0,3,1,3,2,84.4,36.5,4,7,1
Urban,3582.0,2,1.2,1,7,3,1,2,60.6,89.5,1,7,0
Rural,10165.0,1,5.29,1,5,2,2,3,63.3,45.0,0,8,0
Urban,43225.0,1,0.7,1,2,2,3,1,17.9,48.8,1,5,1
Urban,6393.0,0,2.6,0,7,2,3,1,92.2,52.2,0,6,0
Urban,3149.0,1,4.7,0,6,2,2,3,45.1,35.0,9,7,1
Rural,5073.0,2,2.51,2,5,3,3,1,11.6,64.9,1,8,0
Semi-urban,14354.0,1,5.4,1,4,3,3,1,24.0,76.7,2,8,1
Rural,3930.0,2,4.72,2,3,3,3,1,81.4,92.3,0,8,0
Urban,7386.0,0,8.2,2,6,3,3,1,67.2,100.0,0,8,0
Rural,8463.0,0,3.43,0,5,2,2,2,11.9,51.9,0,8,1
Rural,11560.0,0,32.01,0,3,1,2,3,81.3,67.5,0,5,1
Rural,4581.0,0,0.74,1,3,3,3,1,58.1,48.6,1,7,1
Rural,4484.0,0,13.68,0,6,2,1,2,51.7,72.2,2,7,0
Urban,14847.0,0,0.5,1,5,2,2,1,82.5,35.0,0,4,1
Rural,3296.0,2,40.13,0,7,2,3,2,64.2,85.3,1,9,0
Semi-urban,6811.0,1,4.9,0,6,2,3,2,49.5,46.1,0,9,0
Semi-urban,5558.0,1,5.0,0,3,1,1,3,56.4,55.7,8,7,1
Semi-urban,17357.0,0,3.6,0,3,3,3,1,19.4,53.4,1,4,1
Urban,50000.0,0,17.9,0,5,2,3,1,42.1,45.7,0,6,0
Semi-urban,29925.0,2,15.5,0,3,2,2,1,85.6,77.5,4,7,1
Semi-urban,5632.0,1,2.8,0,7,3,1,3,73.1,84.4,0,8,0
Urban,28323.0,0,25.7,0,6,2,1,3,69.0,73.8,0,5,0
Rural,2908.0,1,3.55,1,6,2,2,2,60.5,57.0,4,7,1
Rural,32825.0,0,10.61,2,4,3,3,1,85.1,71.4,0,8,0
Semi-urban,4612.0,0,8.9,1,2,1,3,1,66.3,59.4,2,4,1
Semi-urban,8216.0,0,2.5,1,6,2,1,2,54.3,46.9,1,5,1
Semi-urban,6257.0,1,2.7,1,7,3,2,1,57.5,41.1,0,4,1
Rural,2560.0,1,23.39,0,2,1,2,2,79.6,63.4,1,3,0
Urban,13341.0,2,1.8,0,3,2,3,1,57.5,87.7,0,4,0
Urban,4419.0,1,6.2,2,8,2,3,2,81.0,72.2,5,8,1
Semi-urban,22830.0,1,8.9,2,6,2,3,1,73.0,35.0,6,6,1
Urban,4617.0,0,11.6,2,6,1,2,2,47.6,61.9,1,5,1
Rural,5682.0,0,9.92,0,6,2,1,2,70.0,49.6,1,4,0
Rural,2000.0,1,3.57,0,1,1,3,1,76.7,74.8,0,7,1
Urban,12500.0,0,28.6,2,5,1,3,1,18.9,67.1,6,4,1
Urban,4999.0,0,7.1,0,7,3,2,1,81.2,46.0,2,7,0
Semi-urban,15447.0,1,9.9,0,8,3,2,2,66.5,64.7,2,7,0
Urban,14253.0,1,27.9,1,7,2,2,2,64.6,53.6,4,7,1
Rural,6743.0,1,21.88,1,3,1,2,1,11.1,60.5,0,7,1
Semi-urban,3543.0,1,6.6,0,3,3,3,2,10.0,58.9,0,5,1
Rural,15830.0,1,18.06,1,3,1,1,2,71.3,60.7,4,8,1
Urban,31781.0,1,5.5,0,9,3,3,2,13.5,70.7,0,8,0
Rural,5263.0,1,33.67,0,3,1,1,2,26.8,59.1,2,6,1
Rural,3350.0,1,13.93,0,2,1,3,2,66.1,88.0,0,8,1
Rural,8869.0,0,1.38,1,7,2,2,3,82.6,64.9,0,5,0
Urban,16593.0,1,0.5,0,5,1,3,3,46.3,81.3,1,6,0
Rural,7136.0,0,5.31,0,5,1,1,3,67.5,53.8,0,7,0
Semi-urban,5216.0,1,6.6,0,5,1,1,3,82.0,60.1,1,10,0
Semi-urban,22846.0,0,24.1,2,4,2,2,2,86.7,44.3,2,8,0
Semi-urban,3856.0,0,5.9,0,2,1,3,3,51.6,43.8,0,5,1
Semi-urban,45702.0,1,7.0,1,10,3,2,2,80.4,69.0,1,4,0
Semi-urban,4243.0,0,0.9,1,3,2,3,2,59.0,40.2,3,10,1
Rural,6454.0,0,40.43,1,7,3,2,1,64.7,51.0,1,8,1
Urban,6616.0,0,10.2,0,1,2,3,1,57.2,52.7,4,9,1
Urban,10427.0,1,11.9,1,3,2,2,2,60.6,83.3,0,8,0
Semi-urban,13827.0,0,2.6,1,10,2,1,3,72.4,62.8,0,6,0
Urban,6396.0,2,12.9,2,7,2,3,3,72.7,55.5,0,7,0
Rural,3464.0,0,4.0,0,7,2,2,2,18.1,48.3,1,5,1
Urban,12650.0,1,1.2,1,10,3,1,3,79.9,53.9,0,5,0
Semi-urban,27421.0,0,11.0,1,5,3,3,3,31.7,59.1,0,6,1
Semi-urban,18158.0,0,13.1,0,10,3,1,3,74.1,39.3,7,8,1
Urban,15838.0,1,15.1,1,5,2,3,1,28.8,57.8,5,6,1
Rural,5825.0,0,7.22,1,3,2,3,1,74.9,43.7,0,10,1
Urban,20586.0,0,22.1,0,7,3,2,2,62.1,67.6,2,6,0
Semi-urban,17613.0,1,11.0,1,7,2,3,1,71.7,66.2,2,8,0
Semi-urban,7080.0,0,4.6,2,9,2,2,3,72.9,55.7,2,7,0
Rural,2510.0,1,6.39,2,2,2,2,1,64.2,59.7,4,8,1
Semi-urban,7452.0,2,0.7,0,6,2,2,2,45.1,55.0,1,9,0
Rural,4850.0,1,8.72,2,3,1,3,1,28.6,38.8,1,6,1
Semi-urban,20506.0,0,11.7,1,4,1,2,2,61.7,63.9,0,8,0
Semi-urban,6968.0,1,10.6,1,7,2,2,3,79.3,62.6,4,7,0
Rural,4604.0,0,5.48,0,8,3,3,1,86.5,85.2,0,6,0
Rural,32125.0,1,8.56,1,5,2,3,2,36.4,69.7,2,5,1
Rural,19087.0,1,1.97,2,7,3,2,2,88.9,62.2,1,8,0
Rural,16146.0,1,18.5,0,4,2,1,2,45.2,56.1,1,7,0
Rural,5049.0,0,4.34,0,3,2,3,1,69.0,87.1,0,5,1
Semi-urban,8920.0,0,0.6,2,3,1,2,2,15.7,63.5,2,8,1
Urban,9220.0,1,0.8,0,10,3,2,3,88.0,51.2,0,3,0
Semi-urban,10782.0,1,17.2,0,4,1,2,2,82.5,66.6,0,8,0
Urban,3579.0,2,3.1,1,7,2,2,2,70.1,35.0,3,5,0
Urban,22287.0,1,12.9,0,6,2,3,2,55.7,65.6,0,10,0
Semi-urban,14474.0,2,3.3,2,7,2,2,3,29.1,48.7,1,4,0
Semi-urban,46089.0,0,3.3,2,10,2,1,3,24.0,37.7,1,7,0
Semi-urban,3925.0,2,23.1,2,10,3,1,2,73.4,46.5,1,8,0
Rural,2138.0,0,11.62,1,3,1,2,3,59.1,45.3,0,7,1
Urban,19037.0,1,14.4,1,8,2,2,3,77.8,61.1,6,4,1
Rural,6214.0,0,4.32,0,8,2,1,2,12.1,62.1,0,9,0
Semi-urban,4852.0,1,1.5,2,10,3,2,3,85.6,66.6,0,5,0
Rural,8595.0,2,15.57,1,10,3,2,3,66.6,63.2,4,9,0
Semi-urban,4195.0,1,1.9,1,10,3,2,2,63.1,40.7,0,6,0
Semi-urban,3723.0,2,1.4,1,5,1,3,3,61.6,86.9,4,8,1
Semi-urban,9038.0,0,2.1,0,5,2,1,3,60.4,50.9,0,5,0
Urban,50000.0,1,0.9,1,5,1,1,3,89.0,99.8,2,10,0
Urban,4067.0,0,1.4,0,10,3,2,3,72.6,55.4,2,8,0
Urban,8154.0,1,14.4,2,5,1,1,3,98.9,85.5,0,5,0
Semi-urban,7128.0,1,6.9,0,5,1,2,2,74.2,63.8,1,7,0
Rural,15124.0,1,26.47,0,6,2,3,2,82.6,43.0,0,8,0
Semi-urban,6641.0,0,5.6,1,3,1,3,1,72.4,58.3,3,8,1
Rural,9454.0,1,18.85,1,5,2,3,1,85.5,70.8,0,6,0
Semi-urban,4919.0,0,0.5,0,1,1,2,1,90.9,57.0,0,2,1
Semi-urban,3804.0,0,4.5,2,9,2,1,3,75.9,47.7,0,6,0
Rural,35474.0,1,5.39,0,3,1,1,2,86.7,97.6,0,9,0
Semi-urban,4543.0,0,1.5,2,8,2,1,2,47.0,88.4,0,10,0
Semi-urban,11940.0,0,6.8,0,5,2,3,1,39.8,41.8,1,6,1
Semi-urban,9915.0,0,0.5,2,6,1,1,2,78.5,59.4,2,5,1
Semi-urban,7469.0,0,1.8,2,8,2,2,2,40.5,65.8,3,7,1
Semi-urban,11486.0,0,7.9,2,8,3,2,2,76.3,52.0,0,7,0
Rural,9952.0,0,5.93,1,3,1,3,2,53.2,84.3,0,6,1
Semi-urban,12521.0,0,12.3,1,7,2,2,1,24.9,39.6,2,8,1
Urban,16430.0,0,2.7,0,7,3,1,2,28.8,39.2,8,8,1
Rural,5348.0,1,23.07,0,3,1,3,2,47.7,59.2,3,9,1
Urban,8382.0,2,8.7,1,3,3,3,2,20.2,67.2,1,6,1
Rural,26086.0,2,3.19,0,4,3,3,2,10.0,49.0,0,7,0
Semi-urban,7883.0,2,0.8,1,4,2,2,1,48.6,58.8,0,4,0
Rural,50000.0,2,14.04,1,4,1,2,1,79.1,40.8,8,8,1
Semi-urban,3724.0,0,15.6,1,6,2,1,3,27.0,35.0,9,7,1
Semi-urban,12987.0,0,0.5,2,6,2,2,2,90.5,50.3,0,4,0
Urban,23064.0,2,2.2,1,10,3,3,2,17.2,55.8,2,6,0
Rural,4614.0,1,20.21,0,4,1,2,2,12.1,85.1,3,8,1
Semi-urban,7730.0,0,1.2,1,2,1,3,3,43.1,68.0,4,7,1
Urban,2952.0,2,3.1,0,3,1,1,3,50.6,65.6,2,9,0
Semi-urban,4601.0,0,4.8,0,7,2,2,3,92.7,63.2,0,7,0
Rural,2000.0,1,12.94,1,6,2,3,1,77.4,77.4,0,7,0
Rural,45229.0,0,7.43,2,6,1,1,2,37.1,35.0,1,3,1
Rural,19311.0,1,6.71,0,8,2,2,3,62.9,35.0,9,4,1
Semi-urban,12282.0,1,0.9,1,5,2,2,1,68.7,68.6,0,8,0
Semi-urban,18233.0,2,18.2,0,4,2,2,2,42.1,50.1,1,9,0
Semi-urban,6914.0,0,7.1,1,10,3,1,2,59.4,42.3,2,4,1
Semi-urban,4508.0,0,9.6,1,5,2,3,2,58.6,56.5,0,7,1
Urban,24008.0,0,0.5,2,3,1,2,1,74.0,72.2,0,8,1
Urban,7894.0,0,8.3,0,7,2,2,1,33.9,54.3,1,7,0
Urban,11653.0,1,4.3,0,5,3,2,2,76.5,59.3,0,3,0
Semi-urban,7531.0,0,3.6,1,8,3,1,2,75.0,59.7,0,8,0
Rural,20858.0,0,20.59,1,9,3,2,2,56.0,35.0,0,4,0
Urban,20520.0,0,0.6,0,7,2,2,2,97.4,71.5,2,7,0
Rural,18756.0,0,5.03,1,10,3,1,3,70.0,35.0,1,5,0
Urban,22270.0,0,4.0,1,5,2,3,2,56.5,69.3,0,9,0
Rural,5298.0,1,1.19,0,10,3,1,3,28.9,68.2,7,8,1
Rural,6122.0,1,4.68,2,4,1,3,3,40.1,50.0,1,6,1
Urban,22430.0,0,8.6,1,4,1,2,1,60.0,82.6,6,7,1
Semi-urban,3278.0,1,2.0,0,2,1,2,2,24.7,78.2,1,7,1
Urban,17331.0,0,5.5,0,4,3,3,2,53.5,69.5,0,6,0
Semi-urban,2000.0,2,3.1,2,3,1,3,2,60.5,51.2,0,6,1
Urban,3909.0,0,6.9,1,8,2,2,3,65.6,70.6,6,3,1
Rural,6238.0,0,1.83,1,8,2,2,2,80.4,82.5,0,8,0
Semi-urban,9618.0,1,15.5,0,6,3,2,2,41.5,57.4,1,6,1
Urban,7114.0,1,18.6,1,4,2,3,2,63.3,80.3,2,5,1
Urban,5174.0,1,3.1,2,8,2,2,2,89.4,64.6,0,7,0
Semi-urban,22325.0,2,27.2,2,4,2,3,2,53.8,58.0,1,7,1
Semi-urban,5079.0,1,1.4,1,7,2,3,2,65.7,80.4,0,9,0
Semi-urban,35402.0,2,3.3,0,7,2,2,2,54.2,74.1,1,9,0
Rural,3492.0,2,36.97,0,4,1,3,1,83.9,51.6,3,10,1
Urban,23218.0,1,9.3,0,4,1,2,2,22.0,100.0,2,9,0
Rural,11020.0,1,2.88,2,10,3,1,3,80.3,86.8,4,10,0
Semi-urban,10413.0,1,2.8,0,1,1,2,1,83.6,49.4,3,7,1
Semi-urban,5853.0,0,6.3,1,8,2,1,3,80.9,56.3,1,7,0
Rural,3603.0,2,6.81,1,6,3,2,1,75.9,64.0,0,6,0
Urban,2666.0,2,8.1,0,3,1,3,1,10.0,35.0,1,5,1
Rural,6567.0,1,8.74,1,7,3,2,3,42.1,42.9,1,4,1
Urban,37769.0,1,6.8,1,10,3,2,2,82.8,54.8,0,5,0
Urban,18987.0,0,2.5,0,2,1,1,2,69.8,87.1,6,8,1
Semi-urban,32608.0,2,4.4,2,4,1,1,2,80.8,57.2,0,5,0
Rural,9274.0,0,10.04,1,8,2,2,3,81.4,61.5,0,6,0
Urban,41713.0,2,9.9,1,4,3,3,1,62.2,92.0,0,7,0
Urban,24270.0,1,0.5,0,4,2,1,1,64.1,73.3,5,7,1
Urban,14232.0,2,29.9,2,1,2,3,1,14.7,48.9,1,7,1
Semi-urban,4861.0,0,5.6,2,4,1,2,3,34.4,50.5,2,6,1
Urban,13887.0,0,2.1,1,5,3,3,3,66.7,81.8,0,8,0
Rural,5048.0,1,16.64,2,2,1,3,3,18.3,53.4,1,10,1
Rural,12706.0,0,2.77,2,8,3,2,2,37.6,64.2,1,7,1
Urban,19245.0,1,13.7,0,5,3,3,3,59.5,65.5,0,5,0
Rural,2885.0,0,11.1,1,5,1,2,3,60.9,74.5,6,6,1
Rural,6271.0,1,6.97,1,7,2,1,2,72.2,65.1,0,8,0
Urban,12599.0,2,3.9,1,5,1,2,2,86.5,69.9,0,5,0
Rural,9648.0,0,26.95,0,4,1,2,2,54.1,75.4,0,7,1
Urban,10667.0,0,24.4,1,2,1,1,1,27.9,80.3,1,8,1
Semi-urban,5131.0,1,1.8,0,7,3,2,2,17.7,41.6,1,8,0
Urban,24717.0,2,7.1,1,7,2,2,2,88.4,71.9,3,9,0
Rural,6846.0,1,9.74,2,9,2,1,3,35.8,35.0,0,6,0
Semi-urban,3619.0,0,3.2,1,5,3,3,2,55.5,46.3,2,7,1
Semi-urban,34996.0,1,41.4,1,8,3,2,3,65.7,52.6,4,7,1
Semi-urban,6235.0,0,1.7,0,3,3,2,1,37.9,52.5,3,6,1
Rural,2675.0,0,3.21,0,2,3,3,2,72.6,65.8,5,4,1
Urban,9434.0,2,3.0,0,8,3,3,2,77.4,95.8,0,8,0
Semi-urban,14158.0,0,18.7,1,5,2,3,1,95.1,72.0,0,10,0
Urban,16528.0,0,6.3,2,10,2,2,3,48.0,45.4,1,6,0
Semi-urban,29037.0,2,10.2,1,8,2,2,2,38.6,35.0,1,7,1
Rural,7256.0,2,11.33,0,2,1,2,2,60.0,81.2,0,8,0
Rural,2859.0,0,5.98,0,7,1,1,3,18.5,64.2,3,6,0
Urban,25310.0,0,9.0,0,8,3,2,2,46.4,35.6,1,7,0
Rural,3033.0,1,8.93,0,10,2,1,3,84.3,88.0,0,10,0
Urban,33895.0,0,0.5,0,3,1,3,1,67.5,74.2,1,8,1
Semi-urban,5367.0,1,7.8,2,10,3,2,3,44.6,35.0,1,6,1
Semi-urban,4719.0,2,8.6,0,6,3,2,2,60.6,46.8,0,7,0
Urban,39657.0,1,10.6,1,3,2,3,3,91.8,100.0,0,8,0
Urban,18665.0,1,1.7,2,7,2,1,3,32.3,80.6,4,6,0
Rural,15416.0,2,5.64,0,8,2,2,2,74.2,96.9,1,7,0
Semi-urban,11281.0,1,4.6,0,7,3,3,2,78.6,79.7,0,6,0
Urban,4740.0,1,12.1,1,3,1,2,1,64.0,100.0,0,8,1
Rural,13058.0,1,3.14,0,7,2,2,3,51.5,58.8,0,8,0
Semi-urban,7757.0,0,1.9,0,9,3,2,2,72.3,68.3,2,8,0
Urban,12798.0,0,21.4,0,6,2,3,1,14.4,42.7,0,7,1
Semi-urban,30966.0,0,5.3,0,5,1,2,2,65.2,47.7,0,6,0
Rural,3179.0,1,5.03,0,4,2,3,1,57.9,67.5,0,3,1
Semi-urban,25833.0,0,14.2,0,10,3,3,3,83.1,35.7,4,7,1
Semi-urban,8357.0,1,5.0,0,2,1,3,2,64.7,70.7,0,6,1
Urban,44738.0,1,5.0,2,3,1,1,3,64.4,69.1,0,10,0
Urban,4633.0,1,3.0,1,5,1,3,2,62.5,50.8,2,5,1
Rural,2183.0,1,8.23,1,9,3,1,1,72.6,53.9,6,7,1
Rural,5943.0,0,32.85,0,6,3,1,2,59.3,63.0,1,4,1
Urban,15187.0,2,0.5,1,6,3,2,1,55.4,52.0,1,6,0
Semi-urban,19392.0,1,0.7,0,4,2,3,1,60.1,54.3,4,5,1
Rural,17805.0,2,6.28,2,4,1,1,2,32.8,46.8,2,8,1
Urban,9003.0,1,20.1,0,6,3,3,1,29.6,62.3,3,4,1
Rural,3675.0,0,22.48,0,5,1,2,2,74.6,45.7,1,6,1
Semi-urban,2847.0,0,0.9,0,6,2,3,2,80.4,52.8,0,5,0
Rural,10144.0,0,29.13,1,6,1,2,3,61.6,62.9,1,5,1
Urban,2705.0,0,3.6,1,8,2,1,2,71.8,51.8,1,7,0
Semi-urban,2442.0,1,10.6,1,3,1,2,1,94.2,49.3,0,6,1
Rural,23234.0,1,9.28,2,4,1,3,1,90.8,62.5,2,9,0
Semi-urban,4504.0,0,11.2,1,4,2,3,2,47.2,58.5,0,3,1
Rural,41902.0,1,30.52,0,8,2,2,2,59.7,35.0,2,3,1
Urban,6842.0,1,1.0,0,10,3,2,2,46.3,52.4,2,6,0
Semi-urban,2000.0,2,2.0,0,6,3,1,2,77.1,94.9,0,6,0
Rural,2000.0,0,18.67,1,3,2,3,3,66.6,96.0,0,8,1
Urban,13729.0,0,0.5,0,4,1,3,2,45.2,59.8,1,10,1
Semi-urban,5591.0,1,0.5,0,5,3,1,1,51.2,45.7,3,7,1
Semi-urban,12985.0,0,5.5,0,5,3,2,1,77.9,86.2,1,8,0
Urban,17249.0,0,17.0,0,2,2,3,1,13.6,60.1,2,8,1
Urban,3988.0,2,13.0,1,4,2,2,2,56.7,59.1,3,4,1
Urban,11657.0,0,13.3,1,7,2,2,3,28.9,44.1,0,5,0
Rural,7962.0,1,4.44,1,10,3,1,2,47.1,73.9,1,7,0
Semi-urban,2810.0,1,3.1,0,5,2,1,2,52.7,69.1,1,5,0
Rural,4438.0,0,31.56,2,8,2,2,3,35.8,52.2,0,8,1
Semi-urban,9399.0,1,2.6,2,8,2,1,3,90.8,35.0,0,3,0
Rural,23853.0,1,18.05,1,8,2,3,2,24.4,35.0,1,4,1
Semi-urban,5577.0,2,5.9,1,6,3,1,1,59.4,56.7,1,5,0
Rural,18369.0,1,6.03,1,9,3,2,2,18.4,50.0,1,7,0
Rural,3768.0,1,11.79,2,7,2,2,3,14.2,40.9,4,9,1
Rural,18289.0,1,2.45,1,6,1,2,3,83.7,53.9,0,6,0
Semi-urban,6120.0,1,9.6,1,2,1,3,2,28.8,38.7,0,6,1
Semi-urban,17531.0,2,6.7,2,5,2,3,2,58.2,78.3,0,3,0
Urban,6911.0,1,5.7,2,5,1,2,2,77.7,43.9,5,7,1
Urban,15882.0,0,4.6,1,9,3,2,2,50.3,70.8,1,5,0
Urban,11630.0,2,28.2,2,7,2,2,3,64.7,48.7,0,5,0
Urban,13048.0,2,6.7,0,1,1,3,1,73.6,60.0,2,4,1
Rural,6641.0,0,7.55,0,5,2,3,1,59.6,47.6,2,4,1
Urban,15969.0,0,1.1,1,6,2,1,2,23.3,55.8,4,6,1
Urban,2000.0,1,24.2,1,2,1,3,1,69.9,59.6,2,5,1
Rural,14943.0,0,5.02,1,8,2,3,2,50.0,35.0,0,5,1
Semi-urban,10000.0,0,7.8,0,10,2,1,3,80.8,73.5,0,7,0
Semi-urban,15287.0,0,5.8,1,5,2,2,1,81.3,35.0,2,7,1
Rural,3286.0,2,6.25,1,6,2,1,3,31.9,37.0,3,5,1
Urban,13186.0,0,18.2,0,8,2,1,3,80.4,43.7,0,9,0
Rural,3430.0,1,20.07,0,9,2,2,2,18.8,46.8,1,8,1
Semi-urban,7222.0,0,7.2,0,6,3,2,1,53.9,81.8,1,10,0
Rural,2344.0,0,50.0,0,7,2,3,3,56.9,76.1,0,5,1
Urban,16845.0,0,2.3,0,6,2,3,1,46.1,62.5,7,7,1
Urban,9712.0,1,1.3,1,5,1,1,3,48.2,47.7,2,7,0
Rural,20181.0,1,11.36,2,3,1,2,3,79.8,84.2,1,10,0
Rural,3557.0,1,1.24,1,6,1,2,2,65.7,41.6,3,8,1
Semi-urban,9491.0,1,8.4,1,8,2,3,2,44.7,47.9,1,7,0
Semi-urban,2802.0,2,1.8,1,8,2,2,2,39.0,35.0,6,7,1
Urban,11228.0,1,3.1,1,3,1,2,3,58.7,70.1,0,10,0
Semi-urban,5957.0,0,4.2,0,4,1,1,1,67.2,59.6,0,4,0
Urban,5450.0,0,13.0,0,9,3,1,3,72.9,47.1,0,5,0
Rural,2327.0,1,18.54,1,2,1,1,3,13.0,62.8,0,6,1
Semi-urban,14641.0,1,2.4,0,8,3,2,2,73.1,42.8,7,7,1
Semi-urban,10610.0,1,5.3,2,6,2,1,2,82.1,81.8,0,5,0
Rural,4012.0,1,0.95,0,8,2,1,2,60.5,60.6,2,6,0
Rural,3361.0,0,0.84,1,4,3,3,3,16.6,43.9,1,7,1
Semi-urban,13725.0,0,14.5,0,10,3,1,2,58.2,43.0,1,7,0
Urban,3959.0,1,6.0,0,5,2,3,1,71.2,63.3,0,8,0
Semi-urban,12957.0,1,0.5,0,10,2,1,3,93.9,78.1,0,6,0
Semi-urban,5977.0,0,2.3,1,9,3,1,1,81.0,67.0,0,8,0
Urban,27640.0,1,0.8,1,6,2,2,3,51.8,69.1,0,8,0
Rural,2000.0,1,7.53,1,3,1,1,2,74.4,57.1,0,5,0
Rural,12081.0,0,32.01,0,9,2,2,3,56.8,84.5,0,8,0
Urban,13335.0,0,1.9,0,3,1,2,1,12.7,68.3,1,9,1
Urban,3805.0,1,5.5,2,8,2,1,3,56.9,62.2,1,7,0
Semi-urban,2000.0,1,3.3,1,5,1,2,3,68.3,65.3,3,4,1
Urban,24993.0,2,6.4,1,7,2,2,3,56.4,49.5,0,6,0
Urban,18042.0,0,0.5,0,6,3,3,1,82.2,80.6,2,8,0
Rural,4514.0,0,0.76,0,7,2,2,3,72.0,41.7,1,8,0
Semi-urban,33590.0,0,3.1,0,7,2,2,2,53.5,66.6,2,7,0
Urban,3749.0,1,17.1,0,7,2,2,2,90.7,61.5,0,1,0
Urban,8181.0,0,3.9,2,4,1,3,3,30.9,71.9,1,10,1
Semi-urban,18232.0,0,4.1,2,8,3,2,2,64.5,74.5,2,7,0
Rural,27850.0,0,16.71,1,8,2,3,2,66.6,44.8,1,5,0
Semi-urban,13638.0,0,0.5,1,10,3,1,3,72.8,63.2,0,9,0
Rural,9993.0,0,0.97,0,5,2,3,1,75.3,75.5,0,8,0
Rural,6591.0,0,20.6,2,10,2,2,3,54.7,60.6,1,5,1
Rural,3898.0,1,9.96,1,8,2,3,2,46.1,69.9,2,5,0
Semi-urban,37925.0,0,0.5,1,5,3,3,1,32.5,64.7,1,10,0
Rural,20977.0,2,23.55,2,7,1,3,3,49.3,40.0,0,7,1
Urban,6028.0,1,7.1,0,5,2,2,2,62.6,57.2,0,10,0
Rural,5475.0,1,6.89,0,10,3,1,3,41.2,46.2,4,9,1
Urban,6311.0,0,2.3,2,6,2,3,2,86.3,67.5,6,5,1
Rural,9212.0,0,7.06,1,1,1,3,1,24.3,35.0,2,5,1
Semi-urban,25566.0,0,12.8,1,9,2,2,2,54.3,55.6,1,7,0
Semi-urban,6034.0,2,0.6,1,4,3,3,1,81.1,43.9,0,9,0
Urban,23515.0,2,1.1,1,8,2,2,3,62.3,47.2,0,9,0
Rural,2085.0,1,3.74,2,6,3,3,1,90.4,77.5,0,9,0
Semi-urban,6909.0,1,3.7,1,2,1,2,1,10.0,62.0,3,6,1
Semi-urban,32386.0,1,1.0,1,8,3,2,2,77.3,47.0,1,7,0
Rural,25440.0,0,6.75,0,8,3,3,2,70.7,47.7,0,8,0
Semi-urban,8112.0,1,10.0,2,5,2,2,2,72.6,86.8,4,5,1
Semi-urban,7800.0,2,38.0,0,5,3,1,3,66.9,58.3,0,6,0
Semi-urban,2538.0,0,2.9,1,1,2,3,2,53.2,92.1,0,8,1
Urban,14859.0,1,4.5,2,5,3,2,1,62.5,55.0,5,3,1
Semi-urban,41901.0,1,6.8,0,4,2,2,1,69.6,74.6,2,10,0
Urban,42378.0,1,8.6,0,3,1,1,2,48.9,68.2,1,7,0
Rural,4157.0,2,29.79,1,6,3,3,1,57.3,35.0,2,3,1
Semi-urban,42477.0,1,0.8,1,4,2,2,2,45.1,61.5,0,10,0
Rural,2108.0,1,0.83,0,5,2,2,2,27.5,63.7,2,5,1
Rural,5295.0,0,10.42,0,7,2,1,2,73.7,53.2,0,7,0
Semi-urban,21147.0,0,21.4,2,2,1,2,3,11.0,38.7,1,8,1
Urban,13608.0,1,7.8,0,8,2,1,2,55.0,48.2,0,9,0
Urban,7029.0,2,13.9,2,5,2,2,1,59.0,49.3,0,4,0
Semi-urban,50000.0,0,7.7,2,5,2,2,2,51.2,43.1,8,6,1
Urban,39460.0,0,0.8,0,8,3,3,1,86.3,73.6,0,6,0
Semi-urban,23595.0,1,16.6,2,10,3,1,3,61.5,62.4,0,6,0
Semi-urban,25072.0,2,10.7,2,10,3,1,2,83.6,89.0,2,8,0
Rural,7282.0,1,0.72,0,2,1,3,1,50.9,41.9,4,4,1
Semi-urban,7308.0,2,15.4,0,9,2,2,3,82.2,61.3,6,6,0
Urban,5905.0,0,0.9,1,10,3,1,3,86.8,73.9,3,10,0
Urban,11130.0,0,0.5,0,2,2,3,2,44.0,35.0,1,6,1
Rural,2463.0,1,8.25,0,8,3,2,2,44.9,66.4,0,7,0
Rural,4819.0,1,5.05,0,8,2,3,2,13.8,62.6,1,5,0
Urban,11118.0,2,11.0,0,10,3,2,3,72.8,76.5,1,4,0
Semi-urban,2000.0,2,23.8,0,6,3,3,3,55.1,69.3,1,8,1
Semi-urban,7568.0,0,12.0,2,3,1,2,2,94.4,68.9,0,8,0
Semi-urban,4539.0,0,4.6,0,5,1,3,3,52.7,35.0,0,7,1
Semi-urban,7218.0,0,2.3,1,2,3,3,1,63.1,35.0,1,7,1
Urban,17250.0,1,10.6,0,5,2,3,1,92.7,78.6,0,6,0
Urban,13283.0,2,0.5,1,5,2,2,1,56.6,80.7,2,5,0
Semi-urban,36207.0,1,4.7,0,8,3,2,2,72.0,94.8,2,9,0
Urban,10283.0,1,0.5,1,7,2,3,3,66.6,58.8,0,10,0
Semi-urban,11821.0,0,3.5,1,8,3,3,1,52.8,38.6,3,10,1
Rural,5356.0,0,9.81,0,3,1,2,2,26.9,73.4,4,7,1
Urban,4806.0,0,5.2,0,5,1,2,2,77.0,68.0,0,8,0
Urban,9575.0,0,2.7,2,4,1,2,2,93.4,56.5,0,6,0
Urban,22619.0,0,9.6,1,4,1,1,2,60.4,70.5,0,5,0
Semi-urban,3573.0,0,27.7,0,5,2,3,1,52.8,39.2,0,6,1
Semi-urban,23014.0,1,0.5,2,5,2,1,1,79.7,61.1,0,7,0
Rural,6096.0,0,1.15,0,7,2,3,2,16.8,74.9,2,6,0
Semi-urban,14643.0,0,9.4,0,10,3,1,3,42.3,59.5,1,7,0
Semi-urban,5315.0,0,1.5,1,4,1,2,1,35.9,58.3,1,3,1
Urban,2695.0,1,2.9,0,7,2,3,3,82.0,58.7,1,7,0
Urban,29484.0,0,1.5,0,8,2,2,1,83.1,80.1,6,6,0
Urban,29092.0,2,3.0,1,3,2,3,2,25.3,62.7,2,6,0
Rural,3686.0,2,0.71,2,4,1,3,2,69.1,48.7,0,6,0
Semi-urban,5013.0,2,6.4,0,3,1,3,3,77.8,59.3,1,7,0
Rural,4256.0,0,13.45,2,6,2,2,2,28.6,35.0,1,6,1
Urban,9356.0,0,7.3,0,5,1,1,3,67.5,59.2,0,8,0
Rural,15821.0,0,19.62,0,3,2,3,1,95.6,46.2,4,7,1
Rural,16747.0,1,20.21,1,2,1,2,2,62.7,65.1,0,6,0
Rural,4861.0,0,9.72,0,6,1,2,2,66.5,82.8,5,9,1
Semi-urban,8686.0,0,5.2,1,7,2,1,3,68.3,98.0,5,9,1
Semi-urban,3907.0,2,0.5,2,5,1,2,2,72.8,62.7,1,10,0
Semi-urban,36598.0,1,12.3,1,9,3,1,3,82.9,46.7,0,8,0
Semi-urban,15176.0,0,4.9,0,9,3,2,2,72.8,86.4,0,7,0
Urban,24938.0,0,4.2,1,7,2,1,3,78.0,59.2,0,6,0
Rural,2388.0,1,8.22,1,4,3,2,2,52.7,47.4,4,7,1
Semi-urban,8751.0,1,13.9,2,4,1,1,2,33.9,66.3,2,9,1
Semi-urban,9173.0,0,1.1,2,7,2,1,3,73.8,46.3,1,5,0
Rural,2342.0,0,10.36,1,7,2,1,2,60.4,63.6,0,4,0
Semi-urban,10005.0,1,4.8,0,9,2,2,2,59.7,51.6,1,4,0
Rural,17021.0,1,3.56,1,7,3,3,3,80.0,45.5,0,10,0
Semi-urban,6366.0,0,1.2,0,9,2,2,3,77.8,83.5,3,4,0
Semi-urban,19017.0,2,4.1,1,4,1,1,3,40.9,62.7,0,6,0
Rural,4478.0,0,0.87,2,3,3,3,2,56.4,36.0,0,6,1
Rural,13530.0,0,25.54,0,8,2,3,2,24.7,62.4,3,8,1
Urban,6730.0,0,10.7,1,6,3,1,2,65.3,47.1,0,7,0
Urban,26682.0,1,2.4,1,4,1,1,3,80.5,66.8,0,10,0
Semi-urban,20711.0,1,25.4,0,4,2,2,2,50.4,43.9,0,7,0
Semi-urban,2000.0,0,17.5,0,6,2,2,2,30.7,80.3,1,7,1
Urban,10398.0,2,16.3,1,10,3,1,3,79.1,64.9,1,7,0
Urban,38246.0,2,21.8,2,6,2,1,2,70.5,58.3,2,7,0
Urban,8140.0,0,4.6,0,6,2,1,3,48.4,48.9,1,7,0
Semi-urban,6606.0,2,8.0,1,7,3,1,1,41.7,50.8,7,7,1
Urban,16850.0,1,1.2,1,4,1,2,2,83.3,39.8,0,10,0
Urban,7070.0,2,12.1,1,8,2,3,2,91.8,86.5,3,6,0
Semi-urban,21338.0,1,7.7,0,5,2,3,3,32.8,90.4,0,8,0
Semi-urban,22057.0,1,1.6,1,5,1,2,2,82.3,55.3,0,6,0
Semi-urban,9016.0,0,2.8,1,10,3,1,3,83.5,51.2,0,7,0
Rural,3843.0,1,2.39,2,9,2,1,3,90.2,62.2,0,8,0
Urban,13238.0,2,4.3,2,6,3,2,2,43.8,65.7,5,9,1
Rural,10283.0,0,8.98,2,6,2,3,2,54.4,69.0,0,9,1
Urban,2509.0,0,1.9,0,8,2,2,2,83.0,35.0,0,5,0
Urban,28446.0,0,5.5,1,5,3,2,1,76.1,75.2,6,8,1
Urban,13144.0,0,4.8,1,2,1,2,1,87.1,35.0,2,4,1
Urban,11226.0,1,11.9,0,9,3,3,2,53.1,42.4,0,8,0
Urban,6070.0,1,15.1,0,10,3,2,3,61.9,74.7,0,4,0
Urban,13086.0,1,0.6,0,7,3,2,3,55.4,68.9,1,7,0
Urban,15209.0,1,3.1,1,8,3,2,2,87.9,68.0,0,5,0
Rural,5908.0,2,7.76,2,8,3,3,1,79.6,48.0,3,9,1
Urban,7139.0,0,22.3,1,9,2,2,2,52.9,45.4,1,7,0
Rural,2741.0,2,50.0,2,5,2,3,1,10.0,65.9,1,7,1
Urban,12946.0,1,2.7,1,8,2,1,3,30.8,45.6,1,5,0
Urban,25195.0,0,0.5,1,6,3,1,2,54.9,54.0,4,8,1
Urban,28461.0,0,4.4,2,6,2,2,1,61.8,86.6,0,8,0
Semi-urban,19522.0,1,6.1,1,5,2,3,1,90.8,45.9,2,7,0
Urban,13324.0,2,7.6,0,8,2,1,3,80.0,59.7,4,6,0
Semi-urban,8196.0,0,2.4,1,5,1,2,2,25.4,35.0,1,7,1
Rural,14978.0,1,50.0,1,3,2,3,1,27.4,42.5,1,6,1
Urban,11142.0,0,4.9,0,6,3,2,1,80.1,38.0,0,9,0
Semi-urban,40128.0,2,0.8,0,4,3,3,2,50.2,91.1,0,10,0
Rural,16431.0,0,11.81,1,5,2,3,1,56.0,75.5,1,10,1
Urban,7834.0,0,4.4,1,6,2,1,2,11.0,60.4,5,6,1
Urban,12643.0,2,0.6,2,4,2,3,2,61.7,86.5,7,6,1
Semi-urban,10749.0,1,0.9,0,9,3,2,3,55.8,70.9,1,7,0
Semi-urban,2186.0,1,2.4,1,5,2,3,3,41.6,77.7,0,8,0
Urban,37713.0,2,13.1,1,6,2,3,2,19.1,72.1,1,10,0
Urban,8693.0,1,0.5,1,10,3,3,3,87.0,76.7,3,7,0
Semi-urban,4017.0,0,10.5,0,7,2,2,2,65.7,71.1,0,10,0
Semi-urban,31593.0,1,2.0,0,4,1,3,3,34.3,84.6,1,8,0
Semi-urban,12572.0,0,30.6,1,4,2,3,2,14.6,57.7,1,8,1
Semi-urban,3355.0,1,0.7,1,10,3,2,3,61.0,68.3,8,7,1
Rural,2214.0,0,34.07,1,4,1,3,2,60.9,63.9,2,5,1
Urban,28893.0,1,5.4,2,3,1,2,2,54.5,51.6,1,5,1
Rural,7267.0,2,9.66,2,7,2,3,1,47.5,35.0,1,4,1
Semi-urban,19406.0,0,3.7,0,6,2,2,2,82.7,100.0,0,8,0
Urban,7259.0,0,9.2,1,3,1,2,1,11.7,41.0,1,10,1
Semi-urban,25153.0,2,1.9,0,5,2,3,2,37.9,83.2,8,6,1
Urban,31499.0,1,15.6,1,5,1,3,2,43.4,65.1,1,8,0
Semi-urban,16103.0,1,11.9,1,4,2,1,1,75.0,63.2,0,6,0
Semi-urban,11173.0,1,2.4,0,2,1,3,2,55.3,43.9,5,10,1
Rural,12269.0,1,32.96,0,7,2,2,2,25.4,51.6,1,6,0
Semi-urban,7675.0,2,0.7,0,6,1,1,3,16.7,58.1,0,5,0
Urban,4333.0,1,7.5,0,7,2,2,1,10.0,51.8,2,4,1
Semi-urban,9265.0,1,2.2,0,7,2,2,2,46.4,56.8,5,4,1
Rural,5481.0,0,4.49,1,3,2,3,3,53.0,69.6,0,8,1
Urban,6155.0,2,4.8,1,3,1,2,2,78.1,59.1,5,3,1
Urban,5894.0,1,1.9,1,6,2,2,2,90.3,77.8,2,7,0
Semi-urban,9926.0,0,7.2,0,7,2,3,3,22.2,70.9,3,5,1
Urban,8277.0,1,3.0,1,4,2,2,1,54.1,78.8,3,10,1
Urban,9525.0,1,0.6,0,8,2,3,2,85.7,43.9,0,5,0
Semi-urban,3155.0,0,4.7,1,7,2,1,3,62.7,38.3,0,8,0
Semi-urban,18460.0,1,1.9,0,6,2,3,1,71.9,92.9,0,8,0
Semi-urban,20837.0,2,5.7,1,6,2,3,1,45.2,50.3,1,6,1
Semi-urban,28462.0,1,5.3,0,7,2,2,3,54.1,66.8,0,7,0
Rural,23344.0,1,5.01,2,6,2,2,2,95.5,88.3,0,8,0
Urban,16747.0,2,13.6,1,6,2,1,3,57.1,52.4,4,6,1
Semi-urban,9793.0,2,13.4,2,8,2,2,2,57.7,37.7,0,8,0
Urban,16466.0,1,18.2,2,7,2,3,3,47.2,72.3,1,5,0
Semi-urban,5377.0,0,9.5,0,3,2,2,2,63.2,57.8,4,9,1
Urban,18280.0,1,17.5,2,3,2,3,1,63.6,36.1,2,6,1
Semi-urban,2000.0,1,2.1,1,3,1,3,1,89.3,86.4,0,10,0
Semi-urban,8874.0,1,9.2,1,3,1,3,1,88.2,66.9,0,7,0
Rural,3248.0,1,38.73,0,6,3,1,3,19.9,35.0,1,7,0
Semi-urban,3291.0,1,0.5,1,8,2,2,3,75.4,65.7,0,5,0
Semi-urban,5964.0,1,2.5,1,4,3,2,1,74.9,68.0,0,4,0
Semi-urban,7164.0,1,15.4,0,7,2,2,2,67.4,51.7,0,8,0
Semi-urban,2000.0,2,1.2,1,10,3,2,3,57.6,63.2,6,4,1
Rural,8460.0,1,6.65,1,5,2,1,1,24.7,55.0,1,6,1
Rural,2341.0,0,10.0,0,3,1,3,1,60.2,71.1,0,9,1
Urban,9368.0,0,18.2,1,3,2,3,2,60.9,63.8,0,4,1
Urban,4805.0,2,3.0,0,4,2,3,2,15.8,59.6,2,5,1
Semi-urban,12330.0,1,12.6,0,4,1,1,3,53.6,76.9,1,6,0
Rural,2370.0,2,14.33,2,2,1,2,2,10.0,42.1,7,7,1
Urban,6602.0,1,10.9,0,3,1,3,1,65.2,67.3,4,6,1
Semi-urban,5919.0,1,0.5,1,5,2,2,2,77.2,78.5,0,10,0
Semi-urban,3057.0,1,3.5,1,5,3,3,3,67.9,73.1,0,7,0
Semi-urban,13012.0,1,24.8,1,3,1,1,3,77.6,76.6,0,9,0
Rural,12345.0,0,0.73,0,10,3,2,2,15.4,71.9,1,7,0
Urban,4688.0,2,5.6,0,3,3,3,1,77.5,100.0,0,8,0
Rural,9968.0,0,9.61,2,8,2,2,2,72.8,75.9,3,7,1
Semi-urban,13491.0,2,2.0,0,6,2,1,2,93.5,57.4,1,8,0
Urban,10552.0,1,2.7,2,6,3,3,1,85.8,45.7,0,6,0
Rural,8914.0,0,14.12,0,8,2,3,2,69.6,57.2,0,6,0
Urban,17928.0,0,0.6,0,3,1,2,2,39.0,86.9,0,8,0
Urban,45490.0,0,0.5,1,6,2,3,2,25.7,56.8,1,8,0
Rural,2000.0,1,4.15,0,6,3,2,3,78.0,82.1,1,9,0
Rural,9977.0,0,26.15,1,8,2,2,3,70.9,88.5,1,8,0
Semi-urban,9568.0,1,0.8,1,6,2,2,2,78.1,78.1,0,8,0
Rural,8235.0,1,27.03,0,5,1,2,2,20.0,67.7,0,5,0
Semi-urban,7478.0,1,6.0,0,2,1,2,3,53.6,71.9,2,6,1
Urban,7237.0,1,12.0,0,3,2,3,3,61.3,66.5,5,7,1
Rural,5106.0,0,5.34,1,4,3,3,2,53.8,69.7,0,5,1
Urban,9547.0,0,2.1,1,7,3,2,3,56.0,85.2,3,6,0
Urban,20914.0,2,1.9,0,2,1,2,1,91.5,100.0,5,5,1
Rural,3906.0,1,21.47,2,9,2,3,2,91.9,88.3,0,7,0
Urban,7431.0,2,3.3,1,5,1,2,3,84.4,88.4,2,6,0
Rural,12311.0,1,18.63,1,3,2,3,1,30.3,53.4,5,6,1
Rural,2380.0,2,12.32,1,8,3,3,1,88.3,93.0,2,8,0
Urban,17505.0,1,12.6,0,6,3,3,1,66.4,78.3,0,4,0
Rural,14173.0,0,2.34,0,4,1,2,2,52.3,56.8,6,9,1
Semi-urban,5740.0,1,15.6,1,4,1,3,1,15.7,77.9,5,7,1
Rural,9912.0,0,13.48,1,5,2,1,2,56.5,35.0,3,4,1
Rural,24098.0,2,13.17,0,8,2,3,2,51.4,60.2,0,8,0
Rural,17333.0,1,3.16,2,10,3,2,2,44.4,62.7,0,7,0
Rural,4507.0,1,4.31,0,7,1,2,2,45.2,91.3,4,10,1
Rural,6929.0,0,16.62,1,5,2,2,1,17.4,49.3,1,3,1
Urban,28083.0,1,2.0,2,2,1,3,1,67.6,45.8,0,4,1
Semi-urban,4251.0,1,10.7,1,5,2,1,3,80.5,67.4,2,8,0
Urban,8117.0,0,3.2,2,6,3,3,2,57.2,36.9,7,5,1
Semi-urban,13952.0,0,4.0,0,8,3,1,2,61.4,76.3,0,8,0
Semi-urban,9107.0,2,0.9,1,5,1,1,3,60.3,51.9,6,5,1
Rural,32077.0,2,3.93,1,9,3,2,2,50.6,54.1,1,4,0
Rural,3999.0,1,20.96,1,3,2,1,2,88.0,54.1,0,7,0
Semi-urban,13936.0,1,1.3,1,9,2,1,3,84.5,57.8,0,9,0
Urban,6781.0,1,8.9,1,6,2,3,2,71.3,46.7,2,5,1
Rural,4261.0,1,29.56,1,7,3,3,2,54.3,90.5,4,10,1
Rural,2443.0,2,22.75,0,10,3,2,2,78.3,89.2,0,7,0
Urban,7213.0,1,8.4,0,9,3,1,2,81.2,63.9,2,8,0
Semi-urban,6173.0,0,7.9,0,5,2,1,3,71.6,88.4,0,8,0
Semi-urban,2367.0,0,1.4,0,4,3,2,2,64.9,50.8,3,6,1
Semi-urban,18132.0,1,2.5,0,8,2,2,2,79.7,100.0,0,9,0
Rural,15766.0,2,14.08,0,6,2,3,2,54.0,72.7,0,7,0
Urban,6777.0,0,0.5,0,10,3,3,3,57.8,83.7,0,8,0
Urban,17958.0,0,6.4,2,9,3,1,3,34.6,62.7,1,7,0
Urban,36780.0,1,9.9,2,7,2,2,2,81.6,83.1,0,5,0
Semi-urban,37360.0,0,10.5,0,6,2,3,2,97.9,40.2,5,6,1
Semi-urban,15694.0,2,6.8,0,10,3,3,2,89.0,100.0,0,9,0
Semi-urban,5748.0,2,10.7,0,7,3,2,2,78.4,88.5,1,6,0
Urban,7590.0,2,9.0,0,6,2,2,3,32.8,49.7,1,7,0
Semi-urban,29078.0,0,17.2,2,6,3,1,2,86.8,92.1,2,6,0
Urban,27912.0,1,5.8,1,4,1,1,2,69.8,86.6,0,9,0
Rural,3019.0,1,21.72,2,4,1,2,1,59.9,60.7,0,7,1
Rural,4156.0,1,27.99,1,8,3,2,2,65.9,84.4,0,10,0
Urban,2316.0,1,8.4,2,8,3,1,2,83.0,56.4,0,4,0
Semi-urban,20901.0,0,1.8,0,3,2,2,1,64.3,72.5,0,9,0
Urban,3240.0,1,3.2,1,6,2,1,2,73.7,64.5,0,4,0
Urban,28739.0,2,9.1,1,3,3,3,1,10.0,59.5,1,7,1
Urban,20995.0,2,0.8,2,4,2,2,1,34.0,60.6,5,9,1
Semi-urban,12656.0,0,11.2,1,4,2,3,2,60.2,71.4,0,8,1
Semi-urban,20854.0,1,7.4,0,5,2,3,2,18.7,48.8,0,6,1
Urban,8998.0,1,4.7,0,10,3,2,3,65.7,63.5,1,7,0
Semi-urban,22202.0,1,2.4,1,4,2,2,3,56.7,55.2,0,6,0
Semi-urban,9514.0,0,8.2,0,9,3,1,3,79.2,78.9,1,8,0
Semi-urban,8547.0,1,0.5,2,5,1,2,2,65.5,48.8,0,8,0
Rural,7172.0,1,12.65,1,6,2,3,1,78.9,42.0,0,6,1
Semi-urban,28114.0,0,7.1,0,5,3,1,2,10.0,67.0,0,5,0
Urban,11380.0,0,1.2,1,6,2,2,2,74.5,49.3,0,5,0
Semi-urban,16125.0,1,5.3,2,5,2,1,3,75.7,39.0,0,5,0
Semi-urban,7507.0,2,5.8,0,4,2,3,1,26.7,68.5,1,7,0
Urban,20360.0,0,2.8,0,6,2,2,2,47.0,74.5,1,9,0
Rural,3070.0,0,14.89,2,2,3,3,2,72.0,65.0,2,4,1
Rural,2875.0,1,8.04,1,3,1,3,2,53.9,85.7,0,8,1
Urban,8841.0,0,0.5,1,8,2,1,3,35.2,35.0,1,6,0
Urban,7312.0,0,9.3,2,5,3,3,2,52.7,42.9,0,7,1
Semi-urban,25058.0,2,26.5,0,3,1,3,2,68.4,76.8,0,6,1
Semi-urban,26207.0,2,8.5,1,7,1,1,3,67.7,77.0,5,10,1
Urban,38108.0,1,17.1,0,9,3,2,2,33.4,62.0,1,6,0
Urban,28901.0,0,2.2,0,4,1,2,2,80.9,88.3,2,10,0
Rural,2000.0,1,22.04,0,6,1,3,2,56.5,67.4,0,6,0
Semi-urban,5200.0,0,18.7,0,10,2,1,3,10.0,73.2,1,7,0
Rural,2522.0,2,6.94,0,6,2,3,3,62.1,60.1,1,4,0
Rural,16188.0,2,2.31,0,5,2,1,2,52.5,83.8,2,8,0
Urban,50000.0,1,5.1,1,10,3,2,2,92.2,83.8,1,8,0
Semi-urban,5678.0,1,11.4,0,7,2,2,3,39.8,66.7,8,7,1
Semi-urban,13964.0,0,18.7,1,9,3,3,2,16.8,55.3,1,8,1
Rural,2943.0,0,4.75,0,5,2,2,3,70.3,62.8,0,5,0
Semi-urban,11752.0,0,16.7,2,9,3,3,2,84.0,74.5,0,10,0
Semi-urban,2255.0,0,3.0,0,4,1,3,2,58.5,75.9,0,9,1
Urban,11883.0,2,1.7,2,6,1,3,3,21.6,43.6,1,6,1
Urban,4944.0,1,18.4,0,6,2,2,2,62.5,85.2,0,10,0
Urban,3897.0,0,0.5,0,6,3,1,2,16.0,97.5,0,8,0
Urban,8349.0,0,15.4,1,5,3,3,1,34.2,53.0,7,4,1
Rural,13244.0,0,0.74,0,6,2,2,1,76.9,46.2,0,7,0
Urban,4927.0,1,4.3,1,6,2,2,2,88.4,69.2,0,7,0
Rural,3404.0,2,6.11,0,8,2,2,3,60.6,79.0,3,10,0
Semi-urban,5774.0,1,3.9,0,2,1,3,1,63.5,45.3,0,8,1
Semi-urban,11790.0,2,6.1,0,7,2,1,2,76.6,100.0,4,8,0
Urban,42388.0,0,8.3,0,6,2,2,1,90.2,85.4,0,10,0
Rural,3604.0,0,18.55,0,5,2,3,1,58.1,78.4,3,9,1
Rural,19540.0,1,18.72,2,4,1,1,1,50.0,64.9,1,4,1
Rural,19353.0,2,17.97,2,7,2,2,2,38.0,49.9,3,10,1
Rural,4244.0,0,10.02,0,3,1,3,1,87.5,60.9,0,4,1
Urban,31275.0,2,4.7,0,10,3,2,3,69.9,73.7,0,10,0
Rural,10563.0,1,5.73,0,7,3,3,2,20.2,81.5,0,8,0
Rural,28097.0,0,9.22,2,5,1,3,2,51.7,79.4,1,7,0
Urban,24007.0,0,23.2,0,8,2,2,2,24.5,82.7,2,5,0
Rural,13455.0,1,13.56,1,7,2,3,1,48.9,49.3,1,6,1
Rural,2573.0,1,5.3,0,4,1,2,3,71.6,100.0,2,10,0
Urban,8476.0,1,15.6,0,5,2,3,2,34.4,57.8,0,7,0
Rural,12229.0,0,1.48,0,5,1,2,2,95.8,72.7,0,7,0
Urban,2301.0,1,0.5,1,4,1,3,2,25.4,68.0,5,10,1
Semi-urban,50000.0,1,2.6,2,7,3,1,2,84.2,64.6,0,10,0
Rural,15975.0,0,13.45,2,1,1,3,2,10.0,40.0,1,7,1
Semi-urban,4015.0,2,0.8,0,3,1,3,1,35.6,67.7,3,6,1
Urban,32850.0,1,27.1,1,5,3,3,3,57.7,58.0,1,4,1
Rural,7031.0,2,25.41,0,5,1,2,2,59.3,62.3,1,10,0
Rural,2468.0,2,29.7,1,5,2,3,3,59.4,59.1,3,7,1
Semi-urban,48182.0,0,26.0,1,6,2,2,1,52.4,37.5,7,7,1
Semi-urban,11352.0,0,2.8,1,7,3,1,3,65.9,61.9,2,9,0
Rural,20798.0,2,5.1,0,10,2,1,3,52.8,58.2,1,9,0
Semi-urban,14010.0,2,3.0,1,3,1,3,2,52.1,80.5,0,7,1
Semi-urban,17054.0,1,2.4,0,4,3,3,2,36.6,84.6,0,7,0
Semi-urban,12195.0,1,11.4,0,10,3,2,2,10.0,35.3,1,6,0
Semi-urban,5496.0,0,10.6,0,5,2,3,2,10.0,66.4,1,6,1
Rural,3372.0,1,17.46,2,5,2,1,1,38.8,38.6,1,9,1
Semi-urban,8839.0,2,5.7,0,5,3,3,1,45.6,83.7,0,9,0
Rural,11653.0,0,20.87,2,7,2,1,3,74.8,78.8,4,10,1
Rural,16856.0,0,0.84,0,8,2,2,3,55.5,38.6,5,8,1
Rural,9164.0,1,4.64,2,10,3,2,3,59.0,63.0,1,5,0
Semi-urban,9078.0,1,6.2,2,7,3,1,2,17.4,48.8,6,4,1
Urban,30198.0,0,6.2,2,9,2,1,2,31.5,43.2,1,7,0
Urban,33905.0,0,3.0,0,6,1,3,3,78.1,82.7,1,5,0
Urban,12466.0,1,31.4,0,4,1,3,3,27.5,59.2,0,5,0
Rural,4525.0,1,3.28,1,9,2,1,3,52.9,45.6,3,7,0
Semi-urban,29427.0,0,9.8,2,6,2,2,2,54.2,69.8,0,6,0
Semi-urban,4353.0,1,12.6,1,10,3,1,3,44.4,59.8,1,8,0
Semi-urban,8385.0,1,9.6,1,3,1,2,2,71.5,77.0,1,9,0
Rural,2886.0,1,3.96,0,8,2,1,3,21.8,58.6,7,7,1
Semi-urban,16220.0,0,13.2,0,3,3,3,2,15.3,78.4,1,7,1
Rural,27436.0,0,20.53,0,6,3,3,1,70.3,69.1,5,7,1
Semi-urban,9786.0,0,14.4,1,5,2,2,2,34.5,84.2,3,10,1
Rural,5217.0,1,1.75,0,10,2,1,3,68.8,39.7,0,6,0
Urban,50000.0,1,9.9,2,6,2,3,1,67.0,75.0,0,10,0
Urban,8401.0,1,4.3,0,4,2,2,2,49.3,83.3,3,8,0
Urban,5123.0,0,6.6,1,6,2,2,2,65.1,67.7,0,7,0
Semi-urban,50000.0,0,8.5,1,7,2,1,2,89.8,59.5,0,3,0
Rural,10434.0,1,9.93,1,9,3,1,3,60.9,70.5,0,4,0
Urban,23920.0,2,13.1,0,3,2,3,1,84.0,66.7,0,10,0
Urban,27803.0,2,5.7,1,2,3,2,1,63.6,50.9,0,8,0
Semi-urban,6291.0,0,1.3,0,1,1,2,1,54.5,50.2,2,7,1
Urban,14053.0,1,1.9,1,3,1,3,2,58.6,51.1,1,7,1
Urban,12051.0,0,11.4,2,3,1,3,1,96.0,92.8,0,5,1
Rural,13240.0,0,8.77,1,7,2,2,2,81.5,35.0,0,7,0
Rural,2474.0,0,3.57,1,4,2,3,1,30.6,60.3,1,8,1
Semi-urban,5481.0,0,1.2,1,6,2,3,3,23.5,54.4,0,3,1
Rural,2000.0,1,14.57,2,10,3,2,3,14.8,40.0,2,9,1
Rural,23121.0,2,20.32,0,8,3,2,1,30.5,35.0,2,5,1
Urban,16166.0,0,6.9,0,7,2,1,2,54.4,35.0,2,6,0
Rural,2001.0,2,2.21,0,2,2,3,1,10.0,60.1,0,6,0
Semi-urban,7848.0,1,10.8,0,4,2,3,2,45.5,68.9,3,10,1
Semi-urban,2593.0,2,5.6,1,8,2,1,3,44.6,57.6,1,6,0
Rural,2392.0,0,12.06,1,6,2,2,2,89.3,72.4,0,6,0
Urban,15634.0,1,5.4,0,7,2,1,3,70.6,67.7,7,7,0
Urban,50000.0,0,7.5,2,10,3,2,3,34.6,55.0,3,3,1
Urban,50000.0,0,7.4,1,3,1,2,1,80.4,53.7,0,7,1
Urban,11301.0,2,5.4,1,7,3,3,3,37.5,40.5,1,8,0
Rural,19328.0,0,3.53,0,9,3,2,2,72.8,84.1,0,7,0
Semi-urban,11868.0,2,9.5,1,3,1,3,2,61.2,35.0,0,7,1
Semi-urban,9123.0,1,0.5,1,5,2,2,1,78.8,67.4,1,8,0
Rural,2978.0,0,10.17,2,7,2,2,1,42.7,60.6,4,4,1
Rural,29637.0,0,9.56,1,8,2,2,3,85.0,71.6,3,10,0
Semi-urban,9526.0,1,22.6,2,8,3,3,2,79.2,76.5,1,7,0
Semi-urban,10843.0,0,12.4,2,5,2,2,1,88.5,61.8,0,7,0
Semi-urban,3060.0,0,5.2,0,6,2,3,2,10.0,52.4,1,5,1
Urban,12239.0,2,14.9,1,4,2,2,1,67.8,56.9,0,7,0
Semi-urban,4103.0,1,12.3,0,10,3,2,2,68.4,65.4,0,10,0
Urban,36508.0,0,15.1,2,1,1,3,2,38.7,50.0,1,9,1
Urban,28266.0,2,23.9,2,5,2,3,3,98.2,46.8,0,7,0
Rural,21471.0,1,22.68,0,8,3,1,3,96.1,43.2,0,10,0
Urban,32326.0,1,10.0,0,7,2,3,1,82.7,51.1,1,7,0
Urban,2521.0,0,13.6,1,2,1,2,1,22.8,49.3,2,4,1
Rural,40554.0,1,23.31,1,6,1,2,2,16.0,70.0,1,10,0
Rural,4981.0,2,1.41,2,9,3,2,2,82.8,63.8,2,10,0
Urban,3667.0,1,0.5,1,9,3,3,2,60.6,74.1,2,5,0
Urban,7277.0,0,3.5,2,5,1,1,2,94.3,69.3,0,8,0
Urban,5109.0,1,7.1,2,1,1,3,1,52.3,50.7,0,5,1
Semi-urban,12585.0,0,2.2,1,8,2,2,2,66.5,59.9,9,4,1
Rural,4985.0,0,35.25,2,6,2,1,3,72.9,48.2,9,6,1
Urban,8431.0,2,13.9,0,7,2,3,2,23.0,74.2,3,7,1
Rural,10557.0,0,8.4,1,6,1,3,3,18.4,51.7,0,6,1
Urban,13855.0,0,7.7,2,3,3,1,1,11.4,52.2,1,7,1
Urban,11500.0,1,1.1,0,8,2,1,2,60.7,100.0,0,8,0
Urban,31141.0,1,4.7,1,3,1,1,3,53.4,36.6,4,7,1
Rural,18502.0,2,5.36,0,4,1,2,2,51.5,51.8,1,6,1
Rural,18646.0,2,16.97,2,6,2,3,1,89.4,51.7,1,7,0
Urban,33192.0,1,11.4,1,7,2,1,2,65.5,44.2,4,5,0
Semi-urban,16803.0,0,0.5,2,6,3,3,1,68.9,64.3,1,8,0
Semi-urban,9904.0,0,3.4,2,5,3,2,3,23.2,58.6,0,6,0
Rural,4348.0,0,3.54,1,3,1,3,1,82.1,85.6,0,6,1
Urban,17048.0,0,26.0,2,8,2,2,2,55.9,69.2,1,9,0
Rural,3139.0,0,1.29,2,5,2,3,3,10.0,51.2,2,10,1
Rural,13347.0,1,0.72,1,3,1,3,1,70.9,83.1,2,7,1
Semi-urban,4030.0,1,0.5,0,10,2,2,3,69.5,57.0,3,5,1
Semi-urban,11729.0,1,13.7,0,3,2,2,1,31.2,52.9,1,7,1
Semi-urban,5502.0,2,9.2,0,4,2,3,1,62.5,60.4,0,6,0
Urban,4921.0,0,2.3,2,7,2,3,2,60.3,49.7,3,5,1
Urban,5879.0,0,14.6,1,7,2,3,2,71.8,42.1,0,7,0
Semi-urban,3575.0,0,5.9,2,5,2,3,1,90.2,54.1,0,6,1
Semi-urban,3163.0,1,0.5,1,3,1,3,2,58.3,43.5,1,9,1
Semi-urban,20833.0,1,5.6,1,3,1,2,3,10.0,67.4,1,3,1
Urban,4091.0,1,7.9,1,8,2,2,2,64.6,35.0,0,3,0
Semi-urban,11650.0,0,12.7,0,6,3,2,1,73.8,35.4,0,6,0
Rural,7098.0,1,17.53,0,4,3,2,2,90.1,77.8,3,7,0
Semi-urban,12121.0,0,13.2,1,1,1,2,1,73.6,67.2,9,6,1
Urban,42637.0,0,2.7,1,7,3,3,3,73.0,37.9,2,8,0
Rural,8636.0,1,4.46,2,2,2,2,2,46.0,37.8,2,8,1
Semi-urban,3561.0,0,12.7,1,3,1,3,1,77.9,74.8,0,8,1
Rural,8027.0,0,22.99,0,8,3,2,2,74.0,57.5,0,5,0
Urban,11474.0,0,6.1,0,7,2,2,2,41.3,40.9,6,6,1
Semi-urban,17292.0,1,1.5,0,3,2,2,1,90.4,74.3,0,6,0
Rural,37561.0,1,39.65,0,7,2,2,2,55.6,75.2,1,7,0
Urban,15688.0,1,0.5,0,7,2,2,1,47.3,76.4,2,2,0
Urban,18693.0,0,5.3,1,8,3,1,2,53.7,62.0,0,8,0
Rural,10066.0,2,1.01,2,8,2,1,3,83.2,77.5,0,8,0
Semi-urban,5214.0,2,25.4,1,3,2,3,1,64.3,62.7,0,6,1
Urban,5013.0,1,16.6,0,3,3,3,1,45.2,44.9,1,3,1
Semi-urban,13364.0,2,1.7,1,5,2,3,2,81.3,35.0,0,4,0
Rural,6470.0,1,30.2,1,5,2,3,2,55.9,55.6,1,4,1
Rural,9882.0,0,6.1,2,4,2,3,2,26.7,47.4,3,7,1
Semi-urban,7326.0,1,13.8,2,2,1,1,2,33.4,71.2,0,8,0
Urban,8564.0,2,5.4,0,6,3,3,2,77.9,54.2,0,10,0
Urban,13307.0,1,1.0,1,7,2,1,2,39.5,57.3,9,7,1
Urban,11898.0,0,0.5,0,8,3,1,2,90.0,49.2,8,6,1
Rural,32799.0,0,0.96,0,4,1,1,3,63.0,46.0,0,4,0
Rural,7055.0,0,26.49,0,9,3,1,2,60.8,40.9,0,3,0
Urban,32195.0,0,2.8,0,3,1,3,1,24.1,93.4,8,8,1
Rural,7883.0,0,8.4,1,7,3,1,2,39.4,69.6,8,5,1
Urban,6247.0,0,3.1,1,7,2,1,3,75.4,54.8,1,8,0
Rural,2218.0,1,24.13,0,4,3,3,1,73.4,70.1,1,6,0
Urban,16462.0,0,20.0,0,8,2,3,2,65.8,57.6,0,3,0
Semi-urban,17751.0,0,1.5,2,8,3,2,1,32.4,52.2,4,8,1
Rural,3528.0,0,24.36,0,7,2,1,3,66.2,79.3,1,7,0
Urban,17952.0,1,23.0,2,5,2,1,1,40.2,69.4,1,2,0
Semi-urban,4302.0,1,2.4,0,7,2,2,2,56.2,55.2,0,1,0
Semi-urban,3459.0,0,0.5,0,4,2,3,2,98.5,100.0,1,10,0
Urban,12128.0,0,4.2,1,8,2,2,2,20.3,72.7,1,7,0
Urban,12893.0,0,2.6,0,4,2,3,2,53.4,70.8,0,7,0
Semi-urban,8459.0,1,0.8,1,10,2,1,3,63.6,40.6,1,7,0
Semi-urban,21172.0,1,3.9,2,3,3,2,2,63.4,59.3,2,7,1
Urban,50000.0,0,0.5,0,6,3,1,1,75.1,68.1,0,8,0
Semi-urban,6174.0,1,3.0,1,6,2,3,2,52.9,45.2,0,1,0
Urban,13827.0,2,15.0,0,6,2,3,2,60.2,36.6,0,4,0
Urban,8397.0,0,0.5,1,4,1,1,2,67.7,57.1,1,5,1
Rural,24326.0,0,28.03,1,2,1,3,1,40.1,64.0,0,4,1
Urban,50000.0,1,5.9,0,7,2,1,2,61.4,69.6,0,7,0
Rural,8909.0,0,7.79,0,10,3,1,2,90.0,53.7,0,2,0
Urban,5307.0,1,3.8,0,5,2,3,1,58.5,54.6,1,8,0
Urban,5825.0,1,2.3,0,7,3,1,2,11.9,71.1,1,2,0
Semi-urban,26282.0,0,20.2,1,7,2,3,2,29.7,53.6,2,4,1
Semi-urban,25416.0,2,10.4,2,10,3,3,3,96.5,93.6,0,5,0
Semi-urban,32270.0,0,5.2,0,5,1,1,3,86.2,72.7,0,7,0
Rural,19288.0,2,2.55,0,7,2,1,3,67.3,49.2,0,5,0
Rural,21636.0,1,4.36,2,6,1,1,3,74.1,64.9,0,6,0
Rural,6243.0,1,4.55,0,8,3,3,1,16.9,42.5,0,6,0
Urban,23750.0,1,0.5,0,2,1,3,1,64.9,100.0,0,8,0
Rural,2000.0,0,11.22,0,7,1,2,3,45.6,53.1,0,7,1
Urban,2000.0,0,0.8,1,5,2,2,3,27.3,73.8,1,10,0
Semi-urban,14514.0,2,15.2,1,7,2,2,3,61.1,43.2,6,5,1
Rural,10728.0,1,17.36,0,5,2,1,1,39.6,85.2,1,8,0
Urban,6558.0,1,11.1,1,6,2,3,2,42.8,41.3,2,6,1
Semi-urban,11378.0,1,0.5,0,10,3,1,3,26.6,85.9,1,9,0
Semi-urban,5773.0,0,3.0,0,4,2,2,1,10.0,78.6,2,7,1
Urban,27097.0,1,1.9,2,7,2,2,2,47.7,63.8,9,10,1
Rural,6455.0,1,0.98,1,3,1,2,2,43.0,46.6,2,7,1
Urban,19862.0,1,29.4,1,4,1,2,1,10.2,51.0,3,7,1
Semi-urban,2968.0,2,1.7,1,7,2,2,1,71.8,61.4,0,6,0
Rural,8390.0,1,2.17,2,5,2,2,3,64.8,65.1,0,6,0
Urban,36005.0,1,2.5,2,4,3,3,2,47.6,66.7,5,3,1
Rural,8818.0,1,1.43,0,4,3,3,2,58.8,48.9,0,6,1
Rural,6603.0,2,7.64,1,10,2,1,3,68.8,85.3,1,6,0
Semi-urban,5591.0,2,32.8,0,6,2,3,2,25.9,66.5,1,10,0
Semi-urban,6969.0,1,4.5,1,8,2,2,3,76.3,71.0,0,8,0
Semi-urban,3162.0,0,1.0,1,8,3,2,3,77.3,85.8,0,6,0
Semi-urban,23070.0,0,2.4,1,5,3,2,1,68.3,73.0,3,5,0
Rural,24292.0,1,6.19,2,5,2,3,2,23.7,43.1,0,4,1
Urban,6155.0,2,9.1,0,5,2,2,1,10.0,87.4,2,6,0
Semi-urban,8892.0,2,1.9,1,8,2,2,2,93.5,72.9,0,4,0
Urban,17328.0,2,14.3,1,5,1,2,3,46.1,48.6,1,10,0
Rural,10400.0,1,13.08,0,6,3,1,2,82.2,40.3,0,6,0
Semi-urban,8703.0,1,6.3,1,8,2,3,2,62.8,64.4,5,6,1
Rural,28923.0,1,4.66,1,5,1,1,2,75.0,79.1,4,7,1
Rural,5795.0,1,18.74,1,4,1,2,2,32.9,75.1,0,7,1
Urban,12533.0,1,3.3,1,4,2,3,1,51.6,37.0,3,4,1
Rural,4520.0,0,50.0,0,8,2,2,2,70.8,76.0,0,10,0
Rural,8771.0,0,3.96,2,4,2,2,1,72.9,52.1,0,3,1
Semi-urban,7254.0,0,12.6,1,3,1,2,2,64.2,42.3,0,6,1
Urban,7758.0,0,4.6,1,2,2,2,1,16.7,43.8,1,5,1
Semi-urban,27222.0,0,2.8,0,9,3,1,2,78.1,64.5,7,8,0
Urban,28374.0,0,10.2,1,3,1,3,2,74.2,91.4,0,8,1
Urban,6102.0,2,3.0,0,4,2,2,1,37.1,63.7,2,7,0
Rural,6541.0,0,4.16,2,6,2,1,3,57.3,76.3,4,6,1
Semi-urban,7272.0,1,0.7,2,2,1,2,2,93.3,73.2,0,8,0
Rural,4735.0,1,20.65,2,3,2,1,1,15.1,51.3,5,8,1
Semi-urban,3454.0,2,0.5,1,9,3,2,3,43.4,44.3,4,2,1
Urban,7563.0,2,21.6,1,2,3,3,3,39.3,42.7,1,5,1
Rural,15543.0,0,25.99,0,5,2,3,3,35.7,58.5,1,7,1
Semi-urban,40943.0,0,9.8,2,5,2,3,3,24.4,92.1,0,8,1
Urban,7255.0,0,1.2,0,10,3,1,3,76.0,56.3,0,7,0
Semi-urban,14991.0,0,4.6,1,3,2,2,1,72.5,38.0,1,8,1
Urban,13882.0,2,42.2,1,5,1,3,3,57.8,68.7,0,8,0
Rural,5268.0,1,6.03,1,2,1,3,1,83.2,44.5,2,6,1
Semi-urban,9622.0,0,1.9,1,2,1,3,3,59.2,37.3,1,3,1
Rural,19067.0,2,1.06,0,3,2,2,1,85.3,39.5,0,7,0
Semi-urban,2550.0,0,3.3,0,3,2,3,2,64.6,75.9,1,7,1
Urban,4622.0,0,18.3,2,4,3,3,2,61.4,73.2,2,7,1
Urban,17211.0,1,34.6,2,7,3,1,2,20.0,64.8,1,7,0
Rural,4274.0,1,0.86,1,5,2,3,2,53.7,73.7,6,7,1
Urban,20964.0,0,20.8,2,2,1,3,1,55.1,49.9,1,5,1
Rural,4596.0,0,14.29,1,6,2,2,1,85.3,87.4,1,4,0
Semi-urban,13728.0,2,0.5,2,3,1,3,1,67.1,67.6,1,6,1
Rural,2859.0,0,9.86,1,5,3,2,3,39.9,52.8,1,10,1
Rural,12396.0,2,18.78,1,7,2,1,3,80.3,62.7,0,7,0
Urban,15722.0,1,3.8,1,6,1,3,2,76.8,49.2,2,3,0
Rural,6418.0,2,50.0,1,10,3,3,2,64.1,77.5,0,10,0
Urban,8442.0,0,27.6,1,3,1,3,2,48.5,78.6,1,5,1
Semi-urban,26423.0,0,31.8,1,3,1,3,1,13.0,43.7,1,8,1
Urban,32623.0,1,10.9,0,3,3,3,1,55.8,60.8,2,6,1
Rural,4535.0,0,31.78,1,4,2,2,1,62.7,78.0,2,4,1
Urban,11782.0,1,23.9,0,6,2,2,3,50.9,66.3,0,10,0
Semi-urban,9075.0,0,14.3,1,7,2,1,3,92.3,100.0,0,8,0
Semi-urban,13168.0,1,0.6,2,4,1,1,2,85.9,67.6,6,5,1
Urban,23633.0,1,8.3,0,7,2,2,3,46.2,44.2,4,8,1
Rural,14092.0,1,10.82,1,6,3,3,2,85.9,100.0,8,10,1
Urban,8058.0,0,5.8,2,3,1,3,1,37.7,64.6,0,7,1
Rural,7699.0,2,16.21,2,7,2,2,2,69.3,53.1,1,6,0
Semi-urban,7880.0,1,10.7,1,9,3,1,2,10.0,44.4,2,4,0
Rural,16339.0,2,2.05,0,5,2,1,3,81.9,60.7,5,9,0
Semi-urban,9134.0,1,11.3,0,3,1,1,3,99.2,98.0,0,10,0
Urban,27303.0,0,4.8,0,3,1,2,1,69.3,89.6,0,8,0
Urban,15946.0,0,16.9,1,4,3,2,1,41.5,71.8,1,6,0
Urban,9985.0,1,1.5,1,9,2,2,2,72.7,65.7,0,6,0
Semi-urban,2000.0,0,0.5,1,7,1,2,3,27.2,42.3,0,4,1
Rural,6428.0,2,12.44,0,6,1,1,2,64.4,81.4,0,6,0
Urban,9581.0,0,11.0,2,8,3,3,2,66.7,85.2,0,8,0
Urban,16398.0,0,2.8,1,5,1,1,2,54.8,43.4,1,4,1
Urban,12607.0,0,29.8,0,2,1,3,1,41.0,52.2,1,5,1
Rural,3477.0,0,0.78,0,4,3,2,1,90.7,79.5,4,7,1
Urban,8779.0,1,42.3,0,7,3,2,1,21.2,53.5,2,4,0
Urban,30909.0,2,0.5,1,9,2,1,3,68.9,72.4,1,4,0
Urban,7674.0,1,4.5,2,3,1,2,2,51.5,66.4,1,7,0
Semi-urban,8635.0,1,2.3,0,5,2,2,2,69.8,64.0,0,8,0
Semi-urban,10384.0,1,0.5,0,3,1,2,2,63.3,50.6,0,6,0
Rural,10404.0,0,22.77,2,2,1,1,1,24.9,78.1,0,5,1
Urban,15543.0,2,2.1,0,3,1,3,3,60.0,79.4,0,7,0
Semi-urban,4205.0,2,8.4,0,4,3,2,3,76.1,70.4,1,8,0
Urban,27614.0,0,32.9,1,4,1,1,2,83.2,42.1,0,7,0
Semi-urban,16591.0,0,9.5,1,3,1,3,1,42.3,50.5,1,7,1
Semi-urban,6871.0,2,5.6,1,7,2,2,2,65.6,66.3,0,2,0
Semi-urban,2000.0,0,13.6,1,8,2,1,3,34.0,62.9,0,8,0
Rural,7019.0,0,25.65,1,3,1,3,1,52.5,35.0,0,7,1
Urban,7184.0,0,12.2,1,5,3,3,2,46.8,89.8,0,6,1
Urban,21548.0,2,5.9,0,5,1,2,3,30.9,69.2,1,2,0
Urban,3949.0,1,0.9,1,1,1,3,1,90.8,92.3,0,6,0
Urban,15452.0,0,4.8,1,10,3,2,3,62.9,38.9,2,7,0
Urban,14756.0,1,2.3,1,4,2,3,2,51.9,52.6,3,7,1
Urban,5491.0,0,11.9,1,4,3,1,2,59.4,47.3,8,6,1
Rural,4601.0,1,16.65,0,5,2,1,2,64.0,71.5,0,9,0
Semi-urban,3141.0,0,1.2,0,10,2,1,2,74.1,86.1,0,8,0
Rural,2698.0,0,23.15,1,6,2,3,1,69.2,44.7,1,10,1
Semi-urban,31619.0,2,4.8,0,6,3,2,2,75.9,86.0,0,8,0
Urban,35561.0,2,1.2,0,5,2,2,2,65.3,44.8,0,5,0
Urban,11211.0,0,2.6,2,6,3,3,2,44.0,63.8,1,8,1
Urban,5196.0,0,3.6,1,2,2,3,2,82.0,60.2,0,6,0
Rural,23071.0,0,1.9,0,6,2,2,1,67.2,63.9,0,8,0
Rural,18243.0,1,3.43,0,8,3,3,2,84.0,92.6,0,6,0
Urban,24683.0,1,4.7,0,6,2,2,3,65.5,89.8,3,7,0
Rural,7962.0,0,23.45,0,4,1,2,2,70.6,96.3,0,10,0
Urban,13616.0,0,10.9,1,4,1,3,2,72.3,38.6,0,8,1
Semi-urban,8251.0,1,14.0,1,7,2,1,3,81.1,81.2,5,9,0
Semi-urban,5850.0,1,2.4,2,8,2,2,2,79.3,59.6,0,5,0
Rural,4710.0,0,32.4,1,3,1,3,3,17.5,67.3,0,8,1
Urban,23585.0,0,2.9,1,6,2,1,2,84.9,81.0,4,8,0
Semi-urban,14637.0,0,6.5,0,3,1,3,1,29.4,35.0,1,7,1
Urban,50000.0,2,10.2,2,7,2,2,2,21.5,37.0,0,8,0
Semi-urban,26575.0,0,8.1,1,6,2,2,2,14.5,56.6,0,5,0
Urban,12492.0,2,5.9,1,4,2,1,1,78.1,56.1,3,6,0
Semi-urban,16766.0,1,0.6,0,10,3,1,3,13.5,58.3,5,5,1
Urban,4006.0,1,0.5,1,7,2,3,2,40.1,64.1,2,8,1
Rural,3811.0,0,4.87,0,8,2,1,3,49.0,47.7,9,6,1
Urban,22194.0,0,2.9,1,3,2,2,1,85.2,66.0,0,9,0
Rural,2000.0,2,17.04,0,8,2,1,3,77.8,69.5,0,7,0
Semi-urban,7440.0,0,9.5,1,5,2,1,1,87.6,59.6,0,3,0
Semi-urban,13671.0,1,1.4,0,6,3,3,2,75.5,100.0,7,9,1
Rural,25662.0,0,45.8,0,6,2,1,2,10.0,73.5,0,6,0
Semi-urban,11456.0,1,6.6,0,3,2,3,1,61.5,74.2,8,7,1
Semi-urban,4838.0,1,1.1,2,5,1,2,3,11.0,40.2,4,10,1
Semi-urban,17335.0,1,15.3,0,3,1,1,3,48.6,67.7,0,6,0
Semi-urban,5807.0,0,31.7,0,8,2,1,3,77.0,100.0,1,8,0
Urban,4567.0,1,7.6,1,10,3,3,3,66.8,46.9,0,6,0
Urban,25233.0,0,11.9,0,4,1,1,2,92.2,81.3,0,10,0
Semi-urban,18963.0,1,6.2,1,7,2,2,2,68.3,35.0,6,6,1
Semi-urban,5485.0,0,2.9,0,4,1,1,2,44.4,35.0,1,5,1
Semi-urban,16942.0,1,4.9,0,8,3,3,3,75.9,74.4,2,7,0
Rural,4603.0,2,12.89,1,10,2,2,3,35.9,52.5,4,8,1
Semi-urban,21618.0,0,0.5,2,10,3,3,2,59.8,42.4,3,8,1
Urban,15627.0,1,1.7,0,3,2,2,2,27.8,42.0,0,8,0
Semi-urban,6206.0,1,2.6,1,3,1,2,3,48.0,59.0,3,9,1
Rural,2916.0,0,5.27,0,8,2,2,3,46.7,61.6,5,8,1
Semi-urban,5681.0,2,2.0,1,3,1,3,1,85.0,57.8,0,6,0
Rural,4778.0,2,25.61,1,6,3,2,2,60.7,38.8,0,8,0
Semi-urban,33861.0,1,2.0,0,2,3,3,1,22.4,70.8,3,9,1
Urban,14380.0,1,6.1,1,5,3,3,2,53.5,45.8,0,5,1
Semi-urban,12313.0,2,6.0,0,10,3,2,3,84.7,67.7,0,7,0
Rural,2000.0,1,0.82,1,5,2,3,1,72.2,76.5,0,4,1
Urban,9113.0,0,4.9,0,4,3,3,1,29.5,85.5,4,7,1
Urban,27927.0,2,4.4,0,3,2,3,1,28.0,73.6,0,6,0
Semi-urban,4331.0,1,1.7,0,5,3,1,2,22.2,46.8,6,10,1
Urban,9282.0,2,2.7,1,1,1,3,2,81.4,63.5,4,5,1
Semi-urban,2000.0,0,1.3,0,5,2,3,3,84.3,70.2,0,7,0
Rural,23469.0,0,12.36,1,6,3,3,1,74.9,79.0,4,7,1
Semi-urban,19509.0,0,9.2,1,4,2,1,3,85.5,62.6,8,7,1
Rural,7571.0,1,3.95,0,5,2,3,1,67.9,99.4,0,8,0
Rural,12109.0,1,0.88,0,5,1,3,2,23.3,59.0,3,6,1
Rural,15830.0,0,2.81,0,5,1,2,2,85.2,52.6,0,5,0
Semi-urban,7773.0,1,3.6,1,8,3,2,1,85.6,59.1,3,7,0
Urban,22174.0,1,10.4,1,10,3,1,3,33.5,79.9,8,10,1
Urban,17544.0,0,5.9,1,6,3,3,1,82.5,95.3,0,6,0
Rural,4031.0,0,36.55,2,10,2,1,3,50.6,74.0,1,6,0
Rural,15728.0,0,4.05,1,10,3,2,2,47.9,40.0,3,9,1
Urban,2774.0,0,5.9,1,6,2,1,2,56.3,53.9,1,4,0
Urban,17544.0,1,4.4,1,6,3,3,1,87.7,70.3,0,8,0
Urban,10473.0,0,4.3,1,2,1,2,2,30.8,35.0,3,5,1
Urban,12369.0,1,9.1,2,6,3,2,1,86.8,61.7,0,5,0
Urban,5205.0,2,5.1,0,7,1,2,2,74.3,75.0,0,6,0
Urban,16168.0,1,8.9,2,5,3,2,3,48.7,51.7,2,10,0
Urban,13199.0,0,10.4,0,7,2,1,1,77.6,88.9,5,8,1
Urban,10539.0,0,3.1,1,5,1,2,2,59.2,47.9,0,6,0
Rural,7720.0,1,14.88,0,6,1,1,3,75.0,50.6,0,6,0
Semi-urban,9032.0,1,12.0,1,9,3,3,3,53.5,59.7,0,5,0
Semi-urban,6756.0,2,17.8,0,7,3,2,1,80.8,50.0,7,6,1
Urban,8783.0,2,22.1,0,6,1,2,3,54.9,75.1,0,8,0
Semi-urban,10537.0,1,0.6,0,3,1,3,2,51.9,50.7,0,9,1
Urban,24475.0,0,23.2,2,8,3,2,2,67.1,63.2,0,8,0
Semi-urban,21023.0,0,0.5,0,8,2,1,2,78.1,98.5,0,8,0
Semi-urban,4759.0,1,16.7,0,10,2,1,3,93.6,75.4,0,9,0
Semi-urban,15512.0,0,3.0,1,8,2,1,2,76.4,58.4,0,4,0
Semi-urban,6991.0,0,1.0,1,3,2,3,2,23.7,65.1,0,8,1
Urban,9045.0,0,6.2,0,6,3,3,2,38.1,49.6,2,5,1
Urban,13301.0,0,13.2,1,6,1,3,2,50.9,58.1,2,7,1
Urban,32007.0,0,5.4,1,5,2,3,3,59.1,45.9,1,6,1
Semi-urban,14177.0,0,18.8,2,5,2,1,3,91.0,62.6,9,8,1
Rural,2569.0,2,33.42,1,7,2,1,2,68.2,59.6,0,8,0
Semi-urban,11043.0,1,41.3,1,10,3,1,2,37.0,47.0,7,6,1
Rural,6357.0,1,14.28,2,7,3,1,3,30.9,71.7,1,7,0
Urban,16706.0,1,20.0,1,6,1,1,2,68.0,55.7,7,10,1
Urban,19635.0,0,2.8,1,6,2,1,3,70.2,55.5,3,5,0
Semi-urban,6303.0,0,2.7,1,5,3,2,2,85.8,100.0,7,8,1
Urban,30380.0,0,3.0,2,5,2,3,3,56.3,58.4,1,7,1
Semi-urban,25275.0,0,7.3,2,5,1,3,2,52.3,48.1,4,7,1
Semi-urban,23150.0,2,10.3,0,4,2,3,1,10.0,53.6,0,7,1
Urban,14265.0,1,2.7,1,5,2,2,1,43.2,35.0,1,6,0
Urban,50000.0,0,3.3,1,9,2,1,2,68.8,60.2,0,7,0
Urban,4119.0,0,8.2,1,6,2,2,3,44.7,40.4,2,6,1
Rural,14592.0,1,50.0,2,5,3,3,3,45.4,68.3,3,7,1
Urban,4159.0,0,6.5,0,5,2,3,3,36.1,76.1,6,9,1
Rural,23943.0,0,1.58,0,7,2,2,2,90.9,93.4,1,10,0
Rural,7232.0,0,17.62,2,7,2,2,1,33.7,35.0,1,7,1
Urban,6432.0,1,20.5,1,7,2,2,3,62.3,48.3,0,4,0
Rural,5686.0,1,1.07,0,10,3,2,2,67.0,65.9,7,6,1
Urban,41344.0,1,0.8,0,2,1,3,1,44.4,84.8,1,8,0
Rural,10351.0,0,1.07,2,10,3,1,2,74.6,50.6,0,8,0
Semi-urban,9443.0,0,8.4,1,5,2,3,3,10.0,58.5,0,4,1
Urban,50000.0,2,2.0,0,5,2,2,3,44.0,35.0,9,6,1
Rural,3143.0,1,2.66,0,4,2,3,1,46.4,35.0,0,4,1
Urban,3362.0,0,9.0,0,6,3,3,1,42.8,52.7,0,3,1
Rural,8229.0,0,5.36,0,5,2,2,1,10.0,55.8,1,7,0
Rural,4262.0,0,0.79,0,9,3,1,2,69.4,60.2,0,6,0
Semi-urban,38222.0,1,41.3,1,7,2,3,1,28.3,39.9,1,9,1
Urban,48052.0,2,10.7,1,5,1,1,2,45.0,47.6,2,5,0
Rural,2000.0,2,22.5,2,10,3,2,2,14.5,56.2,2,6,1
Rural,6802.0,0,1.26,0,2,1,3,1,69.9,46.6,7,5,1
Rural,5428.0,0,3.42,0,10,2,2,3,61.8,100.0,2,10,0
Semi-urban,20587.0,2,0.5,1,4,2,3,1,48.0,53.9,5,6,1
Semi-urban,6790.0,0,1.5,0,9,3,2,3,75.0,50.1,0,7,0
Rural,23098.0,1,0.76,1,5,3,3,2,66.9,56.6,2,4,1
Semi-urban,8288.0,1,5.0,1,3,1,2,3,44.9,35.2,1,4,1
Semi-urban,7706.0,2,16.7,1,7,2,2,2,23.7,58.2,0,7,0
Semi-urban,8674.0,0,12.0,1,8,2,3,2,86.0,59.7,0,5,1
Rural,6302.0,1,10.54,0,7,2,2,1,41.5,52.8,2,7,1
Semi-urban,5851.0,1,6.1,1,3,1,3,1,71.1,35.0,3,4,1
Urban,31884.0,0,0.5,2,8,2,2,2,17.6,70.3,1,10,0
Rural,20981.0,1,9.86,0,6,1,2,3,64.0,50.7,6,8,1
Rural,4393.0,1,2.62,2,4,1,3,1,16.8,52.4,5,6,1
Urban,4497.0,1,4.7,0,6,3,2,3,21.4,40.0,1,8,0
Urban,3751.0,0,4.7,0,6,3,3,2,73.5,71.8,0,6,0
Semi-urban,14504.0,1,9.8,2,3,1,2,2,55.3,37.6,0,5,1
Urban,12906.0,0,5.4,0,6,1,1,3,77.8,72.6,0,7,0
Semi-urban,26594.0,2,5.7,2,9,3,1,3,14.4,39.2,8,4,1
Rural,8044.0,0,30.24,0,5,2,3,1,53.4,60.4,1,7,1
Rural,2000.0,1,16.7,0,8,3,2,2,32.9,52.1,0,10,0
Rural,7800.0,1,7.82,0,9,2,3,2,29.2,55.2,1,7,0
Semi-urban,31266.0,0,6.4,1,7,3,2,3,96.1,42.6,0,3,0
Rural,5410.0,2,12.56,0,10,2,1,3,86.1,76.1,0,8,0
Rural,2045.0,0,26.0,1,7,2,2,2,39.7,60.7,1,8,1
Rural,6984.0,1,23.06,2,4,1,2,2,32.5,71.1,4,8,1
Semi-urban,4520.0,0,5.3,2,6,3,3,3,65.3,57.0,0,6,0
Semi-urban,24784.0,0,6.3,1,4,1,2,3,79.9,49.2,0,4,0
Urban,8256.0,1,10.7,1,6,1,1,3,72.3,67.2,1,6,0
Urban,12055.0,0,4.4,0,6,3,3,1,67.2,45.8,0,4,0
Rural,28416.0,1,3.0,1,4,1,1,3,10.0,63.4,5,7,1
Urban,9891.0,1,5.9,1,3,1,3,1,59.3,46.8,9,6,1
Semi-urban,28651.0,1,2.5,0,10,3,2,3,72.9,96.8,0,8,0
Rural,6498.0,1,29.1,1,10,2,1,3,76.5,79.5,0,3,0
Rural,9076.0,1,12.03,2,8,2,3,2,75.3,63.9,0,7,0
Semi-urban,25341.0,0,8.2,0,6,2,1,2,91.7,71.8,0,4,0
Semi-urban,3160.0,0,4.5,0,2,1,2,2,41.6,67.0,3,9,1
Rural,5706.0,0,4.66,0,5,1,2,2,93.7,53.5,3,2,1
Rural,3245.0,0,15.3,0,5,2,2,2,40.3,51.3,2,8,1
Rural,10572.0,1,30.32,0,8,2,1,2,32.1,73.1,1,3,0
Rural,2000.0,1,10.92,0,6,2,2,2,60.2,81.7,0,7,0
Rural,4797.0,0,18.47,1,3,1,2,2,36.8,70.8,1,6,1
Rural,25815.0,0,22.2,2,9,2,2,2,60.8,40.0,0,7,0
Urban,45496.0,1,8.8,2,3,3,3,3,58.5,45.3,9,4,1
Rural,6527.0,2,26.88,1,5,2,2,3,18.3,44.7,0,10,1
Rural,10280.0,0,0.77,1,10,3,2,3,81.1,57.0,2,6,0
Urban,26273.0,1,19.6,1,10,3,1,2,35.4,44.1,1,10,0
Rural,8991.0,2,5.09,2,3,1,3,2,66.0,41.6,0,3,1
Rural,19861.0,1,5.36,0,4,2,1,2,81.3,73.7,0,6,0
Urban,8549.0,1,3.2,2,7,2,2,3,69.1,64.7,2,7,0
Rural,3367.0,0,0.74,0,8,2,2,3,49.0,54.8,0,3,0
Urban,12166.0,0,5.1,1,3,1,3,1,66.6,73.4,0,5,1
Semi-urban,6968.0,2,8.9,2,3,1,2,1,59.6,56.5,0,5,1
Urban,10534.0,0,1.9,1,3,2,3,3,10.0,75.3,3,8,1
Rural,13910.0,1,7.33,2,5,2,3,1,80.0,48.8,0,5,0
Semi-urban,11441.0,0,4.0,1,6,2,3,3,78.4,78.3,0,7,0
Semi-urban,23382.0,0,6.8,1,6,2,1,2,56.5,77.0,0,7,0
Rural,10020.0,1,2.29,1,6,2,3,2,48.7,35.0,1,5,1
Urban,19079.0,2,11.0,1,3,1,3,1,73.1,49.2,0,4,0
Urban,17643.0,1,4.4,0,6,2,1,2,65.2,62.3,0,10,0
Semi-urban,2659.0,1,15.8,2,8,2,2,2,45.7,35.0,0,3,1
Rural,6966.0,0,3.39,0,2,1,2,2,54.6,66.7,0,8,1
Rural,4694.0,1,31.62,0,7,2,2,3,82.4,66.3,8,6,1
Semi-urban,5583.0,2,1.8,0,8,3,3,3,82.8,52.1,0,6,0
Urban,7948.0,2,1.7,1,8,3,2,2,27.2,74.0,7,6,1
Rural,7234.0,0,0.68,1,4,1,2,2,55.2,59.2,2,8,1
Semi-urban,2605.0,0,8.9,1,4,2,3,1,69.9,71.8,0,6,0
Urban,32098.0,0,19.6,0,6,1,2,3,80.6,74.2,3,5,0
Semi-urban,14243.0,0,0.5,0,5,2,2,1,46.9,63.1,6,10,1
Rural,6013.0,0,9.76,0,4,1,2,2,72.7,92.7,0,8,0
Urban,3059.0,1,0.5,1,5,1,1,2,68.7,45.8,0,4,0
Urban,4581.0,1,6.4,1,4,1,2,3,86.9,82.0,0,8,0
Semi-urban,3971.0,2,9.9,2,10,3,1,2,10.0,61.0,2,5,0
Semi-urban,7316.0,1,5.5,0,2,1,2,1,93.6,45.8,0,6,0
Urban,6815.0,1,1.5,1,5,1,2,2,65.0,67.6,0,8,0
Semi-urban,6134.0,2,6.9,0,5,1,2,2,60.0,61.5,0,6,0
Urban,4189.0,0,2.0,2,10,2,2,3,42.3,67.6,9,7,1
Urban,4617.0,1,29.5,0,6,2,3,2,78.8,72.8,0,6,0
Rural,4932.0,1,9.45,1,5,1,1,1,83.0,45.4,1,7,0
Semi-urban,4058.0,1,1.6,1,7,2,2,2,69.0,61.9,0,7,0
Rural,11667.0,2,10.49,0,5,2,3,1,77.1,41.5,1,7,0
Urban,17229.0,0,18.8,2,7,2,3,2,81.5,63.4,0,6,0
Urban,16238.0,1,14.3,1,10,3,3,2,64.2,67.1,4,5,0
Semi-urban,23403.0,0,0.5,0,6,1,2,2,10.0,51.4,1,6,0
Rural,6440.0,1,12.1,0,4,1,3,1,84.0,73.9,0,9,0
Rural,9141.0,2,0.7,1,7,2,2,3,60.3,51.6,2,3,0
Urban,10533.0,0,16.7,1,10,2,2,3,75.8,76.9,0,7,0
Semi-urban,14248.0,0,1.2,0,5,1,2,2,76.1,44.8,5,4,1
Urban,10083.0,1,0.5,0,10,3,2,2,61.2,57.8,0,5,0
Urban,30997.0,1,35.1,0,4,2,2,1,10.0,35.0,0,5,1
Rural,4522.0,1,10.97,1,4,2,3,1,58.1,76.8,2,6,1
Semi-urban,12419.0,1,5.7,0,7,2,2,3,93.7,100.0,1,9,0
Urban,33382.0,2,14.2,1,10,3,1,2,42.6,50.8,0,4,0
Semi-urban,7132.0,0,0.5,1,4,2,3,1,18.6,58.7,1,6,1
Rural,9493.0,2,14.99,0,8,2,1,2,69.0,82.8,0,9,0
Urban,6088.0,1,0.5,0,6,2,1,1,27.9,50.4,1,9,0
Semi-urban,4852.0,0,13.0,1,5,2,3,1,90.5,39.7,0,6,1
Rural,22395.0,2,8.95,1,5,2,3,1,53.4,56.1,0,9,0
Urban,19345.0,0,4.6,1,3,2,3,1,62.4,68.3,0,4,0
Rural,8139.0,2,19.47,2,8,2,1,3,64.3,42.8,0,6,0
Rural,2190.0,0,2.51,1,8,3,3,3,77.1,54.5,2,3,1
Semi-urban,31547.0,1,5.5,0,6,2,3,3,12.1,53.3,3,6,1
Semi-urban,8360.0,0,9.4,0,8,2,2,3,84.1,42.8,1,6,0
Semi-urban,2562.0,0,1.7,0,7,3,2,3,82.1,84.2,0,6,0
Urban,9437.0,1,3.3,2,6,3,2,2,95.5,58.2,9,3,1
Rural,6399.0,0,2.16,2,1,1,1,2,61.5,39.5,0,10,1
Urban,50000.0,2,4.7,0,6,3,1,2,11.1,66.4,1,7,0
Semi-urban,7505.0,1,5.3,0,5,2,1,3,33.6,67.5,4,8,1
Urban,16440.0,1,4.9,1,2,1,2,3,63.9,36.0,0,6,1
Rural,16982.0,1,8.04,0,4,2,1,2,26.2,80.0,1,6,0
Rural,3078.0,1,14.08,1,3,1,3,3,41.6,70.5,3,6,1
Urban,10433.0,2,9.6,2,5,1,3,2,72.8,44.5,0,10,0
Rural,5460.0,1,7.28,0,8,2,1,2,64.6,37.6,1,7,0
Rural,3687.0,2,33.82,0,5,2,2,2,36.1,41.2,3,9,1
Rural,10548.0,0,26.91,2,9,2,3,3,25.0,53.9,7,5,1
Semi-urban,36844.0,1,31.8,0,10,3,1,2,78.1,53.6,0,3,0
Semi-urban,27405.0,0,1.3,0,1,1,3,1,35.2,46.2,0,10,1
Urban,16368.0,1,1.3,1,4,1,1,2,77.1,70.5,3,7,0
Semi-urban,19765.0,1,4.2,0,5,2,2,3,77.6,60.4,0,6,0
Semi-urban,6987.0,0,21.2,1,6,2,3,3,43.4,51.4,4,5,1
Urban,13489.0,1,8.9,0,3,1,3,1,19.3,71.6,2,7,1
Semi-urban,13181.0,0,16.9,0,3,1,3,1,63.5,69.3,0,3,1
Urban,6899.0,2,27.1,1,4,1,1,2,49.5,42.5,3,3,1
Semi-urban,7352.0,1,6.3,0,4,2,3,2,69.4,79.5,4,6,1
Semi-urban,3325.0,2,4.4,0,9,2,1,2,49.4,36.0,0,6,0
Semi-urban,2000.0,0,9.8,0,6,3,2,3,35.4,41.6,3,6,1
Semi-urban,12294.0,0,6.6,1,7,2,1,2,49.4,69.6,1,7,0
Urban,9763.0,1,3.8,0,7,2,3,2,66.5,60.0,0,6,0
Rural,7089.0,0,41.19,0,6,3,3,3,54.3,66.0,0,5,1
Rural,5767.0,2,15.09,2,6,2,2,2,91.2,50.2,0,6,0
Rural,4460.0,1,14.99,2,3,1,3,3,33.4,64.2,0,7,1
Rural,12389.0,0,17.58,2,7,2,1,2,61.8,94.2,8,10,1
Rural,19479.0,1,1.18,2,3,2,3,3,62.7,93.6,0,7,1
Semi-urban,9162.0,0,0.5,1,3,1,2,1,38.6,55.0,7,3,1
Rural,13314.0,1,26.39,0,4,2,3,2,26.2,58.5,3,8,1
Urban,14068.0,0,14.8,1,6,3,3,1,69.2,55.2,0,4,0
Semi-urban,7108.0,2,6.1,1,4,1,1,3,83.1,35.0,0,4,0
Rural,3566.0,1,2.54,0,6,1,1,2,10.0,35.0,5,6,1
Urban,6087.0,0,2.3,1,5,2,2,1,74.6,74.3,0,10,0
Urban,43329.0,0,0.5,1,5,2,3,1,62.8,50.4,1,10,0
Rural,4200.0,0,11.23,1,7,2,3,2,57.9,60.2,1,8,1
Urban,15781.0,0,10.4,2,2,1,3,2,28.4,61.6,5,8,1
Semi-urban,9341.0,0,11.8,0,9,2,2,3,78.3,40.4,0,7,0
Urban,13586.0,1,15.1,2,7,2,3,1,84.2,35.0,0,4,0
Semi-urban,2000.0,0,1.3,2,10,3,1,3,79.9,55.7,0,6,0
Rural,16934.0,2,17.22,0,6,2,3,1,79.5,93.1,0,10,0
Rural,6822.0,1,3.13,2,4,2,2,2,12.3,35.0,1,7,1
Semi-urban,22304.0,1,2.2,1,5,1,2,2,59.2,69.6,0,8,0
Semi-urban,30618.0,1,12.5,1,3,2,2,3,55.6,43.5,7,7,1
Urban,26593.0,0,10.9,1,6,2,1,2,72.9,57.9,1,8,0
Semi-urban,11691.0,2,0.7,0,3,2,2,2,21.0,56.2,4,8,1
Rural,13396.0,0,1.06,0,3,2,2,1,36.7,43.1,1,5,1
Rural,2501.0,0,0.73,0,3,1,2,2,68.3,48.5,0,7,1
Semi-urban,3671.0,0,6.2,2,5,2,2,1,70.5,46.6,0,4,1
Urban,6723.0,1,1.2,1,3,1,3,3,19.4,48.8,3,5,1
Urban,5300.0,1,0.5,0,8,2,2,2,10.0,40.4,0,5,0
Semi-urban,5716.0,0,1.5,1,10,3,2,3,10.0,79.6,3,5,1
Semi-urban,2000.0,1,0.6,1,3,1,1,1,74.8,50.3,2,8,1
Rural,4586.0,0,7.2,0,6,2,2,3,75.0,56.7,0,7,0
Urban,2876.0,1,6.5,2,9,2,2,2,86.1,73.1,0,5,0
Semi-urban,3146.0,0,7.1,0,5,2,3,1,82.5,83.2,0,5,0
Urban,10016.0,1,13.2,0,2,1,3,2,64.6,65.8,0,7,0
Rural,5492.0,0,17.52,1,4,2,3,1,79.5,57.4,0,6,1
Semi-urban,11984.0,1,3.4,1,9,3,1,3,76.4,80.9,6,8,0
Rural,6644.0,1,7.99,0,4,1,2,2,94.7,92.5,1,6,0
Urban,8514.0,2,9.7,0,6,2,1,2,45.5,63.0,1,7,0
Urban,4727.0,0,20.4,1,9,3,2,3,73.6,73.0,0,10,0
Semi-urban,19949.0,2,7.9,2,3,1,2,2,30.4,52.6,2,6,1
Rural,7841.0,0,1.16,0,10,3,3,2,72.0,71.2,0,6,0
Urban,11102.0,0,2.0,1,4,1,2,1,39.4,53.0,0,10,1
Semi-urban,2000.0,0,1.1,2,1,1,2,3,71.1,89.1,0,8,0
Rural,6649.0,1,0.77,0,2,1,3,1,77.1,85.2,0,8,0
Urban,30386.0,0,19.5,2,8,2,3,2,96.5,46.7,0,9,0
Semi-urban,7443.0,0,1.0,1,6,2,3,1,10.0,42.8,1,9,1
Urban,9096.0,2,3.7,0,5,2,3,1,55.8,39.4,0,6,1
Semi-urban,5227.0,0,12.9,0,7,2,1,2,94.6,68.2,1,3,0
Urban,14358.0,0,17.5,0,7,2,2,2,60.7,49.7,5,10,1
Urban,14966.0,0,7.4,1,5,2,3,2,68.5,50.5,0,6,1
Urban,11542.0,2,14.2,1,5,2,2,2,29.0,43.3,1,6,0
Semi-urban,6313.0,1,2.3,0,5,3,2,1,35.8,42.7,0,3,1
Semi-urban,11698.0,1,3.7,1,5,2,3,2,67.4,67.4,0,8,0
Rural,7241.0,0,37.25,0,5,2,3,1,24.9,50.4,1,6,1
Urban,17386.0,2,7.8,1,6,3,3,3,62.3,72.3,0,8,0
Semi-urban,27402.0,1,1.2,0,8,3,3,1,74.1,70.9,0,7,0
Urban,44678.0,1,0.6,2,4,1,2,2,27.1,82.7,1,9,0
Urban,26045.0,1,4.0,2,9,2,3,2,79.2,49.8,2,5,0
Semi-urban,2000.0,1,4.8,2,10,3,2,3,21.2,35.5,6,5,1
Rural,7900.0,2,9.29,1,6,2,3,2,85.8,97.3,0,6,0
Urban,6946.0,0,22.7,2,6,2,2,1,94.3,41.6,0,4,1
Urban,5615.0,1,13.5,1,5,3,2,1,79.1,50.8,3,4,1
Urban,49632.0,0,6.5,2,4,2,3,2,34.8,54.7,3,8,1
Urban,3579.0,0,1.1,2,10,2,1,3,58.4,64.5,0,8,0
Urban,10332.0,0,11.5,2,4,1,2,3,61.7,49.8,0,7,0
Semi-urban,12718.0,1,7.0,1,7,3,1,3,24.8,75.8,2,7,0
Semi-urban,31675.0,0,17.7,0,4,2,3,2,65.6,100.0,0,9,0
Urban,31913.0,0,0.6,1,9,3,2,2,70.3,100.0,0,8,0
Rural,8848.0,0,20.82,0,3,1,1,2,95.3,76.5,0,7,0
Urban,2198.0,1,18.0,0,3,1,2,3,61.0,65.0,4,5,1
Rural,2000.0,0,9.09,1,7,2,1,3,83.8,43.6,2,5,0
Semi-urban,32165.0,1,31.3,1,2,1,3,2,38.7,62.2,1,6,1
Semi-urban,5117.0,1,8.5,1,9,2,1,3,58.6,50.1,3,8,0
Rural,14964.0,0,1.35,1,7,2,1,3,80.4,35.0,6,7,1
Urban,2269.0,0,2.3,2,9,3,3,2,85.1,52.3,1,5,0
Urban,49493.0,1,25.3,1,2,1,2,1,40.4,77.8,1,6,1
Semi-urban,6241.0,2,5.9,1,9,2,2,3,71.9,87.2,2,7,0
Rural,3531.0,1,0.7,1,4,2,1,2,67.5,59.1,1,8,0
Rural,5985.0,0,10.04,0,6,3,2,2,29.6,64.0,0,9,0
Semi-urban,16587.0,2,11.4,1,1,2,3,2,82.9,89.5,4,6,1
Semi-urban,2623.0,1,6.9,0,8,2,2,1,16.7,55.0,2,6,1
Urban,7615.0,0,0.5,1,6,1,1,3,89.9,63.9,0,5,0
Rural,2216.0,2,4.07,1,3,2,3,1,28.2,83.9,1,8,1
Semi-urban,12018.0,0,5.9,2,7,2,3,1,68.8,37.0,9,7,1
Semi-urban,26826.0,0,9.6,1,4,1,2,1,85.9,69.0,0,7,0
Urban,8222.0,0,10.2,1,7,2,1,3,16.4,86.2,0,8,0
Rural,7384.0,1,12.48,2,6,2,1,2,88.4,61.1,0,5,0
Rural,4783.0,0,12.78,0,1,2,3,1,75.3,60.7,0,6,1
Urban,50000.0,2,3.4,1,7,2,1,3,11.5,59.3,1,7,0
Urban,16473.0,1,8.4,0,7,2,2,2,70.9,50.9,0,4,0
Urban,12706.0,1,0.5,1,5,3,2,1,10.0,60.3,4,8,1
Rural,4980.0,1,3.63,1,4,1,2,1,50.3,59.3,1,7,1
Semi-urban,28479.0,1,2.1,1,7,1,2,3,72.9,48.1,2,6,0
Rural,3487.0,2,21.05,0,6,2,2,1,68.0,71.6,6,6,1
Semi-urban,2000.0,1,2.1,1,5,1,2,2,66.6,35.0,7,6,1
Rural,3850.0,1,1.74,1,10,3,1,2,82.9,48.3,1,5,0
Rural,9049.0,1,7.78,0,6,2,2,1,36.4,40.8,1,9,1
Semi-urban,31539.0,2,15.7,2,3,2,2,1,55.4,45.8,0,6,1
Rural,14256.0,0,16.21,1,4,1,1,3,68.5,69.2,0,7,0
Semi-urban,19649.0,1,17.0,1,5,2,3,1,82.6,90.4,0,8,0
Semi-urban,2971.0,2,10.9,0,8,3,2,1,51.9,39.4,2,5,0
Urban,12670.0,0,4.4,0,8,2,1,3,17.3,77.9,5,7,1
Urban,5633.0,0,4.5,0,1,1,3,1,43.0,70.8,3,7,1
Semi-urban,13921.0,0,3.1,0,8,2,3,2,69.4,46.7,0,10,0
Rural,2700.0,0,16.37,1,10,3,2,2,73.9,50.2,0,8,0
Rural,5898.0,1,5.57,1,4,2,2,2,65.0,61.3,0,7,0
Semi-urban,14754.0,0,0.5,1,6,2,3,3,71.7,39.6,4,3,1
Rural,7978.0,0,12.9,2,6,1,3,3,85.5,89.5,0,10,1
Rural,3734.0,0,24.23,2,7,2,2,3,51.4,40.0,3,10,1
Semi-urban,3982.0,2,5.1,0,4,1,2,2,53.8,53.2,3,6,1
Semi-urban,3661.0,0,19.7,0,6,1,1,2,15.2,49.0,1,4,1
Semi-urban,8693.0,2,45.6,1,3,2,3,1,25.2,76.3,0,10,1
Rural,2946.0,1,12.57,0,3,2,3,1,54.5,39.3,3,7,1
Semi-urban,10032.0,2,8.4,2,5,2,3,3,11.3,64.0,1,5,1
Rural,3415.0,1,1.63,1,3,3,2,3,76.6,85.6,2,8,0
Semi-urban,11993.0,1,2.5,0,6,2,1,3,65.8,68.8,2,7,0
Rural,2000.0,1,14.24,1,3,1,2,1,68.4,65.6,1,6,1
Semi-urban,4476.0,1,10.8,2,3,1,2,1,41.6,74.6,1,8,1
Urban,6236.0,1,19.9,1,5,2,2,3,50.1,45.6,2,5,1
Semi-urban,6748.0,2,2.6,1,8,3,2,2,73.1,78.2,8,7,1
Semi-urban,43040.0,1,1.4,2,6,3,3,1,51.3,54.1,1,5,0
Rural,36997.0,1,14.34,1,3,2,3,2,72.9,86.4,2,9,1
Urban,4706.0,0,15.0,0,2,1,1,3,35.6,62.3,0,6,1
Urban,2716.0,0,3.0,0,10,2,2,3,84.9,37.5,6,10,1
Semi-urban,12373.0,1,15.5,1,10,2,2,2,57.8,62.7,0,7,0
Semi-urban,2169.0,0,17.7,0,2,1,3,1,61.1,82.1,1,6,1
Rural,13774.0,0,13.24,2,7,2,1,2,85.2,59.0,0,7,0
Semi-urban,22719.0,0,3.5,1,8,2,1,2,26.4,41.1,2,8,0
Rural,17421.0,1,4.32,2,3,3,3,1,14.9,35.0,1,4,1
Rural,6589.0,2,7.88,1,4,2,2,1,50.4,61.1,2,7,0
Semi-urban,8112.0,2,12.1,0,2,1,2,1,61.2,59.0,6,6,1
Semi-urban,26537.0,1,27.6,2,7,2,3,1,78.3,88.2,2,8,0
Urban,4877.0,1,8.5,1,5,2,3,2,38.7,45.1,1,3,1
Urban,11678.0,2,2.2,2,6,2,2,3,95.0,52.1,0,8,0
Rural,3015.0,1,22.97,1,6,3,3,1,54.8,59.0,0,7,1
Rural,9854.0,1,3.7,1,10,3,3,3,54.8,56.7,2,7,0
Urban,13816.0,0,13.2,1,6,2,3,1,34.0,47.7,1,8,1
Urban,25753.0,2,1.9,1,5,2,2,3,81.9,53.4,6,5,1
Semi-urban,4459.0,1,2.9,0,6,2,1,2,18.1,90.8,0,7,0
Rural,3240.0,0,0.84,1,8,3,1,3,90.5,58.5,1,8,0
Rural,7953.0,0,0.8,0,5,1,1,3,66.5,88.0,0,10,0
Urban,25772.0,1,17.4,1,4,2,3,2,43.5,52.8,0,9,1
Urban,7466.0,2,5.6,0,6,2,3,2,83.8,39.8,0,5,0
Urban,36690.0,2,6.5,1,8,2,2,2,92.0,78.9,0,9,0
Rural,10659.0,2,17.86,1,6,3,3,1,46.9,56.0,0,5,1
Urban,4349.0,1,3.2,1,7,2,1,2,73.6,63.5,8,4,1
Rural,2506.0,1,14.97,1,4,1,1,2,82.7,64.0,0,2,0
Rural,2949.0,1,15.6,1,3,1,2,2,83.1,62.3,2,7,1
Urban,17107.0,2,1.1,1,6,3,3,3,52.1,58.0,8,8,1
Urban,3129.0,0,18.5,1,3,1,2,3,74.6,62.4,8,8,1
Semi-urban,3257.0,1,15.5,1,6,1,3,2,90.0,57.4,0,7,0
Urban,8692.0,0,16.6,1,5,3,2,1,73.0,35.0,2,4,1
Rural,28749.0,1,4.91,0,3,2,3,1,60.5,78.0,1,10,1
Urban,24811.0,1,0.7,1,8,3,2,2,63.0,66.7,0,6,0
Urban,11039.0,1,1.8,1,9,2,2,2,41.2,44.7,9,3,1
Rural,23320.0,1,36.5,0,5,3,2,2,23.5,61.3,1,8,0
Semi-urban,4367.0,0,18.0,0,5,1,1,3,40.2,35.0,1,4,1
Urban,4809.0,0,11.7,2,9,2,2,3,68.3,39.3,1,7,0
Urban,7490.0,2,24.4,0,6,1,2,3,42.8,45.9,1,3,1
Urban,50000.0,2,2.2,1,5,2,2,1,70.9,59.2,0,7,0
Semi-urban,4736.0,1,4.1,2,6,2,2,2,63.7,99.4,0,8,0
Rural,19773.0,1,2.84,2,9,2,2,2,67.5,61.8,1,5,0
Urban,12087.0,1,1.3,0,3,1,1,3,68.8,57.1,0,9,0
Rural,20074.0,0,4.34,0,2,1,2,2,67.6,63.5,0,7,0
Urban,10069.0,2,0.9,1,5,2,1,2,25.9,62.5,5,7,1
Semi-urban,6722.0,0,5.8,2,6,1,1,3,80.0,35.0,4,6,1
Semi-urban,13789.0,0,0.5,1,4,2,3,3,10.0,49.1,1,5,1
Semi-urban,12502.0,0,17.4,0,4,2,3,1,76.0,83.2,2,7,0
Urban,29632.0,2,4.4,2,6,2,2,2,24.1,60.1,6,5,1
Semi-urban,24947.0,0,6.1,0,10,3,1,3,55.6,55.5,2,9,0
Urban,25857.0,0,4.9,1,8,3,1,3,95.9,72.0,1,10,0
Urban,13809.0,1,9.7,1,4,2,3,2,87.0,40.2,8,8,1
Urban,5132.0,1,6.0,0,9,2,1,3,63.4,86.8,0,7,0
Urban,7131.0,1,9.3,1,6,2,3,3,62.3,86.9,0,6,0
Rural,5706.0,0,2.08,2,7,3,3,2,18.8,38.8,0,8,1
Rural,17018.0,0,3.44,0,8,2,1,3,69.3,63.0,0,4,0
Urban,3531.0,0,6.2,1,6,2,2,3,65.1,97.2,0,8,0
Semi-urban,2000.0,0,20.2,2,4,1,3,3,65.8,61.3,1,4,1
Semi-urban,6066.0,0,19.6,1,5,3,2,1,76.7,47.4,0,10,0
Urban,8295.0,1,18.4,0,9,3,1,2,86.8,75.9,0,6,0
Rural,2000.0,2,9.16,2,7,2,3,3,74.6,70.1,2,9,0
Semi-urban,4262.0,1,23.3,1,4,1,2,3,10.0,66.5,1,4,1
Urban,10800.0,2,4.5,1,8,2,2,3,76.3,67.9,1,5,0
Rural,3757.0,2,3.64,1,6,2,1,2,62.1,61.1,1,9,0
Urban,9728.0,1,31.8,0,2,1,3,1,85.1,77.9,0,6,1
Semi-urban,3942.0,0,6.2,0,3,1,3,1,84.0,48.5,5,7,1
Urban,6711.0,2,27.2,0,6,3,2,3,70.8,37.1,2,5,0
Rural,4793.0,0,7.02,0,8,2,2,2,67.9,97.1,8,10,1
Urban,24943.0,0,24.3,0,6,3,3,1,17.7,69.0,4,5,1
Urban,12529.0,0,7.4,1,5,2,1,2,88.2,77.4,4,8,0
Urban,41022.0,1,0.5,0,4,2,3,1,34.1,44.3,5,4,1
Urban,12513.0,2,9.4,0,9,2,1,2,81.7,52.6,0,6,0
Semi-urban,12385.0,0,4.6,0,6,3,1,3,42.4,45.3,1,4,0
Urban,38625.0,0,10.9,1,10,3,3,3,60.4,65.5,4,6,1
Semi-urban,5607.0,0,3.0,2,7,2,2,2,13.7,52.6,1,6,1
Urban,5517.0,1,1.7,0,7,2,2,3,56.2,71.2,5,8,0
Urban,24034.0,1,10.2,0,6,1,1,3,39.7,65.0,1,2,0
Semi-urban,7796.0,0,5.0,2,4,1,3,2,59.7,49.6,1,6,1
Semi-urban,10743.0,0,14.2,2,6,2,2,2,83.8,63.2,0,6,0
Urban,14323.0,1,1.6,1,6,3,3,3,49.6,67.3,1,6,0
Rural,8327.0,1,24.61,0,4,2,3,1,85.4,94.3,0,6,1
Rural,8770.0,1,12.87,0,4,1,1,3,59.1,72.7,1,5,0
Urban,11195.0,1,8.0,0,10,3,1,3,74.9,72.1,0,7,0
Rural,20250.0,2,24.9,1,8,2,2,3,61.8,62.6,0,5,0
Semi-urban,11857.0,0,13.2,2,5,1,3,2,84.7,64.2,1,4,1
Semi-urban,7956.0,0,29.6,0,7,2,3,2,78.9,40.2,0,7,0
Rural,6134.0,1,3.68,0,6,2,2,2,22.5,73.0,3,9,1
Urban,10172.0,0,19.6,0,9,2,2,3,86.5,77.1,0,4,0
Rural,13157.0,2,3.22,2,4,1,1,1,93.6,88.9,6,6,1
Urban,37123.0,1,0.9,1,10,3,2,3,74.3,51.2,1,7,0
Urban,24645.0,1,13.5,2,5,1,3,2,62.2,52.0,1,5,1
Semi-urban,21457.0,1,0.5,1,5,3,2,2,20.5,44.4,1,10,0
Urban,10480.0,0,0.5,2,7,2,3,3,56.7,78.0,1,7,0
Urban,7852.0,0,21.7,1,1,1,3,1,60.6,66.3,0,9,1
Rural,5634.0,1,0.76,2,6,2,3,2,34.2,36.1,0,7,1
Rural,10972.0,0,0.74,2,6,2,2,2,82.0,65.4,0,8,0
Urban,10378.0,1,4.7,0,10,3,1,2,92.8,79.5,1,6,0
Urban,9639.0,2,0.9,0,5,3,2,1,65.7,66.4,0,6,0
Semi-urban,11145.0,2,0.5,1,7,2,2,2,97.8,62.7,3,4,0
Rural,4538.0,1,1.98,2,5,1,3,2,52.5,39.8,0,8,1
Urban,7060.0,0,6.6,1,5,2,3,1,17.4,35.0,1,7,1
Semi-urban,2919.0,2,36.3,2,8,2,1,3,10.0,39.0,1,6,1
Urban,8592.0,0,4.7,0,2,1,2,1,80.5,95.2,0,7,0
Rural,16625.0,1,6.18,2,5,2,3,2,48.8,61.0,9,6,1
Rural,3464.0,1,23.36,2,10,3,3,2,52.3,69.9,1,10,0
Rural,6651.0,0,0.73,0,6,2,3,3,64.7,73.7,0,10,0
Semi-urban,8177.0,1,10.4,0,2,1,3,1,60.2,53.9,2,6,1
Semi-urban,10790.0,0,10.9,1,6,2,2,2,84.8,55.8,0,7,0
Semi-urban,27774.0,1,2.5,1,6,2,2,2,78.6,100.0,0,9,0
Urban,6655.0,0,11.7,0,5,2,2,2,66.0,88.4,2,7,0
Semi-urban,7138.0,2,12.4,0,6,1,1,3,15.0,78.3,7,5,1
Rural,46066.0,0,22.49,0,5,2,2,2,56.3,76.9,1,8,0
Rural,3633.0,1,5.36,1,9,3,1,2,39.3,76.2,2,6,0
Semi-urban,9436.0,1,9.5,1,8,2,3,2,62.7,64.9,0,9,0
Rural,5234.0,2,22.24,1,9,3,2,1,56.9,38.8,1,10,0
Semi-urban,2429.0,0,15.9,0,6,3,3,3,43.4,40.2,0,4,1
Semi-urban,5176.0,2,0.5,1,6,3,1,2,79.7,67.5,0,6,0
Rural,7791.0,2,6.94,1,8,3,1,2,83.0,56.1,0,6,0
Semi-urban,6058.0,0,0.5,1,5,1,1,3,54.8,56.7,1,8,0
Rural,2000.0,1,1.16,0,4,1,2,2,28.7,61.0,1,8,0
Urban,21207.0,1,15.6,0,6,2,1,2,67.7,74.9,0,6,0
Semi-urban,3900.0,2,7.6,1,8,3,1,1,49.1,66.1,2,6,0
Semi-urban,4535.0,0,12.3,0,5,1,2,3,81.6,86.8,0,8,0
Semi-urban,11107.0,2,2.5,0,5,2,1,2,86.0,100.0,0,8,0
Rural,4189.0,1,10.81,1,5,1,1,3,39.6,35.0,0,1,1
Urban,21614.0,1,0.8,1,9,2,2,2,43.9,49.4,6,4,1
Semi-urban,16762.0,1,8.4,1,7,2,2,2,92.4,69.2,0,6,0
Urban,6823.0,1,13.6,1,5,2,2,3,92.1,75.7,0,8,0
Urban,5528.0,0,7.6,0,4,2,2,1,43.0,74.3,1,8,0
Semi-urban,5154.0,2,11.0,1,6,2,3,2,44.7,53.7,7,3,1
Urban,23577.0,1,33.6,2,3,1,2,1,18.0,49.9,3,2,1
Rural,7248.0,1,19.75,0,9,2,1,2,61.9,35.5,0,5,0
Rural,10851.0,2,3.94,0,4,3,3,1,59.9,48.8,7,7,1
Urban,13977.0,2,7.0,1,8,2,1,2,68.6,65.7,0,4,0
Urban,30270.0,0,0.5,2,4,2,2,1,66.4,72.6,1,6,0
Semi-urban,20336.0,1,3.1,1,6,2,1,3,85.0,74.6,3,7,0
Semi-urban,8549.0,0,5.6,2,9,2,2,3,75.4,69.2,5,5,1
Urban,10208.0,0,5.3,1,6,2,1,3,71.7,72.4,0,7,0
Semi-urban,13720.0,1,4.9,1,5,2,3,3,58.8,83.5,0,7,0
Urban,35348.0,1,5.5,0,5,2,3,1,94.5,100.0,0,8,0
Rural,7483.0,1,12.38,2,5,2,2,2,40.5,79.8,1,7,0
Urban,14248.0,1,26.2,0,4,3,1,2,82.4,92.1,0,6,0
Semi-urban,4461.0,0,9.2,1,7,2,3,1,46.8,50.5,0,10,1
Urban,26946.0,0,3.0,2,8,2,2,2,69.1,62.9,3,8,0
Semi-urban,10258.0,1,3.2,0,2,1,3,1,73.3,85.9,0,6,0
Urban,22870.0,1,9.7,1,6,1,2,2,42.0,50.2,3,3,1
Rural,11055.0,1,39.36,1,7,2,1,2,34.5,49.7,4,10,1
Rural,19392.0,1,1.62,1,6,2,2,2,67.0,70.1,0,8,0
Semi-urban,34410.0,1,1.4,1,7,2,2,2,81.5,35.0,0,6,0
Rural,9639.0,0,11.39,1,10,2,1,3,71.9,38.7,1,8,0
Urban,6448.0,0,8.2,1,4,1,2,2,70.1,70.1,0,7,0
Urban,21365.0,0,39.9,0,5,1,1,2,82.5,94.2,0,6,0
Urban,18334.0,1,5.8,2,9,3,2,2,17.0,66.9,1,10,0
Urban,24834.0,0,2.6,1,8,2,3,2,68.0,79.7,0,7,0
Urban,9857.0,0,3.5,2,5,2,3,1,53.6,44.2,1,8,1
Semi-urban,7310.0,1,18.0,2,2,1,1,1,52.8,49.5,2,6,1
Semi-urban,6260.0,0,12.2,0,4,1,2,3,74.1,82.9,6,9,1
Urban,15190.0,0,35.1,1,9,2,1,3,22.0,61.8,1,8,0
Semi-urban,20140.0,2,5.7,0,7,2,1,2,23.9,90.4,0,9,0
Rural,6353.0,1,19.93,2,8,2,1,3,55.1,59.5,4,6,1
Urban,40452.0,0,1.5,1,3,1,1,3,24.4,36.7,0,7,1
Rural,3142.0,0,13.35,2,2,1,3,1,67.9,44.5,0,6,1
Semi-urban,3661.0,0,1.4,2,2,2,3,1,55.7,64.9,4,4,1
Semi-urban,4151.0,1,0.5,1,5,2,2,2,68.3,38.5,0,8,0
Semi-urban,37662.0,1,9.0,0,5,1,3,2,73.1,68.1,2,5,0
Semi-urban,6862.0,0,10.2,0,9,2,1,3,76.7,55.6,5,3,1
Urban,4188.0,2,1.1,0,10,3,2,2,48.7,65.5,7,5,1
Rural,4460.0,1,1.17,0,4,3,3,2,49.9,37.3,0,9,1
Urban,41966.0,2,0.5,1,6,2,3,1,88.0,92.0,0,5,0
Semi-urban,8184.0,1,13.1,0,6,2,1,2,10.0,81.2,1,10,0
Urban,50000.0,1,13.3,1,9,2,1,3,44.9,83.1,4,9,0
Rural,2042.0,0,1.67,1,5,1,2,2,75.4,69.2,2,7,1
Semi-urban,3781.0,1,0.8,0,4,2,2,2,18.3,57.5,0,6,0
Urban,6066.0,2,0.6,2,4,2,3,1,47.7,56.6,1,7,0
Rural,8297.0,1,0.88,1,2,2,3,1,63.8,73.8,0,8,1
Semi-urban,11109.0,0,1.2,0,6,1,1,3,86.1,81.1,0,6,0
Rural,15431.0,0,0.67,0,3,1,2,2,15.3,74.3,1,10,1
Rural,4036.0,1,17.6,0,3,1,3,1,38.0,64.2,1,6,1
Semi-urban,6572.0,0,1.3,2,4,2,3,2,58.9,35.0,0,6,1
Semi-urban,6446.0,0,1.2,0,3,3,2,1,10.0,63.6,1,7,1
Urban,21211.0,2,1.2,0,7,3,2,2,60.0,54.3,1,8,0
Rural,8391.0,1,0.74,0,9,2,2,3,52.1,86.9,1,8,0
Semi-urban,8239.0,0,13.5,1,9,3,2,3,59.4,46.6,7,8,1
Semi-urban,12479.0,0,4.6,1,7,2,2,3,53.9,79.8,2,5,0
Semi-urban,2000.0,1,1.0,1,6,3,3,1,62.0,66.8,0,8,0
Semi-urban,3770.0,0,3.8,0,8,3,1,3,69.5,52.6,3,7,0
Semi-urban,2692.0,0,33.4,2,7,2,1,3,14.7,68.1,2,10,0
Semi-urban,4263.0,2,11.8,2,8,3,1,3,52.3,54.9,1,5,0
Urban,17082.0,0,3.1,1,3,1,3,1,61.0,86.3,0,6,1
Rural,6147.0,0,6.72,0,6,2,2,2,66.6,44.8,0,6,0
Urban,12108.0,0,0.7,2,6,2,3,1,54.6,35.0,1,3,1
Semi-urban,7053.0,1,5.2,0,8,2,2,3,78.2,73.3,0,7,0
Rural,33600.0,1,24.98,0,5,2,1,1,88.8,100.0,1,8,0
Semi-urban,12945.0,0,6.7,1,4,2,2,1,61.4,63.2,0,4,0
Urban,8173.0,1,1.1,2,8,2,1,3,82.5,51.5,0,3,0
Urban,12596.0,1,4.1,0,5,2,1,3,31.8,79.2,3,8,0
Urban,29842.0,0,10.4,0,3,1,2,3,52.0,45.3,0,4,0
Urban,21530.0,2,1.9,1,9,2,1,2,33.2,46.2,3,5,1
Urban,14429.0,1,12.0,1,6,2,2,3,73.2,99.6,0,8,0
Rural,3975.0,1,29.9,2,7,2,1,3,69.4,49.4,5,4,1
Urban,27892.0,2,4.7,2,5,3,1,2,48.0,35.0,1,5,1
Urban,4659.0,2,12.3,2,2,1,2,2,56.6,46.2,0,6,1
Urban,50000.0,0,19.3,0,7,2,2,3,82.6,93.1,9,7,1
Urban,20476.0,0,2.3,2,4,1,2,2,86.7,67.3,0,3,0
Semi-urban,22376.0,2,3.3,1,8,2,1,2,50.8,36.9,1,9,0
Semi-urban,4801.0,1,2.7,0,5,1,1,3,79.5,90.1,1,5,0
Urban,29641.0,0,21.4,0,4,2,3,2,44.1,63.8,1,6,1
Semi-urban,24642.0,1,4.1,0,2,1,2,1,67.4,63.0,0,6,0
Urban,18270.0,0,1.5,1,4,2,1,3,65.3,99.4,0,8,0
Urban,16213.0,0,14.4,1,10,3,2,2,25.7,46.7,7,6,1
Urban,20067.0,0,5.8,1,7,3,3,2,65.0,37.5,0,7,0
Urban,13782.0,1,4.2,1,4,2,3,1,71.8,78.1,1,7,0
Semi-urban,43026.0,1,0.5,0,3,2,2,1,85.3,95.8,0,8,0
Rural,4610.0,0,38.11,0,5,1,1,2,23.4,56.7,1,7,1
Urban,5434.0,1,8.0,2,5,1,1,3,98.1,59.1,0,9,0
Urban,11551.0,0,29.1,1,8,2,1,2,32.8,45.2,3,6,1
Rural,20176.0,1,9.65,1,3,1,2,2,97.3,44.4,0,10,0
Semi-urban,10444.0,1,15.2,1,5,2,1,2,26.4,63.6,4,5,1
Semi-urban,15593.0,0,2.2,2,9,3,3,2,49.6,36.2,1,3,1
Rural,10810.0,0,3.57,1,9,3,3,2,77.7,70.8,0,8,0
Urban,10546.0,2,11.5,0,8,2,1,2,54.9,66.8,0,8,0
Urban,15392.0,0,3.4,1,6,1,3,2,81.7,77.9,4,7,1
Urban,7587.0,2,11.0,1,8,3,3,1,23.6,54.3,2,8,0
Rural,4996.0,0,5.82,1,8,3,3,2,96.7,52.0,4,9,1
Rural,6391.0,1,3.01,1,5,1,2,2,35.9,81.3,4,8,1
Rural,3293.0,0,12.88,1,5,1,2,2,74.1,58.6,0,7,1
Rural,24094.0,0,2.01,0,4,3,3,2,15.3,56.5,1,8,1
Semi-urban,16971.0,1,9.2,2,4,1,1,2,71.1,42.1,5,5,1
Semi-urban,12021.0,2,8.0,1,7,2,1,3,43.3,36.0,1,6,0
Semi-urban,18278.0,1,9.2,0,9,2,1,2,58.9,53.9,8,8,1
Rural,4248.0,0,12.94,1,6,3,2,1,18.5,35.0,0,7,1
Urban,9156.0,2,13.6,0,6,2,3,2,29.6,65.5,0,8,0
Rural,6598.0,1,35.89,2,10,2,2,3,48.6,76.3,2,7,1
Urban,50000.0,2,1.5,0,3,1,2,2,57.2,60.6,1,6,0
Rural,6719.0,1,5.91,2,9,2,2,2,48.5,55.6,0,6,1
Semi-urban,3094.0,0,0.7,1,9,3,3,2,10.0,81.1,2,6,0
Semi-urban,41081.0,0,0.7,1,3,2,1,3,36.2,49.9,1,8,0
Urban,18078.0,0,0.6,1,4,1,3,3,41.6,69.7,1,9,0
Rural,5479.0,1,6.55,2,3,2,3,1,87.1,90.4,0,8,1
Rural,5217.0,1,50.0,2,10,3,2,2,75.6,47.4,0,9,0
Semi-urban,8885.0,2,5.8,1,3,2,3,1,66.6,90.3,0,8,0
Semi-urban,9868.0,1,8.6,0,5,2,3,1,50.2,87.0,3,9,1
Rural,6987.0,1,2.61,1,6,3,3,1,55.4,54.8,0,5,1
Semi-urban,12262.0,0,4.4,0,2,1,3,2,84.3,78.0,0,8,1
Rural,11509.0,2,4.72,0,7,2,2,3,67.6,35.0,0,4,0
Semi-urban,17091.0,0,8.4,0,8,3,1,2,35.1,65.9,1,7,0
Rural,10057.0,0,0.66,0,2,2,3,1,47.5,35.0,1,2,1
Urban,20932.0,1,0.5,0,2,1,1,3,73.3,93.5,0,7,0
Urban,15171.0,1,2.1,1,7,2,1,2,69.4,52.7,0,5,0
Urban,16273.0,0,7.2,0,6,2,1,2,75.4,67.4,0,6,0
Rural,4925.0,2,4.54,1,4,2,2,2,60.2,77.7,0,7,0
Semi-urban,25502.0,0,2.3,0,4,3,2,3,62.9,47.4,8,5,1
Semi-urban,9617.0,1,0.5,0,4,1,2,2,82.5,94.4,0,6,0
Urban,30409.0,1,7.4,0,7,2,2,3,73.7,65.4,0,6,0
Semi-urban,10247.0,0,18.1,1,6,3,3,2,30.0,81.2,5,9,1
Urban,10238.0,1,6.6,1,6,2,3,2,87.5,59.9,0,6,0
Semi-urban,4533.0,0,11.1,1,6,2,1,2,78.3,61.0,3,5,0
Semi-urban,5079.0,0,7.4,0,10,3,2,1,58.1,76.8,1,10,0
Semi-urban,16951.0,0,7.8,1,8,3,2,2,21.9,78.2,2,6,0
Urban,25855.0,1,22.0,1,8,2,1,2,64.5,68.8,0,8,0
Rural,19165.0,0,6.94,0,6,3,3,1,89.0,88.5,1,10,0
Rural,21290.0,0,11.53,0,6,1,2,3,12.3,68.4,1,8,0
Urban,39067.0,0,11.1,0,2,2,3,1,16.7,42.4,1,10,1
Rural,13707.0,2,0.89,0,2,1,3,1,66.7,43.5,1,8,1
Rural,7019.0,0,16.88,0,7,3,3,1,51.7,68.5,1,9,0
Urban,8635.0,1,0.5,0,4,1,2,1,63.0,68.5,6,7,1
Semi-urban,25437.0,0,8.1,2,6,3,1,2,41.7,54.0,7,6,1
Urban,6395.0,0,7.4,1,10,3,2,2,48.4,41.6,1,7,0
Urban,7129.0,1,3.3,0,7,2,3,2,42.3,79.2,3,6,0
Rural,5428.0,2,1.27,0,7,3,2,2,10.6,63.2,2,5,0
Rural,4059.0,0,1.82,1,3,1,2,1,94.1,96.6,0,6,0
Rural,24622.0,1,28.58,0,7,3,3,2,38.0,42.6,2,7,1
Rural,11245.0,0,11.13,0,1,1,3,1,16.4,35.0,1,7,1
Urban,6453.0,1,9.7,0,6,3,3,2,64.8,59.4,0,7,0
Rural,3031.0,2,2.72,2,6,1,1,2,38.5,67.8,8,5,1
Semi-urban,7974.0,0,6.4,0,3,3,2,1,79.5,44.6,2,6,1
Rural,36977.0,1,15.31,0,4,1,2,2,58.4,64.0,0,7,0
Semi-urban,35191.0,0,18.8,0,6,3,3,1,62.3,79.2,0,7,0
Semi-urban,13781.0,1,21.9,1,6,2,3,1,11.3,35.0,0,7,1
Semi-urban,16807.0,0,0.7,0,6,2,2,2,78.4,48.0,0,7,0
Rural,25203.0,0,21.78,0,6,3,3,1,77.4,67.6,0,7,0
Rural,8072.0,0,30.69,1,10,3,2,2,53.9,64.1,1,7,0
Urban,37014.0,0,8.0,0,6,1,2,3,68.8,74.1,4,6,1
Urban,9188.0,1,0.5,1,10,3,1,3,75.8,35.0,0,4,0
Rural,6079.0,2,8.0,1,6,3,3,3,40.3,64.8,3,5,1
Semi-urban,8121.0,1,0.5,1,8,2,3,2,73.6,50.7,0,4,0
Semi-urban,7257.0,2,0.8,2,6,2,2,3,61.8,66.7,0,10,0
Semi-urban,16215.0,0,3.0,1,6,2,2,1,85.0,64.7,2,7,0
Rural,37418.0,1,9.85,2,6,1,3,2,90.5,76.3,0,8,0
Semi-urban,19738.0,2,11.0,0,8,3,2,2,84.6,35.0,0,4,0
Rural,24950.0,0,19.67,2,5,2,2,2,75.6,49.5,0,6,0
Semi-urban,27168.0,0,2.9,1,6,2,3,3,60.5,79.4,0,4,0
Rural,5554.0,0,0.68,2,5,3,3,1,50.5,38.0,2,7,1
Semi-urban,2464.0,0,6.6,1,4,1,3,2,55.9,78.8,0,7,1
Urban,31612.0,0,2.7,0,8,3,1,3,77.9,51.9,0,4,0
Semi-urban,7724.0,1,3.5,1,6,2,2,1,11.1,68.4,1,10,0
Semi-urban,10514.0,0,2.6,1,5,1,2,2,58.7,64.8,2,6,1
Rural,3846.0,0,29.55,0,10,2,2,3,20.7,84.0,1,6,0
Urban,10577.0,1,0.5,1,5,1,1,2,29.9,46.4,2,7,0
Urban,8425.0,1,1.8,2,5,2,2,2,76.7,55.2,0,6,0
Rural,5194.0,2,1.06,2,6,1,2,3,92.8,55.9,0,7,0
Urban,7078.0,0,14.7,1,6,2,3,1,43.4,52.1,4,3,1
Rural,5890.0,0,5.49,0,6,3,2,2,37.4,72.1,0,8,0
Rural,15055.0,1,11.52,2,5,2,2,2,14.9,48.2,1,9,0
Semi-urban,2000.0,1,3.5,2,6,2,2,1,90.1,100.0,4,10,1
Urban,11233.0,1,6.4,1,5,2,1,2,58.2,63.9,5,2,1
Rural,3228.0,1,4.3,2,4,1,1,2,76.9,54.3,0,4,0
Rural,4506.0,0,0.82,1,7,3,2,3,80.8,51.4,1,7,0
Rural,3608.0,1,1.2,2,4,1,1,3,56.2,64.1,1,5,0
Rural,29320.0,0,8.99,1,5,2,2,1,50.7,53.7,0,7,0
Rural,7750.0,1,18.46,0,7,2,1,2,50.5,50.4,1,6,0
Semi-urban,10506.0,1,3.2,0,4,1,1,2,12.7,60.0,7,10,1
Semi-urban,13813.0,0,8.7,1,7,3,1,1,44.6,40.2,1,8,0
Urban,34970.0,1,16.9,1,10,2,2,3,29.8,53.6,5,7,1
Semi-urban,11964.0,1,1.8,1,8,2,2,3,88.2,52.3,0,7,0
Semi-urban,19812.0,2,5.0,0,2,2,2,1,56.8,92.0,0,9,0
Semi-urban,5230.0,1,4.8,1,7,3,2,3,67.4,76.3,0,4,0
Urban,8343.0,1,10.8,1,3,1,2,3,74.8,35.0,0,7,0
Rural,10233.0,1,18.09,0,5,3,3,2,70.1,73.2,0,9,0
Semi-urban,23572.0,2,4.5,0,5,2,3,1,46.3,75.9,4,8,1
Urban,5542.0,2,1.4,0,9,3,3,1,85.6,92.5,0,4,0
Rural,18037.0,1,30.55,0,8,2,2,1,50.8,36.8,0,6,0
Rural,17225.0,0,0.89,1,7,2,3,1,19.2,35.0,1,6,1
Urban,16105.0,1,1.4,1,9,2,2,3,86.4,63.9,0,9,0
Semi-urban,29967.0,1,11.4,0,8,2,3,2,51.9,45.8,0,6,0
Semi-urban,21089.0,1,6.0,2,9,2,2,2,67.8,81.5,0,9,0
Urban,20495.0,1,11.3,1,7,2,2,2,69.4,67.6,7,5,1
Rural,14125.0,1,21.37,2,7,3,2,1,70.2,46.9,1,6,1
Semi-urban,19242.0,0,20.5,1,4,1,2,2,86.6,40.5,3,6,1
Urban,3538.0,0,0.6,1,5,2,3,3,55.4,93.8,0,7,0
Rural,7268.0,0,7.73,0,4,2,3,3,96.9,58.2,4,3,1
Semi-urban,11640.0,0,1.8,0,4,2,3,1,50.7,51.7,0,6,1
Urban,27162.0,0,9.1,0,10,3,3,2,22.4,71.5,0,7,0
Rural,22316.0,1,2.44,1,7,2,1,3,71.5,55.5,6,7,1
Semi-urban,10777.0,0,0.8,0,2,1,2,1,58.8,94.0,3,8,1
Semi-urban,25403.0,1,2.7,1,4,2,3,2,26.6,74.1,0,7,0
Urban,4894.0,1,1.7,0,4,2,3,1,22.4,47.0,1,7,1
Urban,10966.0,2,5.1,1,9,2,2,3,35.8,58.2,1,4,0
Rural,4268.0,1,14.49,1,4,1,3,3,65.8,92.3,0,10,0
Urban,33339.0,2,2.9,1,6,3,2,2,43.2,69.0,0,7,0
Urban,10404.0,1,19.6,2,2,1,3,2,53.7,52.8,0,8,1
Urban,30978.0,0,3.3,2,6,2,1,3,43.9,41.0,0,7,0
Rural,9622.0,0,26.55,1,3,2,1,3,58.6,37.8,1,7,1
Rural,7358.0,2,6.44,2,6,3,2,1,65.8,46.2,1,4,0
Urban,11201.0,2,0.5,1,9,3,2,3,45.7,69.4,4,7,0
Semi-urban,10692.0,1,0.8,1,5,2,1,1,64.0,51.9,7,5,1
Rural,12346.0,1,1.5,2,9,3,3,2,11.0,57.4,1,8,0
Semi-urban,4488.0,0,10.4,0,7,2,3,2,66.1,62.8,0,9,0
Urban,12382.0,1,11.2,2,9,2,1,2,29.7,45.8,1,3,0
Urban,6159.0,0,3.0,0,2,1,3,1,62.2,36.1,0,7,1
Rural,16317.0,1,5.42,1,10,2,1,3,66.3,83.6,0,5,0
Urban,11919.0,2,3.9,2,10,3,2,3,71.1,57.6,0,6,0
Urban,11606.0,0,10.5,2,5,1,2,2,14.8,49.9,1,8,1
Urban,6804.0,0,1.0,0,4,1,3,2,63.7,47.4,0,4,1
Rural,6661.0,1,21.37,1,7,2,1,3,77.2,60.4,0,6,0
Urban,4780.0,1,2.1,0,6,2,1,2,41.3,61.8,1,10,0
Urban,22805.0,2,2.6,0,3,1,2,1,83.0,88.9,0,6,0
Semi-urban,7609.0,0,6.5,1,9,3,2,3,69.8,65.5,0,8,0
Rural,2000.0,1,5.21,1,7,3,3,1,80.7,51.4,0,6,0
Urban,8970.0,0,3.8,0,7,2,1,2,85.0,70.3,5,6,0
Urban,10457.0,1,8.4,0,5,2,2,2,23.9,39.4,0,7,0
Urban,19080.0,2,9.2,1,3,3,3,1,66.6,72.4,0,7,0
Urban,12542.0,1,2.9,2,8,2,3,2,64.7,61.7,5,7,1
Urban,26964.0,0,12.5,1,7,3,3,2,48.5,55.0,1,8,0
Rural,2156.0,0,14.27,0,7,2,1,2,81.1,76.7,0,3,0
Rural,8713.0,1,1.29,0,5,2,2,2,68.5,61.7,0,9,0
Urban,40047.0,0,3.4,0,9,2,2,2,32.0,80.9,1,7,0
Urban,45866.0,0,8.1,2,9,3,2,2,83.9,61.0,0,4,0
Urban,17788.0,1,18.6,1,6,2,3,1,96.2,83.1,2,7,0
Semi-urban,8712.0,1,6.7,0,9,3,1,2,37.2,73.3,1,6,0
Urban,4720.0,1,2.9,0,7,3,1,2,67.4,40.4,0,6,0
Urban,29236.0,1,5.1,1,2,1,2,1,35.0,59.6,0,7,0
Urban,25257.0,0,3.8,1,10,3,2,2,93.0,48.8,2,7,0
Semi-urban,18608.0,1,1.3,1,7,3,2,3,93.9,77.7,1,7,0
Semi-urban,18535.0,2,24.6,0,9,3,1,2,62.4,59.8,0,10,0
Rural,10141.0,2,0.87,1,4,2,3,1,35.3,57.0,0,7,1
Semi-urban,4678.0,1,6.6,0,7,2,2,3,53.6,60.4,1,7,0
Rural,19744.0,1,7.68,0,9,2,3,3,90.2,82.2,0,4,0
Semi-urban,3901.0,1,7.9,2,3,2,3,1,74.7,50.9,3,8,1
Urban,35752.0,1,1.4,0,5,2,2,3,95.0,59.0,1,6,0
Semi-urban,13052.0,1,2.7,1,6,3,2,1,82.2,49.7,2,6,0
Semi-urban,17602.0,2,8.5,1,4,2,1,3,65.4,35.0,2,6,0
Semi-urban,12490.0,0,5.4,2,7,2,2,2,48.9,76.8,1,7,0
Rural,6660.0,2,50.0,1,6,3,3,1,33.7,45.9,1,7,1
Urban,14055.0,2,14.1,0,3,2,2,1,68.8,97.8,7,6,1
Rural,11028.0,1,2.25,0,4,3,3,3,61.3,88.3,0,5,0
Urban,12667.0,0,0.5,1,6,2,3,2,69.8,55.5,2,7,1
Urban,29392.0,0,7.0,1,6,2,1,3,96.4,58.8,3,10,0
Semi-urban,8378.0,0,10.7,1,8,2,2,2,44.2,69.5,0,6,0
Rural,4369.0,1,26.26,1,9,2,3,3,61.2,53.7,0,5,0
Urban,5931.0,0,12.8,1,3,2,1,3,14.4,49.1,1,6,1
Semi-urban,22891.0,0,21.6,0,10,3,1,3,84.3,43.8,0,6,0
Semi-urban,11519.0,2,3.3,1,5,2,3,3,46.8,45.0,0,10,1
Urban,9233.0,0,4.2,0,8,3,2,3,29.1,37.8,1,7,0
Semi-urban,14526.0,0,1.5,0,6,3,1,1,68.8,78.5,9,7,1
Urban,9259.0,2,5.3,0,5,2,2,2,11.6,66.7,6,6,1
Urban,50000.0,2,4.0,0,6,1,2,3,35.7,35.0,0,6,0
Urban,23016.0,1,3.6,1,4,2,3,1,18.5,40.2,0,4,0
Rural,3290.0,2,44.47,0,8,2,2,2,68.6,71.3,0,7,0
Urban,50000.0,0,5.1,0,3,1,1,2,76.0,49.4,2,6,1
Semi-urban,8650.0,0,2.0,0,3,2,2,1,44.8,100.0,1,10,1
Rural,19236.0,1,22.0,0,8,2,2,3,42.6,93.7,1,9,0
Semi-urban,29347.0,0,11.1,1,7,2,2,3,80.9,90.5,5,10,0
Semi-urban,13015.0,0,12.7,2,7,2,2,2,58.7,39.5,0,4,0
Rural,4042.0,1,12.12,0,3,1,2,2,82.4,43.5,0,5,0
Semi-urban,15445.0,2,5.4,0,5,3,2,1,25.0,55.9,1,5,0
Urban,9354.0,1,15.6,0,6,1,2,2,81.2,82.2,0,7,0
Rural,4984.0,2,12.94,0,6,2,1,3,39.8,68.2,0,5,0
Rural,30233.0,1,17.45,1,5,1,3,2,45.6,62.7,0,7,0
Semi-urban,2947.0,1,1.5,1,4,2,2,1,76.9,39.9,4,6,1
Rural,26282.0,1,50.0,0,4,2,3,1,49.6,80.4,1,8,0
Rural,5579.0,0,40.61,0,10,3,1,3,72.9,71.6,0,7,0
Rural,12567.0,2,3.04,1,5,2,2,2,19.5,42.5,4,8,1
Urban,12507.0,0,1.9,2,6,2,3,1,83.0,75.9,1,8,0
Rural,8790.0,1,9.07,1,9,3,1,2,44.0,54.9,2,9,1
Rural,25933.0,1,1.1,1,6,2,2,1,91.3,78.8,0,3,0
Semi-urban,11165.0,0,30.0,0,7,3,1,3,38.3,66.6,1,9,0
Urban,7604.0,2,6.9,2,3,3,3,1,70.1,36.0,0,6,0
Rural,17883.0,1,4.62,1,3,1,2,2,54.7,38.6,0,8,1
Urban,35450.0,0,12.1,0,4,1,2,2,10.0,54.8,5,10,1
Urban,9123.0,0,1.6,1,1,3,3,1,72.3,80.1,0,7,1
Rural,6793.0,2,6.1,0,6,3,1,2,84.1,53.2,9,5,1
Semi-urban,35828.0,2,7.4,1,5,2,3,3,62.5,56.0,0,8,0
Rural,12263.0,1,15.92,0,10,3,1,3,85.9,52.7,0,9,0
Urban,26592.0,0,29.2,2,5,1,2,2,43.2,51.1,0,4,1
Semi-urban,13995.0,1,7.4,0,7,2,1,2,74.9,42.8,1,7,0
Urban,30546.0,0,6.9,1,4,1,3,3,44.1,49.9,2,7,1
Rural,5335.0,1,38.4,0,3,2,3,3,35.4,42.0,1,8,1
Rural,7224.0,1,29.86,2,4,2,2,1,73.1,48.9,0,6,1
Urban,36383.0,1,2.6,2,8,3,2,1,52.1,57.5,5,4,1
Urban,8472.0,1,3.5,1,1,1,3,2,61.3,35.0,1,4,1
Urban,24943.0,0,5.3,1,10,3,2,2,81.2,44.3,0,3,0
Urban,14149.0,1,5.9,0,4,3,3,2,49.1,45.7,0,7,0
Rural,4700.0,1,7.03,1,5,2,1,2,89.0,50.4,0,7,0
Semi-urban,4594.0,2,1.5,1,7,2,2,2,73.6,65.0,0,8,0
Rural,8899.0,0,9.41,0,4,2,2,3,36.1,61.1,0,8,0
Rural,11752.0,0,2.06,2,9,3,1,2,70.4,60.8,0,7,0
Semi-urban,8603.0,1,12.4,1,10,3,2,2,89.5,70.2,0,6,0
Semi-urban,8044.0,0,9.1,0,6,1,3,2,15.9,85.5,2,8,1
Rural,4395.0,1,14.92,1,3,2,3,1,67.6,66.4,0,6,1
Rural,12758.0,1,5.38,2,3,1,3,2,68.6,56.9,1,9,1
Rural,32601.0,1,2.88,0,8,3,1,2,68.6,100.0,0,8,0
Urban,9326.0,0,5.7,0,7,3,1,2,21.8,38.1,1,8,1
Semi-urban,20706.0,0,5.1,1,5,2,3,3,10.0,65.4,3,3,1
Semi-urban,24789.0,1,2.6,0,5,2,2,1,68.5,77.6,3,10,0
Urban,8282.0,1,4.9,0,4,1,3,2,75.1,50.3,0,3,0
Semi-urban,2701.0,0,13.6,0,6,2,3,3,55.3,62.5,0,10,1
Rural,2984.0,0,30.37,0,7,3,3,3,54.8,59.0,0,5,1
Urban,2319.0,0,6.2,1,7,2,2,3,79.6,64.6,0,8,0
Semi-urban,16023.0,0,3.1,0,7,2,1,3,51.3,86.3,1,7,0
Rural,5044.0,0,0.72,1,5,3,2,1,57.1,53.9,0,8,0
Rural,19956.0,0,4.19,0,5,1,1,3,96.1,64.9,0,9,0
Urban,6636.0,1,4.8,1,3,1,2,2,34.1,76.5,1,10,1
Urban,3725.0,1,0.6,0,10,2,1,3,97.4,82.3,2,8,0
Rural,6999.0,1,35.49,2,6,2,1,2,55.5,79.8,0,9,1
Semi-urban,50000.0,0,0.5,1,3,1,2,2,56.2,74.9,2,7,1
Semi-urban,5195.0,2,0.7,1,7,2,1,2,33.2,56.5,1,5,0
Semi-urban,8850.0,0,0.6,1,7,1,1,3,48.7,69.4,1,5,0
Rural,2797.0,0,0.86,0,8,2,2,3,51.4,59.4,4,8,1
Semi-urban,22471.0,2,4.6,2,5,3,3,2,34.8,59.6,1,8,1
Semi-urban,29464.0,1,0.5,0,3,1,3,1,19.6,59.6,1,6,1
Urban,16873.0,2,26.1,0,10,2,1,3,53.8,86.6,4,8,0
Semi-urban,10845.0,1,1.4,0,4,2,3,2,21.8,68.4,2,8,1
Semi-urban,6035.0,0,10.3,1,5,2,3,1,71.5,64.6,8,6,1
Rural,23675.0,1,1.88,2,6,2,3,3,60.0,71.8,0,6,0
Urban,16960.0,1,7.0,2,1,1,3,1,13.8,51.0,2,7,1
Rural,3695.0,0,12.53,2,7,2,2,2,47.6,65.1,1,7,1
Urban,12557.0,0,1.2,1,8,2,1,2,26.5,59.3,2,7,1
Rural,2302.0,0,0.76,2,3,1,3,2,44.9,46.9,1,6,1
Rural,3587.0,0,4.18,1,3,1,3,1,61.5,43.4,2,9,1
Semi-urban,27765.0,0,14.6,1,4,1,1,2,42.8,48.2,9,3,1
Urban,4150.0,0,16.8,0,3,1,2,2,41.7,73.7,1,5,1
Rural,7222.0,0,6.88,0,6,2,3,2,57.0,61.8,3,8,1
Semi-urban,5059.0,1,2.8,0,9,2,3,2,86.6,76.7,1,7,0
Urban,29075.0,1,0.5,0,5,2,2,1,72.7,46.6,0,8,0
Urban,26140.0,0,2.0,0,7,2,1,2,32.6,45.6,2,7,0
Rural,6244.0,1,17.82,0,10,2,3,3,91.4,59.8,0,6,0
Semi-urban,6910.0,2,16.6,1,5,2,3,3,36.3,49.8,3,3,1
Rural,19856.0,2,7.58,1,2,2,2,3,66.5,58.3,1,7,1
Urban,9269.0,2,3.1,1,6,2,2,1,65.8,66.4,1,4,0
Urban,10472.0,2,13.6,2,8,3,2,2,67.1,73.6,0,5,0
Rural,4017.0,2,16.11,2,5,1,2,2,10.0,53.0,1,6,1
Semi-urban,5496.0,1,15.8,2,5,1,2,3,15.3,58.1,0,8,0
Rural,7170.0,0,12.42,0,4,2,1,1,67.9,44.0,0,8,0
Rural,3694.0,0,16.38,0,3,1,3,2,82.3,74.3,1,6,1
Semi-urban,29402.0,0,3.4,1,3,1,1,2,91.2,37.7,0,4,0
Urban,8221.0,2,18.6,0,8,2,2,2,67.0,69.7,4,7,0
Rural,8537.0,2,4.96,2,3,2,2,1,61.3,45.9,0,6,1
Semi-urban,6127.0,1,22.3,1,9,3,2,1,84.4,50.2,2,4,0
Urban,10121.0,1,0.5,0,8,2,2,3,70.0,70.4,0,6,0
Semi-urban,28742.0,0,9.5,0,4,3,2,1,37.5,71.9,0,6,0
Semi-urban,9546.0,1,13.1,0,1,1,3,2,11.3,41.2,2,4,1
Rural,8151.0,1,4.03,0,4,2,3,1,80.4,42.6,0,4,1
Semi-urban,8444.0,0,21.0,1,1,1,2,1,82.1,89.5,1,7,1
Semi-urban,12702.0,0,16.9,0,5,3,3,1,53.4,54.9,6,6,1
Semi-urban,45362.0,2,21.5,0,3,1,3,2,82.0,35.2,0,4,1
Urban,7204.0,0,5.9,0,8,3,3,2,59.1,76.0,0,6,0
Semi-urban,6534.0,0,3.1,0,6,3,2,3,63.2,70.3,1,7,0
Urban,18181.0,2,3.6,1,2,2,3,1,52.7,68.3,0,7,0
Rural,6515.0,0,22.31,0,6,3,3,1,73.2,83.9,1,7,0
Semi-urban,23148.0,0,3.8,2,8,2,1,3,72.2,36.2,0,4,0
Rural,22163.0,1,9.61,1,6,2,2,1,39.7,65.9,4,3,1
Urban,4970.0,0,5.0,1,7,3,3,3,20.9,41.8,1,4,1
Urban,4734.0,1,24.2,2,8,3,1,2,29.4,53.8,2,3,1
Semi-urban,6990.0,1,4.4,2,5,1,2,2,45.6,45.2,0,4,1
Urban,6874.0,0,13.9,2,8,2,2,2,29.1,43.2,2,7,1
Urban,18123.0,2,6.0,0,4,3,2,1,56.7,76.3,7,7,1
Urban,11747.0,1,7.4,2,7,2,1,3,71.8,70.8,0,10,0
Urban,11669.0,2,15.8,0,4,2,2,1,14.7,92.9,0,10,0
Semi-urban,10731.0,0,2.7,1,5,3,2,2,42.5,53.7,0,6,1
Urban,6470.0,1,13.0,0,6,3,1,3,73.5,47.5,4,3,1
Semi-urban,3374.0,1,4.6,1,6,1,2,3,45.4,55.2,1,7,1
Urban,19248.0,0,2.9,0,4,2,2,3,64.3,52.2,0,2,0
Rural,7786.0,1,50.0,2,4,2,3,3,50.8,45.9,0,5,1
Urban,4340.0,1,1.1,1,4,2,3,2,69.7,67.0,0,7,0
Urban,4504.0,1,9.1,1,3,2,3,1,55.6,53.8,5,8,1
Urban,9968.0,0,0.5,0,10,3,2,3,20.8,38.2,0,7,0
Semi-urban,22293.0,1,12.6,0,5,3,3,1,92.2,74.8,0,9,0
Urban,6119.0,2,5.6,0,8,3,3,2,89.7,76.9,0,8,0
Semi-urban,2549.0,1,12.2,2,5,2,3,2,69.1,51.2,0,10,1
Rural,5583.0,0,0.81,0,8,3,1,2,16.7,65.4,3,6,0
Urban,11157.0,0,18.6,1,9,2,2,3,68.6,93.6,0,8,0
Urban,4716.0,1,0.5,0,4,1,3,3,61.4,57.0,0,5,1
Urban,12927.0,1,7.3,1,8,2,1,3,80.9,62.5,2,10,0
Rural,38099.0,1,7.1,1,3,2,2,1,43.4,68.4,1,4,1
Urban,7748.0,1,11.5,1,4,3,3,1,87.0,53.8,0,6,0
Urban,19125.0,1,5.9,0,3,1,2,2,70.1,50.8,0,6,0
Rural,11983.0,0,0.88,1,6,2,1,2,85.7,63.5,5,8,1
Urban,17421.0,0,14.1,2,3,1,2,2,77.0,66.5,4,10,1
Semi-urban,12634.0,1,0.7,1,6,2,3,2,32.1,55.6,1,5,0
Rural,43674.0,0,3.5,1,7,3,2,2,83.2,73.1,0,5,0
Urban,29236.0,2,2.6,1,10,2,1,3,10.0,43.4,0,7,0
Urban,29805.0,1,15.1,1,2,1,1,1,78.6,42.9,0,6,0
Urban,16158.0,1,10.8,2,2,1,3,1,38.9,67.7,1,6,1
Urban,19268.0,1,5.4,2,3,2,3,1,10.0,35.0,2,4,1
Rural,6898.0,1,3.22,1,10,2,1,3,43.2,40.5,1,9,0
Semi-urban,5167.0,1,11.1,2,7,2,3,1,68.1,47.4,0,5,0
Urban,5685.0,1,8.1,0,7,2,2,2,78.5,64.3,0,9,0
Rural,2000.0,1,7.55,2,3,1,2,1,95.6,67.0,0,8,1
Urban,2969.0,1,6.1,2,6,2,3,1,46.5,49.8,1,10,1
Urban,6745.0,1,16.9,0,7,3,2,3,91.0,64.2,0,7,0
Semi-urban,4039.0,1,4.2,1,9,2,2,2,95.9,66.5,1,7,0
Semi-urban,6019.0,0,12.2,2,5,3,3,1,74.8,62.1,0,5,1
Semi-urban,8189.0,0,5.2,2,8,2,2,3,81.7,72.0,0,6,0
Rural,12471.0,0,13.96,2,5,2,3,2,54.1,66.5,5,10,1
Rural,4827.0,1,7.09,1,4,1,1,2,35.7,40.0,0,10,1
Semi-urban,9541.0,0,31.6,1,6,2,1,2,81.8,51.9,5,7,1
Semi-urban,26355.0,0,2.3,2,5,2,3,1,96.5,41.8,0,8,0
Urban,8560.0,1,6.1,0,7,2,2,3,54.9,64.0,0,4,0
Semi-urban,35751.0,1,4.5,2,3,1,1,3,70.4,51.4,2,4,1
Rural,8768.0,1,50.0,1,7,2,3,2,24.7,61.1,0,8,1
Urban,20223.0,0,4.3,1,8,3,3,2,15.3,60.0,9,7,1
Rural,20779.0,0,43.12,1,6,3,2,1,39.3,40.4,1,8,1
Semi-urban,29779.0,0,19.4,1,5,2,1,3,88.1,76.9,0,6,0
Urban,46647.0,2,3.9,0,5,1,3,2,68.4,75.7,4,6,1
Semi-urban,10245.0,2,0.6,0,5,2,2,1,71.9,57.5,0,9,0
Urban,13505.0,0,16.1,1,4,3,3,1,65.2,41.5,4,7,1
Urban,6285.0,1,3.8,1,9,2,2,3,48.8,69.6,2,5,0
Rural,8297.0,0,2.24,0,6,1,2,2,51.3,49.5,1,10,1
Urban,14107.0,0,10.9,1,6,2,2,1,92.6,63.5,0,6,0
Rural,41198.0,1,7.39,0,3,1,1,3,62.8,96.5,4,6,1
Rural,5745.0,0,37.88,0,7,2,3,1,31.8,80.0,2,8,1
Semi-urban,6037.0,2,3.1,0,3,1,3,3,56.8,72.3,3,9,1
Semi-urban,7775.0,1,0.5,0,6,2,3,2,64.7,98.2,1,7,0
Semi-urban,15637.0,2,1.0,0,6,2,2,3,49.5,58.1,1,6,0
Semi-urban,28375.0,2,12.4,0,10,3,1,2,45.4,75.1,1,7,0
Semi-urban,4894.0,0,5.4,0,10,2,2,3,56.5,70.3,1,3,0
Rural,2737.0,0,12.63,1,7,2,2,2,83.4,90.8,1,7,0
Semi-urban,33246.0,1,0.5,2,2,2,3,2,75.1,66.1,0,7,0
Semi-urban,24454.0,1,4.0,0,3,2,3,2,55.9,42.3,0,3,1
Rural,2578.0,0,16.41,0,4,1,2,1,76.3,76.8,2,5,1
Semi-urban,41406.0,1,5.6,2,8,2,1,2,81.9,73.9,1,6,0
Urban,11822.0,0,11.9,1,5,1,3,1,10.0,68.2,5,5,1
Rural,6739.0,1,8.93,1,2,3,2,2,76.3,81.7,1,10,0
Rural,6210.0,2,12.47,2,5,3,1,2,86.2,62.3,0,4,0
Rural,8876.0,0,8.56,2,8,2,2,3,78.1,72.5,0,4,0
Semi-urban,36755.0,1,0.5,1,9,2,1,3,56.1,59.8,0,6,0
Semi-urban,25844.0,1,4.8,2,3,3,3,1,89.9,69.8,2,8,1
Rural,8817.0,1,12.22,0,3,2,3,2,49.0,35.0,0,6,1
Urban,9092.0,1,11.5,0,3,1,3,1,76.8,62.9,0,6,0
Urban,44365.0,1,12.9,1,4,1,2,2,21.7,71.2,0,7,0
Urban,29342.0,2,6.1,0,9,3,2,3,62.1,65.6,4,6,0
Urban,18967.0,0,2.3,0,3,3,3,1,82.6,55.2,2,4,1
Rural,10357.0,1,10.17,0,6,2,2,1,64.8,95.0,0,7,0
Semi-urban,7042.0,1,4.3,2,4,2,3,2,52.8,66.2,0,9,1
Rural,4518.0,1,5.34,2,3,3,3,1,73.0,48.2,0,4,1
Rural,2981.0,1,20.57,0,1,2,2,1,54.6,35.0,3,2,1
Rural,4378.0,1,23.78,1,3,1,3,2,27.7,45.5,2,5,1
Urban,7000.0,1,4.0,1,3,1,1,1,84.5,52.3,0,7,0
Urban,4691.0,0,9.3,0,9,3,1,3,10.0,88.5,1,6,0
Rural,6826.0,0,2.62,0,5,2,3,2,39.7,36.0,2,7,1
Rural,4613.0,2,27.38,1,5,1,2,2,26.6,43.4,3,9,1
Urban,6324.0,0,0.5,0,7,3,2,2,84.2,59.7,2,5,0
Rural,5727.0,1,6.76,1,4,2,3,2,37.3,35.0,1,7,1
Semi-urban,5739.0,1,4.9,1,6,2,3,2,78.8,62.8,4,9,1
Semi-urban,17513.0,0,1.4,1,8,2,1,2,65.1,53.3,2,6,0
Urban,2983.0,1,21.7,2,2,2,2,1,45.6,59.0,0,6,1
Semi-urban,9638.0,2,15.0,1,3,1,2,2,10.0,46.9,0,4,1
Urban,6767.0,1,0.7,0,5,3,3,1,61.7,80.6,7,8,1
Rural,10813.0,2,10.59,1,9,2,1,2,68.1,70.3,0,6,0
Urban,6269.0,0,5.9,2,4,2,3,3,43.0,59.4,0,3,1
Rural,3019.0,2,15.62,2,4,3,2,3,46.8,58.0,3,10,1
Semi-urban,9645.0,1,1.5,0,6,2,2,3,22.5,45.5,1,7,0
Semi-urban,6307.0,1,0.5,0,10,3,2,2,72.4,94.0,1,8,0
Urban,36245.0,0,6.4,1,6,2,2,1,61.0,56.3,2,7,1
Urban,9631.0,0,19.2,1,7,3,2,2,21.1,63.1,1,8,0
Rural,13491.0,0,9.11,2,10,3,2,2,29.7,79.9,2,10,0
Rural,19482.0,0,5.47,2,4,1,3,2,74.0,37.4,0,7,1
Urban,11278.0,1,1.9,1,5,1,1,2,38.7,75.7,1,7,0
Rural,3607.0,0,14.49,0,4,2,2,1,45.8,43.8,1,6,1
Rural,10753.0,1,7.15,2,8,2,1,2,77.9,66.8,0,6,0
Rural,5514.0,1,5.11,0,7,3,3,3,73.2,55.0,4,5,1
Rural,3738.0,0,1.45,0,4,1,2,3,51.6,58.4,1,8,1
Rural,8339.0,1,24.11,1,7,2,1,2,80.1,88.5,0,9,0
Urban,4475.0,1,11.0,2,4,1,2,2,57.2,35.9,3,7,1
Semi-urban,17354.0,0,8.9,1,6,2,2,2,62.7,39.3,1,6,0
Semi-urban,33836.0,2,8.1,0,4,1,3,3,82.2,42.8,0,6,0
Urban,22505.0,1,15.6,2,8,2,1,2,66.6,63.1,0,9,0
Semi-urban,4741.0,1,36.5,0,6,1,3,2,62.6,59.4,0,7,1
Semi-urban,11161.0,1,4.1,1,4,1,2,2,35.7,35.0,1,4,1
Urban,12188.0,1,0.5,1,3,1,1,1,78.8,71.0,2,5,0
Rural,10442.0,0,4.84,0,5,1,2,3,14.6,90.0,1,5,1
Urban,4721.0,0,1.2,0,9,2,1,3,61.0,67.9,1,8,0
Urban,6391.0,2,22.6,1,5,2,1,1,46.4,35.0,1,5,1
Semi-urban,3537.0,1,6.5,1,5,2,2,2,62.6,70.6,0,7,0
Rural,3369.0,1,3.91,0,10,3,2,3,71.8,89.6,0,10,0
Semi-urban,2000.0,0,4.9,1,10,2,1,3,10.0,76.3,4,9,1
Urban,17380.0,1,7.3,1,4,2,2,3,50.1,40.7,1,5,0
Semi-urban,7114.0,0,4.4,0,3,1,1,2,80.4,50.6,0,6,0
Semi-urban,28103.0,0,21.8,0,3,1,3,2,51.7,59.2,0,3,1
Urban,16786.0,1,3.2,2,7,2,3,1,25.3,76.0,1,8,0
Rural,14810.0,1,2.5,1,5,2,2,1,48.0,48.6,1,4,1
Rural,7246.0,1,18.1,0,2,1,3,2,58.9,55.3,1,10,1
Urban,40816.0,1,4.0,1,6,3,1,1,83.9,62.0,1,6,0
Rural,11054.0,2,11.07,1,6,2,2,1,38.3,54.0,3,6,1
Urban,12288.0,1,0.5,1,5,1,1,2,23.9,54.1,8,5,1
Semi-urban,10994.0,0,2.1,0,4,2,1,3,91.7,77.5,6,9,1
Urban,14802.0,0,0.5,2,8,3,2,2,39.5,64.8,2,5,0
Urban,8802.0,0,7.9,1,4,1,1,3,48.4,51.2,1,6,0
Urban,10851.0,1,6.4,2,6,1,1,3,52.2,45.5,0,3,0
Semi-urban,6808.0,2,2.1,2,4,1,3,3,14.8,50.5,8,5,1
Urban,12768.0,2,3.0,1,3,1,1,3,97.5,45.0,0,7,0
Urban,4921.0,1,11.4,0,4,1,1,3,23.2,52.4,4,4,1
Rural,2155.0,1,26.52,1,4,1,2,2,31.8,76.2,1,6,1
Rural,4238.0,1,4.84,0,8,3,3,1,81.8,61.7,0,8,0
Urban,22416.0,0,8.1,1,6,3,1,2,81.6,45.6,0,4,0
Rural,14054.0,1,13.34,0,5,1,2,2,27.4,68.4,2,5,1
Semi-urban,14240.0,1,3.2,1,8,3,2,1,58.9,51.0,1,6,0
Semi-urban,9590.0,2,6.6,0,3,2,3,1,78.6,72.1,0,8,0
Urban,7340.0,0,0.8,1,8,3,2,2,92.0,74.4,0,8,0
Rural,4303.0,2,15.81,2,7,2,1,2,59.4,38.1,1,8,0
Semi-urban,20488.0,1,9.8,1,9,2,2,3,10.0,60.0,1,8,0
Urban,7471.0,2,1.8,2,6,2,2,2,80.3,35.0,0,3,0
Semi-urban,11168.0,1,0.5,0,7,2,3,2,78.5,89.1,0,6,0
Rural,5891.0,1,4.02,0,7,2,2,3,61.1,68.6,0,8,0
Urban,5246.0,1,8.7,1,3,2,2,2,63.3,55.3,0,5,1
Semi-urban,2000.0,1,0.9,1,6,3,1,2,15.9,39.3,4,8,1
Urban,4131.0,0,7.5,0,5,2,1,2,47.6,37.9,3,8,1
Semi-urban,7877.0,2,13.1,0,4,1,2,2,79.0,89.9,1,10,0
Semi-urban,10682.0,1,1.7,1,4,2,3,1,79.8,62.6,0,8,0
Semi-urban,9217.0,1,22.2,1,9,3,2,3,70.5,53.4,0,4,0
Urban,5027.0,1,18.4,0,5,2,2,3,73.6,39.5,0,10,0
Rural,9068.0,1,1.33,1,5,2,1,1,89.8,69.7,0,3,0
Rural,5040.0,1,11.19,0,3,2,2,1,28.3,77.3,1,5,1
Urban,18885.0,1,7.2,0,4,2,2,2,45.4,49.7,1,4,0
Semi-urban,35268.0,1,1.7,2,9,3,2,3,66.8,84.7,6,6,1
Urban,50000.0,0,1.7,0,4,1,3,3,56.5,57.8,0,7,0
Urban,11841.0,2,11.0,0,9,2,2,2,83.4,75.1,4,8,0
Rural,5546.0,0,4.69,2,5,3,3,1,59.8,35.2,3,5,1
Urban,31089.0,1,10.8,1,5,1,1,2,82.8,95.2,3,8,0
Urban,4435.0,1,0.5,1,5,2,3,1,85.4,58.0,8,9,1
Rural,4205.0,2,15.22,1,4,2,3,3,60.3,67.1,9,3,1
Semi-urban,7000.0,2,2.8,2,3,1,3,3,73.4,72.3,6,8,1
Semi-urban,20007.0,1,2.1,0,4,1,3,2,76.6,53.2,4,6,1
Urban,6694.0,1,3.6,1,4,3,2,3,75.0,53.2,2,7,0
Semi-urban,14459.0,0,7.3,0,2,1,3,2,58.8,75.8,3,10,1
Urban,9604.0,0,17.9,2,7,2,1,2,84.3,62.6,0,10,0
Semi-urban,7135.0,1,2.6,0,5,2,3,2,77.5,86.9,0,6,0
Semi-urban,6531.0,0,2.2,0,5,3,3,2,12.9,43.9,1,9,1
Semi-urban,17396.0,0,5.7,0,6,2,3,1,90.8,54.3,0,10,0
Semi-urban,33205.0,1,0.5,1,8,2,1,3,28.7,64.2,3,6,0
Urban,47756.0,0,7.3,0,5,2,3,3,45.1,72.7,1,7,0
Rural,2283.0,0,3.39,1,7,2,2,2,71.6,42.6,0,9,0
Urban,16339.0,0,1.2,1,3,1,2,3,64.3,79.0,0,10,0
Urban,10528.0,1,33.3,0,2,1,3,3,11.3,61.0,0,7,1
Rural,2000.0,2,2.44,0,8,2,2,2,57.5,38.8,0,8,0
Semi-urban,4594.0,1,10.3,2,4,2,1,2,92.1,57.1,2,8,0
Urban,42272.0,1,13.7,2,2,1,3,1,63.4,74.6,1,10,1
Rural,12493.0,1,3.25,2,6,2,3,2,56.7,35.0,1,6,1
Semi-urban,31231.0,1,29.4,2,4,2,2,2,79.8,75.1,0,6,0
Semi-urban,4254.0,0,9.6,1,7,3,1,2,59.5,45.6,2,4,1
Rural,3202.0,0,1.38,0,9,2,1,3,89.3,49.7,0,6,0
Semi-urban,7164.0,0,2.5,1,9,2,3,2,12.8,35.0,7,4,1
Semi-urban,12786.0,2,12.2,2,6,2,3,2,61.7,60.7,0,9,0
Semi-urban,19371.0,0,4.5,2,4,1,2,1,68.9,47.2,0,8,1
Urban,10814.0,1,13.7,2,5,3,3,1,91.1,64.3,0,7,0
Rural,11184.0,1,26.42,1,6,2,1,3,18.5,38.8,1,7,0
Semi-urban,6006.0,0,3.8,0,7,3,3,3,45.0,65.0,3,8,1
Urban,12156.0,0,6.2,1,4,2,3,2,61.7,70.9,2,8,1
Rural,18215.0,2,1.99,1,3,2,3,2,79.0,79.2,0,6,0
Urban,12911.0,0,4.7,2,9,3,3,3,68.5,47.6,2,8,0
Urban,50000.0,1,21.4,0,10,2,1,3,24.8,81.7,0,10,0
Rural,13913.0,1,15.37,0,6,1,2,3,80.0,46.1,0,5,0
Semi-urban,5610.0,1,0.7,1,7,3,1,2,60.2,62.0,0,10,0
Urban,30828.0,1,3.3,0,6,2,3,2,94.7,61.2,0,7,0
Rural,14627.0,0,7.11,1,10,2,1,3,47.6,49.8,1,7,0
Rural,4592.0,2,24.97,1,3,1,3,2,78.6,74.7,0,9,0
Rural,6541.0,1,4.64,1,6,2,1,2,91.9,43.8,3,3,1
Semi-urban,4951.0,2,38.7,0,6,2,3,1,47.9,46.9,2,3,1
Semi-urban,12127.0,2,2.5,2,5,1,2,2,67.1,85.0,2,7,0
Rural,3353.0,1,27.75,0,5,2,2,3,20.9,43.6,1,5,1
Rural,3463.0,1,12.75,0,8,2,2,2,83.8,66.0,1,6,0
Rural,3608.0,0,11.79,1,8,2,2,2,42.5,35.0,0,6,1
Semi-urban,3796.0,1,0.9,1,7,2,2,1,10.0,51.6,0,3,0
Urban,18821.0,0,0.6,1,5,3,2,1,22.9,55.1,6,3,1
Urban,8642.0,1,4.5,2,7,2,2,1,27.7,38.5,3,7,1
Semi-urban,23891.0,0,6.6,0,6,2,2,2,40.5,68.8,3,9,1
Semi-urban,22075.0,0,3.0,1,6,3,3,1,71.3,84.5,0,6,0
Urban,9825.0,0,1.0,0,6,3,1,3,40.1,77.6,7,7,1
Urban,21465.0,1,50.0,0,5,1,2,3,85.8,76.0,1,6,0
Urban,48025.0,1,7.1,1,8,3,2,2,68.9,59.8,0,7,0
Urban,36013.0,1,10.6,1,6,2,3,3,63.4,87.6,7,8,1
Urban,12424.0,1,14.1,1,5,2,2,1,45.7,45.5,1,5,1
Semi-urban,3565.0,0,5.7,2,5,3,3,1,78.6,43.3,0,10,0
Semi-urban,3854.0,1,2.4,1,6,3,3,1,72.8,72.0,0,5,0
Urban,37791.0,0,1.9,1,8,2,2,2,48.9,58.6,0,5,0
Semi-urban,10518.0,2,1.3,0,6,3,2,3,80.4,73.4,6,4,0
Semi-urban,8667.0,1,7.9,1,6,2,3,1,74.5,72.3,0,6,0
Semi-urban,5429.0,1,13.4,2,6,2,3,2,91.4,90.4,0,6,0
Rural,6809.0,0,3.15,2,4,2,1,1,86.4,66.4,0,7,1
Urban,6666.0,1,6.7,0,5,2,3,1,58.3,45.9,1,6,0
Semi-urban,7110.0,0,15.1,1,4,2,2,3,66.6,56.9,0,4,0
Urban,10349.0,2,7.8,1,8,2,1,3,40.3,52.1,2,5,0
Semi-urban,6820.0,1,5.7,2,6,2,2,1,55.2,45.9,1,8,0
Semi-urban,4989.0,0,17.6,1,8,2,1,3,23.9,50.5,1,3,1
Semi-urban,6480.0,2,0.5,0,8,2,2,2,14.0,66.1,2,3,0
Rural,2000.0,1,0.86,2,4,3,1,2,61.2,44.7,0,7,0
Urban,8033.0,0,7.6,1,5,1,3,2,71.7,44.9,5,8,1
Semi-urban,12559.0,1,4.2,1,8,2,2,3,68.4,55.5,2,8,0
Semi-urban,13341.0,2,29.3,0,1,1,2,2,50.4,69.4,0,4,1
Semi-urban,17775.0,2,14.6,0,3,1,1,3,31.4,42.3,0,5,1
Semi-urban,6738.0,1,3.3,0,3,2,2,1,33.6,67.6,0,6,0
Rural,8607.0,2,10.13,2,6,2,2,3,63.8,50.3,0,9,0
Urban,13822.0,0,8.3,2,5,2,2,3,86.1,99.2,3,8,0
Urban,5934.0,0,6.5,2,10,2,2,3,64.4,80.6,0,6,0
Rural,14837.0,2,19.9,0,6,2,1,3,15.6,73.1,0,8,0
Urban,10550.0,1,2.5,1,6,1,3,2,15.0,51.2,1,8,0
Semi-urban,29166.0,1,3.8,1,3,1,1,1,72.8,87.8,0,8,0
Urban,7373.0,0,4.9,1,3,2,2,1,27.3,48.3,2,8,1
Rural,8790.0,0,0.76,1,9,2,2,2,65.4,40.8,0,3,1
Urban,14672.0,0,20.3,0,6,2,3,1,81.1,76.3,0,6,0
Rural,3743.0,1,38.43,0,4,1,1,3,26.2,49.0,1,8,1
Rural,15690.0,1,10.05,0,8,3,3,1,21.1,50.9,4,3,1
Semi-urban,3676.0,1,2.2,0,7,2,1,3,62.6,76.3,8,7,1
Semi-urban,20518.0,1,5.0,0,5,3,1,3,70.6,90.4,0,9,0
Urban,10280.0,0,21.3,0,3,1,1,2,55.2,38.2,1,10,1
Semi-urban,23870.0,2,5.6,0,4,2,3,2,32.6,88.6,1,7,0
Semi-urban,2299.0,0,10.2,0,5,2,3,1,59.2,63.3,0,6,1
Urban,25286.0,1,10.0,1,6,3,1,2,29.1,71.9,1,4,0
Urban,8968.0,1,1.5,0,10,2,2,3,17.2,42.0,0,3,0
Urban,11486.0,0,8.7,2,1,1,3,1,58.5,59.1,0,7,1
Urban,22056.0,0,2.3,2,3,1,1,3,12.3,49.6,1,6,0
Semi-urban,5515.0,1,3.2,0,5,2,3,3,26.5,56.3,0,6,0
Semi-urban,5242.0,2,7.9,0,6,2,2,1,20.7,75.5,1,3,1
Urban,39005.0,1,12.7,1,6,2,2,2,52.6,49.2,2,10,0
Urban,19168.0,0,17.3,0,7,2,2,1,56.3,39.1,3,8,1
Urban,10184.0,2,2.6,0,4,2,3,2,37.8,60.3,1,7,0
Semi-urban,12124.0,1,1.4,1,5,2,3,1,56.5,47.9,1,4,0
Rural,22809.0,1,8.98,1,6,2,1,1,50.3,35.0,4,6,1
Rural,6915.0,0,0.73,0,3,1,3,1,80.8,59.7,0,5,1
Semi-urban,11471.0,0,9.5,2,3,1,3,1,63.2,45.2,4,7,1
Semi-urban,14995.0,2,16.2,0,3,2,3,3,57.0,91.2,2,3,1
Urban,5180.0,1,0.5,0,6,1,2,2,10.0,88.9,1,5,0
Urban,14341.0,0,2.9,0,7,3,3,1,43.2,71.7,1,5,0
Urban,50000.0,1,2.0,1,5,2,3,2,66.2,64.0,6,3,1
Rural,9478.0,1,16.15,1,3,1,1,3,92.5,56.6,3,8,1
Semi-urban,16749.0,0,2.3,0,1,2,3,1,77.6,100.0,0,8,0
Rural,5012.0,0,17.09,0,5,2,2,1,12.2,50.0,0,7,1
Urban,7618.0,0,16.3,2,5,2,3,3,58.1,37.5,9,6,1
Urban,6109.0,1,19.9,2,5,1,2,2,53.6,54.8,5,8,1
Rural,7144.0,0,10.11,1,6,2,1,2,77.2,40.7,1,6,0
Rural,21652.0,0,8.03,0,6,3,3,3,45.4,58.7,1,5,1
Rural,35218.0,0,10.83,0,4,2,3,2,35.3,84.5,2,6,1
Semi-urban,10097.0,2,0.8,1,5,2,1,1,98.7,64.2,0,8,0
Urban,5829.0,1,1.7,1,7,3,2,3,81.7,54.4,0,4,0
Semi-urban,13934.0,1,5.3,0,5,3,3,1,25.1,79.3,1,10,0
Semi-urban,13633.0,2,4.8,2,7,3,3,3,68.8,56.3,0,6,0
Rural,5191.0,0,0.72,1,3,1,3,1,59.9,57.0,2,8,1
Semi-urban,5019.0,1,7.5,1,10,2,1,3,78.9,35.0,0,6,0
Semi-urban,26438.0,1,0.5,1,6,2,2,2,94.6,84.0,0,4,0
Rural,8318.0,0,0.75,1,4,3,3,2,60.8,67.8,0,10,1
Semi-urban,4155.0,1,1.5,2,8,2,2,2,74.2,72.1,1,4,0
Urban,9385.0,1,2.7,0,2,1,1,1,69.9,68.9,0,6,0
Urban,7047.0,2,29.4,2,2,1,1,3,84.7,39.5,0,10,0
Semi-urban,4267.0,1,7.3,1,10,3,1,2,83.9,58.7,4,10,0
Rural,11979.0,0,3.98,1,5,2,3,1,66.5,66.6,0,9,1
Urban,13194.0,1,8.4,0,8,2,1,2,16.3,59.4,2,6,0
Rural,10385.0,0,50.0,1,8,2,3,2,56.3,55.2,2,3,1
Urban,8246.0,1,3.6,1,5,1,2,2,85.2,87.7,1,9,0
Semi-urban,6083.0,1,6.9,0,5,3,3,2,46.5,35.0,0,4,1
Urban,9652.0,0,3.4,2,3,1,2,2,32.3,67.7,0,9,1
Rural,2388.0,1,48.8,0,6,1,3,3,53.0,48.7,1,7,1
Semi-urban,4840.0,2,15.9,0,7,2,2,2,51.0,71.3,2,4,0
Rural,3245.0,0,11.07,1,10,2,1,3,64.9,39.7,0,9,0
Urban,9458.0,0,5.9,1,1,1,3,3,13.6,71.6,1,5,1
Rural,8967.0,2,18.62,0,7,3,3,2,24.9,88.3,6,9,1
Urban,6879.0,0,2.1,1,8,3,1,3,93.3,64.0,1,5,0
Urban,4791.0,0,7.0,0,4,2,3,2,46.1,82.9,0,6,1
Urban,24290.0,0,5.3,1,4,2,2,2,54.8,57.6,6,7,1
Semi-urban,6824.0,1,1.3,0,8,2,1,3,76.2,86.4,0,5,0
Rural,20544.0,0,1.09,2,10,3,1,2,69.7,74.9,0,6,0
Rural,18688.0,1,18.16,1,5,3,1,1,60.4,55.1,0,10,0
Urban,6607.0,1,13.4,0,2,1,2,1,70.7,67.1,0,8,0
Rural,9945.0,1,4.48,1,7,2,2,2,82.6,54.8,0,3,0
Urban,24330.0,2,20.4,0,5,3,3,1,48.6,55.2,0,8,0
Urban,17668.0,0,11.3,1,5,1,2,2,68.8,65.3,0,9,0
Rural,6707.0,2,7.03,1,5,3,2,2,80.1,50.9,0,8,0
Urban,5023.0,0,7.6,1,10,2,1,3,37.0,35.0,0,7,0
Rural,6550.0,0,3.23,2,3,2,2,1,64.9,55.5,0,7,1
Rural,19212.0,1,6.79,2,7,3,2,2,76.7,80.0,7,8,1
Semi-urban,6044.0,2,4.0,0,4,1,2,1,58.0,67.1,0,2,0
Semi-urban,12224.0,0,0.6,0,6,3,1,1,65.4,43.4,0,6,0
Semi-urban,2558.0,1,2.1,0,6,3,1,2,59.5,47.5,5,8,1
Urban,11012.0,1,0.9,0,5,2,3,1,85.6,79.8,1,7,0
Urban,10162.0,1,7.2,0,6,3,2,2,53.2,81.3,0,5,0
Rural,14959.0,1,25.6,2,6,2,1,1,76.4,59.0,0,4,0
Semi-urban,14662.0,2,1.3,1,8,2,3,3,48.3,62.6,7,8,1
Semi-urban,28645.0,1,4.9,0,4,2,3,3,38.7,59.5,0,5,1
Semi-urban,46425.0,2,3.5,0,3,1,3,2,69.8,50.6,6,7,1
Urban,5621.0,0,6.6,1,3,1,2,1,50.4,61.0,1,1,1
Rural,14506.0,2,22.29,0,6,1,1,3,43.2,35.5,1,7,1
Urban,39502.0,1,0.5,1,4,2,2,2,44.0,61.9,1,9,0
Rural,6987.0,0,26.37,1,5,2,3,1,44.8,67.4,3,5,1
Rural,4150.0,0,7.74,0,9,2,1,2,57.3,88.1,0,8,0
Semi-urban,9187.0,0,9.8,1,5,2,2,1,75.6,83.9,0,6,0
Urban,9707.0,0,0.5,0,8,2,1,3,69.4,57.9,0,2,0
Urban,11808.0,0,6.1,1,8,2,3,3,62.1,69.9,6,5,1
Urban,19598.0,1,6.9,1,4,3,1,2,57.2,35.0,3,5,1
Semi-urban,4406.0,1,6.5,2,4,3,3,2,45.9,44.5,2,6,1
Semi-urban,5599.0,2,0.9,1,4,2,2,3,68.7,76.7,0,8,0
Rural,3032.0,1,22.86,0,10,2,2,2,44.4,40.8,1,7,1
Urban,6040.0,1,1.6,1,5,1,2,3,75.9,75.0,0,6,0
Urban,22612.0,1,6.3,0,9,2,1,2,54.3,79.4,3,6,0
Urban,11430.0,1,9.4,0,10,3,2,2,61.4,44.0,1,7,0
Urban,14711.0,1,8.4,1,3,2,1,1,66.6,87.2,0,6,0
Rural,2000.0,0,13.01,2,8,3,2,2,74.5,54.3,0,7,0
Semi-urban,15708.0,2,10.1,0,3,3,2,1,78.9,44.4,0,6,0
Rural,16263.0,0,17.37,1,4,1,2,3,90.4,45.2,0,3,0
Rural,2000.0,2,1.01,2,6,1,1,3,69.3,55.9,0,7,0
Semi-urban,34811.0,0,11.5,0,5,2,1,1,47.1,71.6,1,5,1
Urban,16244.0,0,20.7,0,5,2,1,2,28.6,56.6,6,9,1
Semi-urban,5608.0,2,8.5,0,3,1,2,3,43.7,84.2,3,8,1
Rural,3295.0,0,4.49,1,8,3,2,2,90.2,83.6,0,7,0
Urban,5381.0,2,3.3,0,4,2,2,1,77.0,79.1,1,9,0
Rural,3431.0,2,0.68,0,5,2,2,1,77.8,35.0,0,7,0
Rural,3651.0,2,6.41,1,5,2,1,3,55.4,42.5,7,3,1
Urban,7191.0,2,6.3,1,7,3,2,1,63.3,79.7,2,4,0
Rural,12005.0,2,4.85,1,5,3,3,2,63.3,64.7,0,6,0
Urban,12307.0,0,17.3,1,5,1,3,2,24.6,40.1,5,9,1
Urban,8832.0,0,9.7,1,9,2,3,2,55.0,57.8,1,8,0
Urban,14043.0,2,5.7,1,1,1,3,3,45.8,35.0,2,4,1
Semi-urban,2660.0,1,6.8,0,5,3,3,1,90.2,72.2,1,7,0
Semi-urban,9852.0,0,24.8,0,9,2,2,2,68.2,54.5,2,8,1
Semi-urban,9898.0,0,7.8,2,5,2,2,1,96.5,39.3,0,10,1
Semi-urban,27059.0,0,20.0,0,2,2,3,1,16.7,53.8,1,7,1
Semi-urban,4585.0,2,7.2,0,8,2,1,2,97.1,45.3,1,4,0
Semi-urban,13967.0,1,5.3,1,7,2,3,1,63.5,44.0,5,5,1
Urban,11378.0,0,2.1,1,10,3,3,2,48.3,56.7,0,6,1
Urban,21731.0,2,2.4,1,6,1,2,2,74.5,77.1,3,6,0
Urban,44874.0,2,6.4,0,6,2,2,1,16.0,58.9,2,7,0
Rural,15210.0,0,16.32,0,8,3,3,2,10.0,55.1,4,5,1
Semi-urban,3068.0,1,7.3,0,3,1,1,3,16.9,78.8,1,8,0
Urban,13426.0,0,2.1,1,8,2,2,2,75.2,66.1,0,9,0
Semi-urban,40650.0,0,9.2,0,6,2,2,1,74.7,57.6,1,6,0
Rural,16571.0,1,8.34,2,8,3,2,2,73.7,43.3,0,4,0
Urban,6946.0,1,1.1,0,6,2,3,1,87.9,100.0,2,5,0
Semi-urban,7254.0,0,1.8,1,7,2,3,2,80.8,54.9,7,8,1
Rural,23815.0,1,32.33,0,7,3,3,1,75.2,77.3,0,7,0
Semi-urban,11531.0,0,26.7,0,7,3,3,2,55.4,61.2,1,10,0
Urban,11904.0,1,22.7,0,6,2,2,2,56.4,82.3,2,6,0
Urban,48298.0,2,6.1,1,4,3,1,2,70.4,60.5,0,5,0
Rural,8959.0,1,2.23,1,3,3,3,1,18.2,59.0,1,5,1
Rural,32306.0,1,15.01,1,10,2,1,3,36.5,70.5,1,10,0
Urban,5971.0,0,12.6,0,7,2,1,3,33.7,78.7,1,6,0
Semi-urban,11424.0,1,5.7,2,6,2,2,2,83.5,67.6,0,10,0
Urban,5226.0,0,0.7,1,5,2,3,1,90.4,85.0,0,7,0
Semi-urban,8226.0,0,1.4,0,5,1,3,3,79.7,38.2,0,6,0
Semi-urban,7190.0,2,8.7,2,8,2,3,2,61.0,59.3,3,8,1
Rural,25454.0,1,1.56,0,9,3,3,1,20.5,51.1,0,6,0
Semi-urban,30970.0,1,17.0,0,6,2,3,3,35.5,82.2,0,7,0
Semi-urban,12148.0,0,3.0,0,4,1,2,2,86.6,68.8,0,4,0
Rural,5870.0,2,10.31,0,5,1,2,2,58.4,36.8,1,8,1
Semi-urban,5876.0,2,8.5,0,10,2,3,3,66.0,68.8,0,9,0
Semi-urban,12368.0,1,4.2,1,8,3,1,2,81.4,54.8,0,4,0
Urban,2660.0,0,7.4,2,6,1,1,3,32.4,52.9,1,6,1
Rural,23046.0,1,4.27,1,5,3,3,3,30.7,67.5,1,2,1
Rural,11977.0,0,5.08,1,7,2,2,2,83.3,86.8,0,10,0
Semi-urban,6512.0,0,13.0,1,8,2,2,2,60.3,71.4,0,8,0
Urban,6694.0,1,7.1,0,10,3,3,3,31.9,72.1,9,7,1
Semi-urban,8761.0,1,12.9,1,6,3,3,1,24.0,59.5,1,8,1
Urban,37791.0,0,7.7,2,8,3,1,3,71.3,66.5,1,5,0
Semi-urban,24305.0,1,8.9,2,3,2,3,1,47.8,43.7,1,8,1
Rural,2252.0,0,12.34,1,7,2,1,3,34.2,46.4,3,4,1
Rural,15943.0,0,9.96,0,6,3,3,1,33.6,41.6,2,8,1
Urban,11005.0,0,0.5,0,5,2,3,1,88.4,66.9,0,6,0
Urban,8063.0,2,13.7,1,6,2,3,3,53.1,58.7,2,6,1
Semi-urban,6298.0,2,3.6,2,6,1,1,2,10.0,44.1,1,8,0
Urban,5529.0,0,4.6,2,6,3,2,1,61.8,38.3,0,4,1
Rural,7326.0,1,9.84,2,7,2,3,1,25.5,66.7,2,7,1
Semi-urban,2560.0,1,6.8,2,2,1,3,1,56.8,43.0,1,6,1
Semi-urban,14338.0,2,3.3,0,5,1,2,2,11.1,70.9,1,6,0
Semi-urban,2127.0,2,19.6,1,3,1,2,2,49.8,35.1,0,3,1
Urban,48639.0,0,0.5,1,7,2,2,3,70.9,37.7,0,7,0
Rural,12452.0,1,6.34,0,8,2,2,2,85.4,61.9,1,6,0
Semi-urban,2000.0,1,3.5,0,4,1,1,3,16.7,63.8,1,5,0
Urban,15596.0,0,25.0,1,8,2,3,2,94.5,100.0,0,8,0
Rural,22763.0,1,3.71,1,7,1,2,2,34.4,46.8,0,7,0
Rural,14040.0,1,6.92,1,7,2,3,2,59.7,67.0,1,6,0
Rural,19464.0,2,19.45,0,3,1,2,3,45.0,61.4,0,10,0
Semi-urban,2374.0,0,0.5,0,6,2,2,2,24.9,57.8,0,5,0
Urban,10211.0,0,2.9,1,6,1,2,2,73.2,85.5,0,4,0
Urban,9943.0,2,4.5,1,8,3,3,1,48.0,37.0,0,4,0
Urban,24689.0,2,13.1,0,5,3,1,3,86.1,51.4,0,4,0
Semi-urban,32241.0,2,0.9,1,6,1,2,3,39.0,75.7,5,4,1
Semi-urban,8580.0,1,1.7,0,1,2,2,1,78.9,84.5,0,10,0
Urban,39057.0,1,44.2,2,5,2,3,1,42.3,54.0,1,6,1
Rural,7418.0,0,6.96,1,10,3,1,2,53.2,73.7,1,8,0
Rural,12314.0,1,33.18,1,8,2,2,2,47.9,62.7,1,6,1
Semi-urban,14627.0,0,3.0,2,6,1,2,3,64.1,62.4,0,4,1
Rural,3566.0,0,8.34,0,4,2,3,2,75.7,94.3,0,6,0
Semi-urban,4900.0,0,6.6,1,6,3,2,2,29.3,65.5,1,5,0
Semi-urban,9725.0,1,6.2,1,3,1,3,3,67.1,46.3,0,5,1
Semi-urban,30691.0,1,15.0,1,4,1,3,2,28.6,37.5,5,8,1
Urban,50000.0,0,5.0,2,3,1,2,1,43.3,76.6,1,5,1
Rural,3883.0,1,17.0,0,9,2,3,2,69.4,83.6,0,1,0
Urban,4888.0,0,0.6,1,7,2,3,1,46.6,39.9,2,9,1
Rural,8344.0,1,7.74,2,6,2,2,1,72.3,47.6,4,6,1
Rural,3284.0,0,11.83,0,2,2,2,1,29.6,78.5,1,8,1
Urban,3897.0,0,3.5,0,9,3,1,3,29.7,100.0,0,9,0
Semi-urban,12925.0,1,17.3,1,3,2,3,1,19.9,61.8,1,9,1
Semi-urban,22299.0,1,6.6,1,6,2,3,1,76.8,42.9,5,6,1
Rural,4960.0,0,5.27,0,5,2,1,3,60.2,82.9,0,8,0
Semi-urban,9711.0,0,6.9,1,6,1,1,3,99.2,71.4,3,7,0
Urban,2726.0,0,7.6,0,5,2,2,1,59.0,49.1,1,7,1
Semi-urban,46004.0,1,3.8,0,8,2,1,2,93.4,49.8,2,7,0
Rural,13331.0,1,22.25,1,6,2,2,2,55.0,51.4,1,7,0
Semi-urban,6488.0,2,1.3,1,4,1,3,2,87.7,76.9,0,9,0
Semi-urban,6602.0,2,2.1,2,2,1,3,2,73.1,96.2,4,8,1
Urban,7388.0,0,8.5,2,5,2,3,2,58.8,61.7,6,7,1
Rural,5743.0,0,5.21,0,7,2,2,3,66.8,97.0,4,9,1
Semi-urban,50000.0,1,0.5,0,3,2,3,2,52.7,67.4,2,7,1
Urban,25664.0,0,18.6,0,4,1,2,3,75.6,59.2,1,6,0
Semi-urban,8081.0,1,0.7,0,2,1,3,2,36.6,57.7,2,7,1
Urban,4072.0,0,8.4,0,7,3,1,3,46.8,60.3,2,7,0
Semi-urban,5614.0,2,2.8,0,8,3,3,2,29.4,61.7,1,7,0
Urban,11836.0,0,8.5,2,3,1,3,1,49.0,56.4,0,4,1
Semi-urban,7875.0,0,23.0,1,9,3,2,3,13.0,47.9,0,10,0
Urban,7655.0,0,8.7,2,5,2,3,2,62.4,86.2,0,5,0
Rural,6722.0,1,1.19,1,5,1,2,2,37.3,39.3,0,8,1
Urban,19612.0,0,16.1,0,3,2,3,2,19.6,60.3,1,3,1
Urban,18006.0,2,3.8,1,10,2,1,3,35.1,86.6,4,9,0
Urban,10802.0,1,25.4,0,4,2,2,3,53.0,36.8,1,6,0
Semi-urban,36427.0,0,3.2,1,7,2,3,2,76.3,42.2,9,7,1
Urban,8193.0,2,16.5,1,10,3,1,3,80.3,57.2,0,7,0
Rural,8366.0,2,2.84,2,3,2,3,3,47.9,67.5,0,5,1
Urban,15264.0,1,12.8,2,6,2,1,2,80.8,84.6,1,9,0
Rural,3819.0,0,26.63,0,7,2,1,2,44.7,59.6,1,6,0
Semi-urban,8194.0,1,6.7,1,7,3,2,1,83.1,100.0,6,10,1
Semi-urban,6335.0,0,10.4,0,8,2,2,2,72.8,79.0,1,5,0
Urban,9761.0,2,4.8,1,3,1,2,2,65.7,78.1,1,5,0
Semi-urban,3926.0,2,0.5,0,5,1,1,3,27.6,45.1,3,10,1
Urban,12533.0,1,12.1,1,6,2,1,2,14.3,39.6,5,9,1
Urban,10471.0,2,16.7,1,3,3,3,1,59.2,81.3,0,8,1
Rural,15282.0,1,4.47,0,10,3,3,2,65.0,38.9,7,7,1
Rural,22944.0,0,1.35,1,6,2,2,1,41.8,74.2,1,10,0
Semi-urban,4769.0,0,0.5,2,7,2,2,2,36.1,73.7,1,5,0
Semi-urban,7315.0,1,2.3,1,10,2,3,3,65.8,86.1,1,10,0
Rural,2913.0,0,8.16,0,5,1,3,2,77.2,75.2,1,7,1
Urban,25685.0,1,5.4,0,10,3,2,2,67.7,44.6,4,8,0
Urban,33400.0,1,22.7,1,8,2,2,2,13.4,59.4,2,3,0
Semi-urban,14945.0,0,0.5,0,6,1,2,3,80.9,65.0,0,9,0
Rural,7258.0,2,2.59,0,2,1,3,2,90.3,52.9,4,10,1
Urban,29813.0,1,21.0,0,4,3,1,2,84.3,89.0,0,6,0
Rural,18612.0,0,5.83,0,4,1,3,2,65.0,100.0,0,6,0
Semi-urban,47083.0,0,19.6,2,6,2,1,3,73.1,40.6,0,6,0
Urban,10235.0,0,10.5,1,6,3,3,2,64.7,100.0,2,9,1
Rural,19863.0,0,8.79,2,7,3,2,1,62.7,51.9,4,4,1
Urban,4729.0,1,10.7,0,4,1,2,3,66.2,38.1,3,8,1
Semi-urban,4414.0,0,3.0,0,8,2,2,1,31.4,65.4,2,9,1
Rural,38503.0,2,7.37,0,5,2,2,2,50.5,46.6,2,10,0
Urban,21829.0,1,2.9,0,5,2,3,1,81.2,54.8,1,4,0
Rural,4918.0,0,16.46,2,8,2,3,2,45.4,35.0,2,5,1
Rural,21263.0,2,14.58,1,8,2,1,2,55.9,54.4,0,6,0
Semi-urban,8356.0,1,3.5,1,10,3,1,3,63.7,54.3,0,6,0
Urban,32441.0,0,8.8,1,7,2,3,2,80.5,75.8,0,6,0
Urban,18519.0,1,15.9,1,5,3,2,1,60.0,63.8,0,4,0
Urban,5685.0,0,16.6,0,2,2,3,1,57.2,41.5,0,10,1
Semi-urban,35255.0,1,0.6,1,6,3,2,2,69.9,88.1,1,6,0
Semi-urban,2340.0,2,0.5,0,8,2,3,3,66.8,72.3,0,5,0
Semi-urban,12058.0,0,2.0,0,6,2,2,2,40.9,43.6,1,3,1
Urban,31498.0,1,5.5,2,10,2,2,3,61.4,61.0,1,8,0
Urban,13208.0,1,1.9,1,3,2,2,1,10.0,51.8,1,10,0
Semi-urban,6320.0,2,12.4,2,6,2,2,1,94.3,98.3,0,9,0
Semi-urban,9939.0,2,3.5,0,7,3,2,3,54.0,45.3,0,7,0
Urban,32923.0,1,15.1,2,5,1,3,2,86.5,52.9,0,6,0
Semi-urban,6446.0,0,0.9,0,10,2,1,3,52.9,52.1,3,10,1
Rural,15740.0,0,17.32,1,6,2,1,3,41.3,48.2,1,5,1
Rural,17532.0,1,0.73,0,2,3,1,2,77.5,68.2,1,5,0
Urban,3927.0,0,13.2,1,7,2,3,2,64.8,76.5,0,1,0
Rural,3511.0,1,34.32,0,8,3,2,2,39.6,48.2,1,6,0
Urban,50000.0,1,1.6,2,7,2,1,3,32.2,48.9,2,4,0
Rural,14234.0,0,5.78,1,8,2,2,2,47.8,63.9,1,10,0
Rural,30915.0,1,10.59,1,10,3,1,2,93.5,43.4,0,4,0
Rural,11902.0,0,20.89,1,7,2,1,3,19.6,67.6,2,6,1
Urban,21522.0,0,18.7,1,10,3,3,2,67.9,60.5,0,6,0
Semi-urban,20237.0,2,3.9,2,7,3,3,3,65.6,49.2,0,5,0
Rural,4264.0,1,1.84,1,1,1,3,1,62.2,46.0,0,8,1
Urban,2000.0,0,2.6,1,9,2,1,3,52.0,35.0,0,5,0
Semi-urban,14906.0,1,11.1,1,5,1,2,2,30.8,35.0,8,3,1
Semi-urban,9215.0,0,1.3,0,2,2,3,2,50.4,73.8,0,6,1
Urban,18948.0,0,2.1,0,10,3,2,3,76.8,35.2,0,4,0
Semi-urban,23882.0,1,1.4,1,6,2,3,1,89.0,51.2,0,3,1
Semi-urban,8097.0,0,9.4,0,4,1,2,2,85.2,50.2,1,8,1
Urban,45126.0,0,9.8,0,5,2,1,1,78.1,51.2,1,7,0
Urban,8740.0,2,6.3,1,5,2,3,3,71.5,38.5,0,8,0
Rural,6994.0,1,6.74,1,6,2,1,3,68.0,41.2,5,3,1
Rural,6604.0,1,6.47,2,4,2,2,2,56.9,70.2,0,9,1
Rural,20301.0,0,49.73,1,4,1,1,3,47.3,65.2,1,10,0
Urban,29687.0,1,1.0,2,8,2,1,3,32.9,38.5,6,8,1
Urban,19427.0,0,0.5,0,5,2,3,2,29.5,65.8,4,3,1
Semi-urban,5039.0,1,1.7,0,8,2,3,2,42.3,48.5,1,4,0
Semi-urban,4483.0,0,23.7,0,4,1,1,1,28.6,55.9,2,9,1
Semi-urban,42124.0,0,16.2,1,7,1,1,3,96.1,55.9,1,9,0
Semi-urban,14735.0,1,1.3,0,5,1,3,2,49.8,87.5,5,8,1
Semi-urban,7887.0,1,2.2,0,2,1,1,1,33.4,92.1,0,8,0
Urban,22764.0,1,7.7,0,6,2,3,3,56.6,38.4,0,7,0
Rural,3268.0,1,21.81,1,4,2,3,3,20.1,70.9,0,7,1
Semi-urban,22113.0,0,5.7,1,1,1,3,1,44.9,61.6,0,4,1
Rural,4068.0,2,7.75,2,3,2,1,1,85.7,64.6,6,6,1
Rural,6054.0,1,0.73,0,7,2,3,3,62.4,62.6,4,7,0
Rural,4904.0,2,19.53,0,3,1,2,2,40.6,76.8,6,5,1
Semi-urban,50000.0,1,7.5,0,9,2,2,2,88.6,95.6,0,8,0
Semi-urban,29143.0,1,4.4,2,6,3,2,1,62.9,52.1,0,7,0
Urban,6976.0,0,8.6,2,6,2,2,3,94.3,84.7,3,8,1
Semi-urban,39660.0,0,3.9,1,6,2,2,2,81.2,71.2,0,7,0
Semi-urban,5512.0,2,6.6,1,4,2,3,2,66.5,54.1,0,3,1
Rural,6711.0,1,23.88,2,6,3,2,3,81.2,46.3,8,7,1
Semi-urban,12748.0,1,1.8,2,4,1,2,2,25.1,40.5,1,6,1
Rural,10836.0,1,13.58,2,6,2,1,3,36.8,72.7,1,8,0
Semi-urban,9932.0,2,14.9,0,3,1,3,1,80.2,47.5,0,4,0
Rural,2000.0,0,11.61,0,9,2,1,3,83.8,49.6,0,6,0
Urban,2000.0,0,1.8,0,8,2,1,3,67.9,81.1,4,7,0
Semi-urban,8423.0,2,1.5,1,1,1,2,1,80.6,48.7,1,5,1
Urban,11950.0,1,0.5,0,5,2,2,3,65.2,74.4,4,6,0
Rural,11460.0,0,2.48,0,6,2,2,2,43.8,56.4,6,3,1
Urban,7498.0,1,9.2,0,6,2,2,2,17.8,43.8,0,7,0
Urban,6538.0,1,10.2,2,6,2,3,3,83.5,50.1,0,8,0
Urban,4607.0,1,9.5,1,7,2,1,2,29.5,57.5,1,5,0
Semi-urban,21028.0,0,3.4,1,6,2,1,3,94.5,40.9,0,10,0
Urban,13770.0,2,8.9,2,5,3,3,3,66.4,80.5,0,10,0
Semi-urban,3183.0,0,6.8,0,5,2,2,2,64.7,70.3,2,5,0
Rural,2901.0,1,1.87,0,7,2,2,2,86.7,38.8,3,10,1
Urban,10467.0,1,11.3,0,4,2,2,1,94.9,39.2,0,6,0
Urban,7533.0,1,5.8,0,5,2,2,2,20.1,78.5,1,4,0
Rural,2215.0,0,5.54,0,6,2,3,1,63.8,68.5,1,7,1
Rural,5593.0,2,14.21,1,8,2,1,2,85.7,56.8,6,10,1
Semi-urban,4963.0,1,5.5,0,6,3,2,2,23.5,54.1,1,10,0
Semi-urban,4151.0,0,7.2,0,8,2,3,3,84.8,68.6,1,7,0
Semi-urban,7297.0,1,0.6,0,3,2,3,1,26.8,52.7,1,5,1
Rural,8008.0,1,3.3,1,5,1,2,2,42.8,58.7,1,3,1
Semi-urban,6009.0,0,9.4,1,6,1,1,3,50.3,64.4,2,7,0
Urban,50000.0,1,2.1,2,5,1,1,2,60.0,75.7,0,8,0
Semi-urban,50000.0,0,22.5,0,3,1,3,2,60.2,44.7,2,9,1
Urban,10277.0,2,5.3,1,6,2,2,2,81.6,62.5,3,6,0
Semi-urban,16138.0,1,14.9,2,7,1,1,3,68.6,85.8,0,8,0
Rural,14313.0,2,0.71,0,10,2,1,3,18.8,54.4,0,6,0
Rural,6059.0,1,7.06,1,3,3,3,1,55.5,71.6,3,7,1
Rural,9986.0,1,16.51,1,6,2,2,2,75.3,76.1,2,6,1
Semi-urban,4452.0,1,1.9,2,8,3,1,3,58.0,35.3,2,6,0
Rural,5077.0,2,1.76,0,9,2,3,2,84.2,43.1,1,3,0
Urban,32172.0,1,14.6,2,4,2,3,1,41.6,66.9,3,7,1
Semi-urban,4673.0,1,1.1,2,4,3,3,2,53.3,69.2,0,3,1
Semi-urban,7595.0,0,3.8,2,8,3,3,3,53.9,62.8,2,6,1
Semi-urban,41970.0,0,13.7,1,7,3,3,3,15.3,74.6,5,6,1
Urban,6901.0,1,2.9,0,3,3,3,1,69.6,94.0,1,7,1
Semi-urban,13375.0,2,9.6,1,2,2,3,1,66.7,73.7,2,9,0
Urban,27699.0,1,4.6,1,3,3,2,2,83.3,47.8,4,7,0
Semi-urban,33811.0,0,7.1,2,10,3,1,3,72.0,60.8,2,9,0
Semi-urban,11759.0,1,7.7,1,6,2,2,3,65.1,76.8,0,8,0
Rural,4788.0,2,4.82,1,10,2,1,3,75.3,35.0,0,5,0
Rural,15669.0,1,14.15,0,6,3,3,2,44.7,53.7,1,7,1
Rural,16503.0,1,0.79,0,10,2,1,3,58.7,57.7,3,10,0
Urban,12859.0,1,28.0,1,9,2,2,3,75.5,66.5,0,4,0
Urban,22773.0,0,7.8,0,9,3,3,2,69.4,49.2,1,7,0
Rural,14060.0,2,50.0,2,2,1,2,1,59.1,44.9,4,6,1
Urban,7914.0,0,13.4,0,6,2,2,2,60.1,67.9,0,7,0
Semi-urban,4644.0,1,2.1,2,7,2,2,2,22.4,54.1,1,10,1
Rural,26416.0,0,11.07,1,6,2,1,3,44.6,56.8,2,4,1
Semi-urban,18386.0,2,4.0,0,9,2,3,2,21.8,59.5,3,8,1
Urban,11427.0,2,1.9,1,5,2,1,3,68.8,43.8,0,7,0
Rural,5378.0,1,15.19,0,7,3,1,3,74.3,52.2,0,8,0
Urban,5786.0,1,7.7,1,6,1,1,3,55.6,54.7,2,3,0
Urban,15748.0,0,10.6,1,4,3,2,2,62.1,90.7,0,7,0
Urban,5322.0,1,1.5,1,7,2,2,2,64.3,91.8,0,8,0
Rural,2321.0,1,2.66,2,8,3,3,1,21.1,72.3,2,8,1
Semi-urban,30919.0,0,5.2,1,6,2,2,2,65.8,60.2,1,6,0
Urban,13520.0,0,1.0,1,3,1,3,1,79.9,69.5,0,9,0
Semi-urban,18885.0,0,3.4,1,6,2,3,1,67.7,63.4,0,8,0
Rural,12328.0,1,9.31,1,4,3,1,2,65.2,72.0,0,6,0
Rural,3151.0,1,21.14,1,6,1,1,3,98.2,41.3,0,6,0
Semi-urban,3637.0,2,14.8,0,6,2,3,2,72.9,35.0,0,5,0
Semi-urban,31136.0,0,17.9,0,3,1,1,2,18.2,64.0,1,5,1
Semi-urban,23359.0,0,0.9,0,7,3,3,2,60.6,89.8,1,10,0
Urban,12758.0,0,25.9,1,8,2,2,3,32.3,56.7,1,8,0
Urban,13492.0,0,38.9,2,8,2,1,3,24.7,35.0,4,6,1
Semi-urban,3917.0,2,2.7,0,6,2,1,3,13.4,58.0,2,7,0
Semi-urban,8867.0,0,9.2,1,9,3,2,2,48.3,35.0,1,7,0
Rural,8192.0,0,19.81,1,7,3,2,2,45.7,41.2,1,9,1
Urban,13574.0,0,4.2,2,3,1,1,1,70.8,42.1,4,8,1
Semi-urban,8145.0,0,6.2,0,2,1,1,2,62.3,44.9,0,4,1
Urban,14883.0,2,17.2,1,9,3,2,2,32.6,35.6,1,5,0
Semi-urban,37848.0,1,22.6,1,10,3,3,2,10.0,79.8,0,7,0
Semi-urban,6654.0,2,3.3,1,7,3,2,2,56.3,48.9,1,6,0
Semi-urban,9407.0,1,2.5,1,6,3,2,3,61.6,39.0,0,7,0
Urban,43880.0,0,9.2,0,7,2,3,2,32.4,63.4,0,6,0
Rural,6794.0,1,39.27,0,6,3,2,1,52.9,73.8,0,8,0
Rural,19979.0,1,0.7,1,9,2,2,2,47.0,42.0,1,6,0
Semi-urban,6764.0,1,1.4,0,8,2,3,3,43.9,66.6,5,6,1
Urban,15627.0,1,15.9,0,5,1,2,3,27.0,64.9,1,10,0
Semi-urban,21011.0,1,3.4,0,4,1,3,2,67.4,99.0,0,6,0
Rural,3628.0,1,20.66,2,7,2,3,2,83.7,38.4,1,8,1
Rural,5301.0,0,1.79,1,2,1,3,2,61.2,60.4,2,10,1
Urban,7352.0,1,1.3,2,1,1,1,3,66.6,61.9,0,4,0
Urban,31199.0,1,8.4,0,5,3,2,2,44.0,43.9,8,3,1
Semi-urban,5408.0,0,1.8,1,8,2,1,3,61.6,35.0,9,7,1
Semi-urban,4996.0,1,1.4,0,4,2,3,1,36.7,54.6,3,3,1
Rural,3549.0,2,16.64,1,5,2,1,1,77.9,56.0,3,8,1
Rural,2000.0,1,11.63,1,3,2,2,1,37.3,53.9,2,8,1
Urban,10013.0,2,2.3,0,6,3,2,1,64.6,63.6,4,8,1
Urban,37734.0,2,5.8,0,3,1,2,2,82.7,100.0,1,8,0
Urban,14354.0,1,3.4,0,5,2,2,1,10.0,61.5,6,7,1
Urban,10265.0,1,1.6,1,2,2,3,1,56.7,76.4,4,6,1
Semi-urban,11260.0,0,5.4,0,10,3,2,2,82.5,71.6,0,6,0
Urban,50000.0,0,15.3,0,8,2,3,3,36.3,71.6,1,8,0
Semi-urban,50000.0,1,1.7,1,3,3,3,3,77.9,53.7,0,8,0
Rural,7912.0,0,20.7,0,8,2,1,3,84.4,55.9,0,5,0
Semi-urban,6415.0,2,4.6,0,5,1,2,2,93.3,68.2,0,6,0
Semi-urban,8688.0,1,4.4,1,7,2,3,2,51.1,37.4,6,2,1
Semi-urban,2961.0,0,11.0,1,3,3,3,1,10.0,35.0,1,6,1
Semi-urban,9717.0,0,8.2,0,10,3,3,2,26.4,72.4,0,10,0
Urban,12722.0,1,18.0,0,5,2,1,2,69.3,63.2,0,6,0
Semi-urban,3155.0,0,11.2,0,7,2,1,3,90.8,96.1,0,7,0
Semi-urban,2818.0,2,2.7,0,8,3,1,3,83.1,92.4,1,7,0
Urban,2880.0,0,0.6,1,7,3,3,1,83.9,40.3,5,6,1
Urban,4035.0,2,9.7,0,3,1,2,2,28.2,89.3,0,8,0
Urban,5131.0,0,1.5,1,4,1,1,3,52.3,75.8,1,7,0
Rural,23246.0,2,9.11,2,8,3,2,2,46.2,65.4,2,6,0
Urban,50000.0,0,14.9,0,2,1,3,2,26.1,42.6,2,3,1
Rural,3045.0,0,28.66,0,3,2,2,1,64.7,41.8,0,5,1
Rural,3777.0,1,0.89,2,4,2,1,3,51.9,59.7,0,10,0
Urban,9103.0,1,1.9,1,9,3,3,2,53.4,82.7,1,3,0
Rural,14860.0,0,16.59,0,8,3,2,3,41.8,66.0,0,7,0
Urban,27700.0,2,4.4,0,5,1,3,2,78.7,54.2,8,7,1
Rural,19349.0,0,4.5,1,8,3,1,3,41.6,43.5,3,7,0
Urban,46788.0,0,7.6,0,9,2,2,3,64.9,51.7,0,5,0
Semi-urban,49233.0,1,5.0,1,3,1,3,2,84.5,59.6,0,5,0
Semi-urban,6788.0,0,2.7,1,7,3,2,3,72.1,65.1,0,9,0
Rural,4084.0,0,4.57,2,6,2,3,1,75.2,81.5,0,7,1
Semi-urban,14332.0,0,5.2,0,6,1,1,2,69.9,75.6,3,9,1
Urban,8861.0,2,2.0,2,7,2,1,3,42.3,38.5,1,8,0
Urban,3495.0,1,2.5,2,10,3,2,2,44.1,49.1,1,6,0
Semi-urban,8604.0,1,13.3,1,4,1,3,3,89.5,64.6,0,8,0
Rural,4480.0,0,0.78,0,7,2,1,3,36.8,81.0,1,7,0
Rural,11523.0,2,1.02,2,3,2,3,3,45.2,50.3,2,6,1
Semi-urban,19067.0,1,11.4,1,8,2,2,3,80.4,43.4,0,6,0
Semi-urban,21307.0,2,1.9,1,9,2,1,3,71.5,64.2,0,5,0
Semi-urban,28422.0,2,2.4,1,9,3,2,3,77.7,63.8,3,6,0
Urban,9870.0,1,14.6,0,4,1,2,2,13.8,68.6,3,4,1
Semi-urban,12028.0,0,14.4,0,10,2,1,3,40.3,54.7,1,8,0
Rural,5457.0,2,35.31,1,4,1,3,2,55.3,42.2,1,6,1
Semi-urban,12300.0,1,0.5,1,10,3,3,2,37.1,55.5,2,6,0
Semi-urban,27376.0,0,7.3,0,5,2,3,1,68.3,40.2,0,9,0
Urban,43690.0,1,27.7,2,3,1,2,2,68.0,73.5,0,10,0
Semi-urban,28177.0,2,3.5,0,6,2,2,2,70.1,67.9,6,7,1
Rural,5215.0,2,0.71,0,3,2,2,1,72.7,66.7,4,6,1
Rural,4588.0,0,12.33,1,8,3,2,3,68.0,35.0,0,4,1
Semi-urban,6149.0,1,2.8,0,9,2,2,2,74.4,72.6,0,8,0
Semi-urban,4319.0,2,13.5,1,10,3,1,3,31.5,42.8,1,3,0
Urban,9407.0,2,5.0,0,3,1,3,2,79.9,50.9,0,7,0
Rural,14501.0,2,6.05,2,3,1,3,3,59.2,69.7,0,6,1
Urban,11646.0,1,10.1,1,5,2,1,2,63.2,69.5,1,6,0
Rural,13184.0,0,0.99,1,3,1,3,1,10.0,38.4,1,8,1
Urban,5200.0,1,9.7,2,5,2,2,1,68.9,48.7,2,6,1
Urban,19797.0,0,20.5,0,5,2,2,2,23.0,62.0,0,9,0
Rural,40665.0,1,18.59,2,4,1,3,1,82.8,58.4,0,9,0
Urban,16715.0,1,1.2,0,7,3,3,1,93.7,57.5,4,3,1
Rural,4462.0,0,1.62,1,5,1,1,2,75.3,76.3,0,5,0
Urban,13207.0,2,13.8,1,7,2,3,1,55.9,81.6,1,6,0
Urban,15495.0,0,13.9,0,6,2,1,3,49.8,66.5,3,8,0
Urban,9139.0,1,17.0,1,7,2,3,3,10.0,42.5,2,4,1
Urban,7980.0,1,7.1,0,10,3,3,2,76.1,39.6,0,5,0
Semi-urban,16494.0,0,9.4,1,7,2,1,3,77.5,35.0,5,5,1
Semi-urban,5556.0,0,13.9,0,6,3,3,2,54.7,55.2,0,10,1
Rural,24494.0,1,10.04,1,7,3,1,2,52.0,52.6,1,10,0
Semi-urban,22142.0,0,13.2,0,9,2,3,2,91.0,50.9,4,9,1
Semi-urban,3530.0,1,5.4,0,8,2,2,2,57.1,68.1,1,8,0
Rural,10026.0,1,36.16,1,4,1,2,2,35.1,50.6,2,3,1
Semi-urban,40704.0,0,0.9,0,3,3,3,2,36.6,67.4,0,7,1
Semi-urban,20646.0,0,9.0,2,7,2,1,2,89.5,59.7,0,6,0
Urban,11106.0,0,10.7,2,7,3,3,1,87.0,65.2,0,9,0
Semi-urban,7876.0,0,17.9,1,6,2,2,2,71.5,98.8,0,8,0
Urban,3996.0,1,3.3,2,6,1,1,3,18.0,41.9,1,10,0
Semi-urban,2000.0,0,7.0,1,5,3,3,1,14.6,44.2,2,6,1
Rural,3071.0,1,6.48,0,6,1,2,2,56.8,78.8,1,5,0
Rural,5258.0,0,3.68,2,3,2,3,2,77.7,53.8,5,7,1
Semi-urban,4705.0,0,11.9,0,6,2,2,2,86.5,39.1,2,6,1
Semi-urban,16873.0,1,2.4,0,4,2,2,1,45.5,67.7,5,9,1
Rural,2185.0,0,8.72,2,5,1,1,3,76.6,77.8,0,3,0
Semi-urban,5751.0,1,2.6,0,1,1,3,2,27.4,62.7,3,8,1
Rural,3389.0,0,2.07,0,5,3,2,1,52.9,66.7,1,10,1
Urban,6445.0,0,0.5,0,9,2,2,3,79.9,78.1,0,9,0
Rural,27987.0,2,9.43,0,3,1,1,3,46.2,69.5,0,6,0
Urban,24072.0,0,23.4,1,8,2,1,2,53.6,46.3,2,7,0
Urban,19203.0,1,13.2,1,5,2,2,1,62.3,42.2,1,2,1
Rural,11909.0,0,0.89,1,10,3,2,3,53.3,35.0,1,3,1
Semi-urban,3477.0,2,0.5,1,6,1,1,2,76.5,46.3,2,8,0
Urban,12034.0,2,26.9,1,4,1,3,2,40.4,52.7,2,8,1
Urban,12755.0,1,8.2,0,3,1,2,2,71.5,87.4,0,9,0
Semi-urban,2000.0,0,2.6,1,3,2,2,1,58.3,63.6,0,5,1
Semi-urban,27248.0,0,13.5,1,7,1,2,3,27.5,35.0,1,3,1
Urban,7178.0,0,0.5,1,4,1,1,3,63.5,41.5,2,3,1
Urban,50000.0,1,1.1,0,6,2,3,2,38.4,58.3,1,5,0
Urban,12977.0,0,2.1,1,8,2,3,2,23.7,49.3,1,6,0
Urban,15649.0,1,11.3,1,7,3,2,2,79.6,60.7,0,8,0
Semi-urban,4362.0,1,5.8,1,6,2,1,2,79.0,74.0,0,4,0
Semi-urban,25901.0,2,13.3,0,4,2,2,2,65.6,73.1,5,6,1
Semi-urban,8221.0,1,10.4,0,3,2,1,1,31.3,70.3,3,9,1
Semi-urban,5488.0,1,1.6,2,5,2,3,1,75.2,39.4,0,6,1
Semi-urban,3426.0,1,13.0,1,5,3,1,2,18.0,35.0,5,7,1
Rural,22588.0,0,1.99,2,3,1,1,2,82.2,35.0,9,6,1
Semi-urban,2000.0,1,7.4,1,7,2,1,3,70.9,51.0,2,7,0
Urban,35977.0,0,4.1,0,4,1,1,2,58.5,45.7,5,7,1
Urban,6884.0,2,4.9,2,10,3,2,2,68.6,65.8,0,5,0
Rural,2559.0,0,5.73,1,10,3,2,3,74.1,39.7,3,5,1
Urban,8779.0,1,1.3,0,6,3,2,2,27.8,51.8,1,4,0
Rural,8355.0,0,4.05,0,2,3,3,1,49.7,56.4,2,8,1
Urban,19784.0,0,10.2,0,8,2,2,2,56.5,42.9,1,3,0
Urban,7858.0,0,4.7,0,9,2,2,3,79.3,94.3,0,10,0
Semi-urban,5874.0,0,0.5,0,1,1,3,1,51.9,79.4,2,4,1
Semi-urban,14492.0,1,0.9,0,7,2,1,3,85.2,70.8,1,7,0
Rural,3561.0,2,6.93,0,6,2,2,2,80.2,93.0,0,8,0
Semi-urban,10121.0,1,8.0,0,4,2,3,1,46.5,35.0,1,3,1
Urban,6698.0,2,10.4,2,10,3,1,3,90.8,93.1,0,8,0
Semi-urban,10800.0,2,24.5,0,2,1,1,1,38.9,35.0,0,5,1
Semi-urban,5942.0,2,5.9,0,5,2,3,2,52.5,37.8,1,8,1
Rural,8886.0,1,6.79,0,6,2,3,1,40.6,70.2,2,10,1
Semi-urban,50000.0,0,1.3,0,4,1,2,2,57.7,54.4,3,6,1
Rural,11244.0,0,20.39,2,4,1,2,3,72.0,54.1,3,10,1
Urban,13509.0,0,7.6,0,5,1,2,2,40.3,89.7,2,9,0
Urban,24726.0,1,8.8,0,10,3,1,3,57.7,78.2,1,7,0
Semi-urban,12940.0,1,18.7,2,6,2,1,2,60.2,52.2,0,9,0
Urban,5321.0,0,3.1,0,7,2,3,2,86.1,62.6,1,7,0
Semi-urban,19110.0,0,3.8,1,4,2,3,1,65.6,69.0,3,7,1
Semi-urban,6292.0,1,7.9,0,9,3,2,2,43.6,49.9,3,7,0
Semi-urban,32870.0,1,5.2,0,10,3,1,2,65.2,77.2,2,5,0
Semi-urban,2218.0,2,12.7,1,7,3,1,2,63.8,65.0,2,6,0
Urban,14422.0,2,3.3,1,8,2,1,2,74.0,36.7,8,4,1
Rural,33234.0,0,19.02,1,7,3,3,2,88.9,76.4,0,8,0
Rural,3903.0,0,5.12,0,7,2,1,2,76.1,59.1,1,6,0
Semi-urban,14719.0,2,7.4,1,5,2,2,2,20.9,62.9,6,8,1
Urban,50000.0,1,8.5,0,7,2,1,2,63.4,73.6,3,8,0
Semi-urban,7972.0,0,0.8,1,6,2,2,2,46.7,51.2,1,8,0
Semi-urban,2000.0,1,10.8,0,10,3,3,3,75.6,75.1,0,4,0
Semi-urban,3781.0,0,25.3,0,6,2,2,3,30.2,54.7,0,4,1
Semi-urban,9724.0,2,7.6,1,6,3,3,1,37.9,46.6,4,5,1
Urban,14806.0,1,12.0,1,3,1,1,2,65.0,39.7,0,4,0
Semi-urban,2000.0,1,9.0,0,10,3,2,3,58.9,83.7,1,10,0
Urban,28888.0,1,1.8,1,3,1,1,3,91.8,77.7,1,6,0
Semi-urban,4281.0,2,1.9,1,5,1,3,3,10.0,41.4,2,7,1
Urban,3279.0,0,1.8,0,8,2,3,2,36.7,56.8,1,6,1
Rural,21375.0,2,16.84,0,9,2,2,3,54.6,62.7,3,4,0
Rural,2000.0,1,0.67,0,9,2,2,2,41.0,55.2,1,6,0
Semi-urban,4815.0,0,0.5,1,7,2,2,2,94.5,75.2,7,8,1
Rural,3179.0,2,0.76,2,10,3,1,3,96.3,100.0,0,8,0
Semi-urban,17951.0,2,17.4,0,6,3,3,2,74.1,51.8,0,9,1
Semi-urban,23885.0,2,16.3,0,6,1,1,3,77.4,80.8,0,8,0
Urban,3706.0,1,1.3,2,9,2,3,2,10.0,72.4,1,7,0
Urban,2102.0,1,3.7,0,8,3,1,3,58.3,63.3,1,7,0
Rural,6200.0,0,4.86,0,8,2,2,2,24.9,53.4,2,5,1
Semi-urban,13215.0,2,22.9,1,4,1,2,1,72.1,63.0,0,6,0
Semi-urban,14745.0,0,7.6,1,8,2,1,3,11.3,79.0,1,8,0
Urban,15175.0,2,1.8,0,4,1,2,2,91.9,69.5,0,10,0
Semi-urban,4008.0,0,12.3,2,5,3,3,2,69.2,35.0,0,4,1
Urban,13889.0,1,1.4,1,10,3,1,2,81.8,35.0,3,6,0
Urban,6825.0,1,4.0,1,7,2,1,3,73.9,67.3,0,8,0
Semi-urban,14667.0,1,14.3,1,6,2,3,1,30.2,35.0,1,7,1
Urban,4489.0,1,2.9,0,4,1,1,2,85.8,67.6,0,8,0
Urban,8767.0,2,14.0,0,10,3,1,2,87.4,100.0,4,9,0
Rural,39676.0,0,7.18,2,5,2,3,2,46.9,57.9,3,4,1
Rural,20238.0,0,8.54,0,7,2,2,2,65.3,79.9,2,5,0
Rural,2891.0,1,3.25,1,10,3,2,3,19.5,61.1,0,6,0
Urban,17891.0,0,13.1,1,6,2,1,2,26.0,57.9,3,2,1
Rural,8601.0,1,10.07,0,9,3,2,2,36.0,59.8,2,7,0
Urban,24827.0,2,6.4,0,2,1,2,2,71.3,41.6,0,5,0
Semi-urban,8517.0,1,6.2,0,4,2,2,1,55.8,35.0,1,7,1
Rural,4701.0,1,7.74,2,8,2,2,1,76.6,48.8,0,7,0
Rural,11168.0,1,8.07,1,5,2,3,1,72.1,51.0,1,7,0
Urban,14902.0,2,5.0,0,7,1,2,3,74.0,35.0,0,5,0
Semi-urban,6269.0,0,4.8,0,8,2,3,2,72.8,84.7,0,7,0
Rural,3606.0,0,2.69,1,6,2,3,3,64.9,76.8,0,6,1
Semi-urban,5501.0,1,1.2,0,5,1,2,2,94.0,72.0,0,7,0
Semi-urban,10867.0,0,0.9,2,3,1,3,3,84.6,88.4,1,6,1
Semi-urban,29803.0,1,2.9,2,3,2,3,2,58.7,52.4,4,2,1
Semi-urban,50000.0,1,3.4,0,7,2,1,3,13.8,75.9,1,7,0
Rural,5455.0,0,8.61,1,4,1,3,3,72.1,41.1,0,4,1
Semi-urban,4241.0,0,17.2,0,4,1,3,2,64.1,46.0,0,10,0
Rural,10603.0,0,50.0,2,8,2,3,2,67.7,53.3,3,7,1
Semi-urban,6614.0,1,5.3,0,6,2,2,1,83.3,71.2,3,10,0
Rural,3133.0,0,2.52,0,10,3,3,2,89.2,40.5,0,6,0
Semi-urban,16195.0,0,10.7,0,3,3,3,1,51.2,53.7,0,7,1
Rural,19079.0,1,5.75,1,6,1,2,2,87.2,85.8,0,7,0
Semi-urban,32712.0,1,3.6,1,2,2,3,1,54.2,42.3,0,7,1
Rural,3445.0,2,12.95,0,6,2,1,1,27.3,75.9,0,8,0
Urban,5508.0,1,1.4,0,9,2,3,2,85.5,61.2,2,5,0
Semi-urban,17761.0,2,0.5,0,3,1,2,2,69.1,59.6,1,7,0
Semi-urban,30473.0,1,13.2,1,10,3,2,2,20.1,77.4,6,6,1
Urban,12488.0,1,5.0,1,4,2,3,1,72.0,41.8,0,5,0
Semi-urban,12118.0,0,0.5,1,8,2,1,2,67.1,70.0,0,6,0
Semi-urban,40965.0,2,1.5,2,7,3,2,2,76.3,70.5,0,8,0
Rural,2000.0,0,3.8,0,7,2,3,2,95.9,65.8,0,4,0
Rural,31530.0,0,1.95,1,3,1,1,3,29.4,35.0,1,3,1
Semi-urban,12368.0,1,3.9,1,4,1,2,2,56.9,59.8,4,7,1
Urban,13073.0,1,13.4,1,5,2,2,2,42.2,51.4,1,5,1
Semi-urban,27410.0,0,2.8,1,2,1,3,1,89.5,90.2,0,5,0
Rural,3665.0,0,17.01,2,6,2,2,2,51.6,51.9,0,8,1
Semi-urban,12138.0,0,2.6,2,4,1,1,2,87.7,66.7,1,8,0
Urban,21314.0,1,2.3,0,6,1,1,2,73.7,77.5,0,10,0
Semi-urban,9573.0,0,7.4,1,3,1,3,2,85.9,75.7,0,6,0
Urban,15681.0,1,1.1,2,8,2,2,2,73.8,85.2,3,7,0
Semi-urban,6983.0,1,21.0,1,5,1,2,2,83.4,53.0,1,8,0
Semi-urban,12894.0,2,5.0,2,10,2,1,3,63.3,76.2,0,5,0
Rural,2000.0,0,18.55,0,10,3,1,2,16.9,68.0,0,8,0
Rural,3887.0,0,20.49,1,7,2,1,2,32.0,56.3,0,8,1
Urban,12197.0,1,6.1,1,3,3,1,1,87.3,83.6,3,9,0
Urban,9340.0,0,29.4,1,6,3,2,2,37.7,68.8,1,10,0
Semi-urban,10076.0,1,0.5,1,9,3,1,3,84.9,80.6,0,6,0
Semi-urban,9409.0,1,1.2,1,8,3,2,3,47.2,46.7,5,5,1
Semi-urban,26738.0,1,4.8,0,9,3,3,2,34.0,90.7,0,9,0
Semi-urban,5150.0,2,0.5,0,8,3,1,2,19.8,62.6,1,8,0
Semi-urban,34004.0,0,3.1,0,8,2,2,2,54.0,71.4,1,10,0
Rural,29362.0,2,8.57,0,3,3,3,1,54.3,54.9,6,7,1
Semi-urban,8723.0,1,0.5,2,9,3,3,2,75.9,53.8,0,6,0
Rural,3225.0,0,7.43,0,5,1,1,3,28.4,59.3,0,8,0
Semi-urban,10145.0,1,1.3,2,4,1,3,1,21.9,70.1,0,8,0
Rural,4762.0,1,48.49,1,10,3,2,3,47.6,70.6,0,6,0
Semi-urban,6606.0,1,13.0,0,9,2,1,2,87.1,42.5,0,6,0
Urban,2000.0,0,1.9,2,6,3,1,2,90.1,86.0,0,4,0
Urban,24955.0,0,5.5,1,7,3,3,2,95.7,73.9,0,6,0
Urban,9071.0,0,4.6,1,3,1,3,1,79.6,35.0,0,5,1
Urban,11774.0,2,32.4,0,5,2,3,3,15.4,65.9,0,8,0
Urban,17672.0,1,7.3,0,10,3,2,2,86.1,72.9,0,4,0
Semi-urban,12637.0,0,1.9,2,4,2,2,2,73.6,35.0,0,5,1
Rural,4600.0,2,18.64,1,10,2,2,3,84.6,76.4,0,6,0
Urban,34843.0,0,14.8,1,6,2,2,3,91.8,75.3,0,6,0
Urban,11958.0,1,12.6,1,5,2,3,1,72.2,43.8,2,7,1
Semi-urban,4402.0,1,2.2,1,2,1,2,2,61.8,61.2,0,4,1
Rural,8348.0,0,25.15,1,5,1,3,1,64.7,81.0,0,5,1
Semi-urban,2000.0,1,10.3,0,5,1,3,2,44.4,59.5,1,9,1
Urban,33851.0,2,17.0,2,6,2,3,2,15.7,40.0,1,7,1
Semi-urban,5619.0,0,6.5,0,7,2,2,2,30.9,58.3,1,6,1
Rural,6124.0,2,3.14,1,5,2,3,1,10.7,71.8,1,6,0
Urban,11407.0,0,4.7,2,1,1,1,2,42.1,42.9,1,8,1
Rural,12666.0,2,5.3,0,9,2,2,2,37.8,51.0,0,7,0
Semi-urban,7912.0,1,8.4,0,2,1,2,1,63.9,81.1,3,6,1
Rural,18807.0,0,8.23,2,5,1,1,3,56.3,35.0,2,7,1
Urban,22409.0,1,14.4,0,5,2,2,1,82.6,65.3,0,7,0
Semi-urban,4608.0,2,5.3,1,8,2,3,2,93.8,62.0,0,4,0
Rural,21172.0,1,20.66,0,7,2,1,2,83.1,62.5,5,9,1
Urban,7271.0,1,23.3,2,1,1,3,1,51.8,69.3,1,6,1
Urban,9888.0,0,25.5,2,6,2,3,2,50.0,71.6,0,5,1
Rural,5316.0,0,8.36,0,5,2,2,1,56.8,85.0,2,5,1
Semi-urban,4129.0,2,14.0,1,9,3,3,2,16.3,55.3,2,7,0
Semi-urban,9517.0,1,6.4,0,4,2,3,2,92.4,44.8,0,7,0
Rural,9298.0,0,15.5,0,4,1,3,2,44.1,66.3,1,5,1
Semi-urban,33464.0,2,1.5,2,4,1,2,2,62.1,42.3,0,7,0
Rural,9315.0,1,0.78,1,7,2,2,2,63.2,49.3,4,2,1
Semi-urban,19521.0,2,5.1,0,8,2,1,3,74.7,51.2,0,8,0
Urban,2000.0,2,5.2,1,3,3,3,2,51.4,35.3,1,7,0
Semi-urban,14176.0,0,5.0,1,4,1,2,2,62.3,50.2,1,6,1
Semi-urban,10052.0,2,3.5,1,3,1,1,2,31.2,73.1,5,7,1
Semi-urban,2398.0,0,16.7,2,7,2,1,3,11.8,51.8,1,7,1
Semi-urban,6101.0,0,3.1,1,6,2,2,2,94.0,54.4,1,7,1
Rural,4264.0,1,2.02,0,4,2,3,2,21.1,65.4,1,6,0
Rural,7830.0,0,34.48,0,2,2,3,2,40.2,48.7,0,8,1
Rural,3248.0,1,27.32,0,5,2,2,2,57.6,92.2,0,8,0
Rural,2000.0,2,19.68,1,10,3,2,2,25.8,54.1,0,6,0
Semi-urban,22179.0,1,4.6,2,6,2,3,2,33.9,64.2,2,10,0
Urban,6312.0,0,2.3,1,3,1,2,3,14.5,46.1,0,8,1
Urban,4712.0,0,32.5,1,6,2,1,3,32.9,58.6,0,8,0
Rural,8919.0,2,9.9,1,7,2,1,3,65.4,40.0,1,10,0
Rural,16860.0,2,0.76,1,10,2,1,3,85.9,87.9,1,7,0
Rural,13279.0,1,5.3,1,6,1,3,2,90.1,84.7,0,7,0
Rural,7066.0,1,24.37,0,4,3,3,1,54.8,40.3,0,4,1
Urban,14387.0,1,26.7,0,5,2,1,2,50.7,74.3,1,7,0
Semi-urban,6916.0,0,2.3,1,9,2,2,2,57.8,55.2,2,6,1
Rural,20133.0,0,1.33,2,5,2,3,1,25.1,43.3,1,5,1
Rural,5199.0,2,50.0,2,5,3,2,3,71.6,89.7,0,5,0
Semi-urban,3722.0,1,6.4,1,4,1,2,3,72.1,64.0,0,5,0
Semi-urban,6971.0,1,8.9,0,7,2,3,2,70.0,70.2,0,10,0
Urban,50000.0,1,0.9,1,2,1,3,2,73.3,35.0,0,5,0
Urban,20786.0,2,1.7,0,5,2,2,2,77.4,56.2,0,5,0
Semi-urban,7109.0,1,4.9,0,6,2,2,2,77.2,100.0,0,10,0
Semi-urban,20668.0,2,20.7,2,5,2,3,3,41.0,71.2,2,10,1
Urban,17773.0,0,1.1,1,8,2,3,2,73.5,77.5,1,10,0
Rural,20868.0,0,0.67,0,9,3,1,2,70.0,98.2,1,7,0
Semi-urban,10740.0,1,11.9,0,5,1,3,1,88.0,69.2,0,8,0
Rural,6486.0,0,0.94,0,5,2,2,1,67.5,74.4,0,10,0
Rural,6467.0,1,2.54,2,6,2,2,3,12.0,35.0,0,7,1
Semi-urban,4819.0,1,1.6,2,4,2,3,3,44.9,60.8,5,8,1
Urban,26902.0,0,1.6,1,9,2,1,3,90.0,69.5,0,10,0
Urban,13643.0,2,6.7,0,6,3,3,3,54.5,58.2,0,3,1
Urban,37273.0,0,1.3,0,10,3,3,2,10.0,35.0,1,1,0
Semi-urban,4400.0,0,6.6,0,5,2,3,3,69.2,82.5,6,7,1
Urban,19900.0,0,6.8,1,6,3,2,1,74.6,35.0,0,3,0
Semi-urban,8075.0,1,5.8,1,4,2,3,1,62.8,92.4,0,8,0
Rural,20627.0,2,0.77,1,3,1,3,2,73.9,68.5,2,5,1
Semi-urban,11808.0,1,1.6,1,5,1,1,2,66.2,42.7,0,7,0
Semi-urban,2976.0,1,16.4,0,8,2,1,3,65.8,72.5,0,8,0
Urban,8926.0,1,0.5,0,7,2,1,2,73.1,63.3,2,8,0
Urban,50000.0,0,4.9,1,5,3,1,2,42.5,41.8,3,3,1
Rural,17809.0,2,9.74,1,10,3,2,3,25.1,50.0,1,6,0
Semi-urban,4660.0,0,8.6,1,9,3,3,1,79.6,44.7,0,6,0
Urban,14057.0,0,10.5,1,7,2,3,2,65.3,66.8,2,3,0
Urban,17076.0,1,25.8,0,7,2,1,3,70.3,69.3,0,8,0
Rural,16025.0,0,3.3,0,6,2,1,3,44.8,63.0,1,8,0
Urban,34694.0,0,2.9,1,6,3,2,3,35.5,40.4,0,7,0
Semi-urban,5957.0,1,3.9,1,7,2,2,3,54.7,35.0,1,4,0
Rural,5450.0,1,3.93,2,2,1,2,1,77.5,52.3,1,8,1
Rural,4789.0,1,7.28,1,5,1,1,2,30.7,75.9,4,7,1
Urban,12064.0,1,17.5,0,7,3,2,2,67.6,50.7,3,9,0
Rural,9761.0,2,31.06,1,6,3,2,3,44.4,63.4,0,8,0
Semi-urban,7513.0,1,3.1,0,5,2,3,2,39.4,87.3,1,7,0
Urban,33447.0,1,20.4,1,9,3,3,3,38.9,49.6,1,4,0
Semi-urban,16349.0,1,4.9,1,5,2,2,2,47.0,85.6,1,6,0
Urban,21439.0,1,3.4,0,4,1,2,2,90.6,43.7,1,7,0
Rural,3867.0,1,0.87,1,7,2,1,3,67.1,88.5,1,6,0
Urban,6147.0,2,0.9,0,3,2,3,1,32.8,80.2,7,6,1
Semi-urban,3616.0,0,3.9,0,6,2,1,1,77.2,77.3,7,8,1
Rural,6970.0,0,1.16,1,10,3,1,3,65.6,90.5,0,7,0
Semi-urban,41708.0,1,1.1,0,3,1,1,1,78.0,45.0,0,6,0
Urban,34197.0,0,24.5,1,6,3,2,1,65.5,79.8,2,3,1
Urban,8709.0,2,0.5,1,7,2,2,2,69.0,90.4,0,6,0
Semi-urban,7953.0,2,6.8,2,4,1,2,2,36.7,46.2,0,6,0
Urban,14095.0,0,13.3,2,3,1,3,1,35.6,48.0,6,5,1
Rural,2616.0,2,4.65,1,6,2,1,3,63.2,65.4,0,7,0
Urban,7007.0,2,4.7,1,7,2,2,2,38.6,67.7,1,6,0
Urban,11077.0,0,2.5,0,4,1,1,3,25.4,66.8,4,8,1
Urban,11841.0,0,19.6,0,6,3,2,1,45.2,70.5,0,7,0
Urban,3571.0,1,13.0,0,5,1,1,2,32.0,100.0,0,8,0
Rural,27166.0,1,8.13,0,3,1,1,2,57.1,37.5,1,9,1
Urban,17502.0,0,10.3,0,2,2,3,2,14.0,35.0,2,7,1
Semi-urban,18161.0,1,4.5,0,5,2,3,2,28.9,50.3,4,7,1
Semi-urban,3153.0,0,23.3,1,6,3,1,2,87.1,100.0,0,8,0
Semi-urban,11609.0,2,3.6,1,9,3,1,3,95.1,64.9,1,7,0
Urban,17383.0,1,7.9,0,6,2,1,2,85.5,70.6,0,7,0
Urban,18093.0,2,18.6,2,5,2,3,1,61.2,57.8,0,9,0
Semi-urban,6715.0,2,3.8,1,8,2,3,3,86.2,47.7,1,7,0
Semi-urban,5875.0,1,1.0,0,5,2,2,3,91.9,95.2,3,5,0
Urban,5776.0,0,10.9,1,5,3,3,1,86.1,97.6,0,5,0
Urban,21624.0,0,18.2,1,7,3,3,1,73.2,51.0,1,4,1
Rural,2719.0,0,3.37,1,4,2,3,2,72.4,62.6,0,9,0
Rural,3908.0,0,12.03,2,8,2,2,3,21.0,35.0,1,5,1
Semi-urban,8659.0,1,6.3,0,8,3,1,3,44.7,82.2,0,7,0
Semi-urban,9004.0,0,1.9,1,7,2,3,3,81.0,35.0,2,5,1
Semi-urban,9555.0,1,9.7,0,3,1,2,2,20.8,92.9,1,8,1
Semi-urban,17311.0,0,4.2,2,6,3,3,2,85.7,76.3,0,9,0
Semi-urban,4935.0,1,4.0,0,4,1,2,2,65.7,39.6,1,5,0
Urban,8242.0,0,11.9,1,4,1,1,3,41.1,69.1,1,8,0
Semi-urban,32012.0,1,13.9,2,8,2,3,2,87.3,56.4,7,6,1
Semi-urban,7609.0,2,9.8,0,6,3,2,1,91.1,41.1,1,9,0
Urban,20035.0,0,4.1,0,8,2,3,2,88.3,79.6,1,10,0
Rural,2000.0,1,6.92,2,4,1,2,2,59.2,43.2,5,7,1
Semi-urban,12013.0,2,0.5,0,6,2,3,2,82.5,52.7,1,10,0
Rural,21430.0,1,7.2,2,9,2,2,2,29.9,49.4,1,4,0
Rural,30239.0,1,10.2,1,9,2,2,2,43.6,50.5,5,10,1
Semi-urban,7952.0,1,14.3,1,9,2,2,2,94.8,70.8,0,7,0
Semi-urban,8408.0,2,3.2,0,10,2,1,3,23.9,63.0,1,10,0
Semi-urban,6081.0,0,1.8,2,2,2,3,1,79.4,69.0,0,8,1
Urban,10844.0,1,8.9,2,9,2,1,3,10.7,69.4,2,9,0
Urban,17243.0,0,3.5,0,5,2,1,1,38.9,90.1,1,8,0
Rural,3060.0,0,16.27,0,10,3,3,2,90.9,71.0,0,10,0
Rural,2130.0,0,3.18,0,10,3,1,3,70.2,67.6,7,5,1
Semi-urban,3493.0,0,15.1,1,4,2,2,3,54.4,63.0,0,8,1
Rural,3825.0,0,2.83,1,3,1,1,3,36.2,51.6,0,4,1
Semi-urban,12137.0,0,1.6,2,6,3,3,1,27.8,38.8,2,9,1
Semi-urban,3829.0,2,37.1,1,4,2,1,2,77.1,65.6,0,10,0
Rural,3684.0,2,6.31,0,7,2,1,3,63.2,63.5,3,6,0
Urban,4296.0,2,0.6,0,3,1,1,3,38.2,61.9,7,10,1
Rural,25055.0,2,10.28,2,5,2,2,2,69.1,47.2,0,10,0
Semi-urban,4120.0,1,1.1,1,4,2,3,1,47.4,72.5,1,6,1
Urban,15920.0,0,0.5,1,4,1,2,2,34.8,69.6,1,7,0
Semi-urban,6660.0,1,1.5,1,3,1,1,1,78.5,52.5,4,7,1
Semi-urban,36887.0,2,0.5,0,1,1,2,2,59.8,68.4,3,9,1
Urban,8419.0,1,36.1,1,7,2,3,3,56.8,79.1,0,10,0
Semi-urban,27253.0,0,2.4,1,7,3,3,2,48.0,57.2,2,9,1
Urban,13622.0,0,18.8,0,7,2,2,2,72.7,63.9,1,6,0
Urban,3264.0,2,0.8,2,10,2,2,3,87.3,75.3,0,8,0
Urban,10370.0,0,21.2,0,9,3,1,2,21.4,76.0,1,7,0
Semi-urban,15997.0,2,29.1,2,6,3,3,3,10.0,39.8,6,8,1
Rural,9457.0,0,16.44,0,7,2,1,2,72.8,43.3,0,3,1
Urban,32794.0,0,5.0,0,2,1,1,1,92.8,99.1,0,7,0
Semi-urban,41928.0,1,13.1,1,4,2,2,1,71.0,55.5,1,4,1
Urban,23029.0,1,3.4,2,6,1,2,3,83.8,58.1,0,6,0
Urban,15056.0,1,26.2,0,6,2,3,2,44.5,47.8,1,3,1
Urban,26600.0,0,0.5,1,5,1,2,2,70.1,88.1,0,10,0
Rural,21056.0,0,24.26,1,9,2,3,3,46.1,60.7,0,10,0
Semi-urban,15269.0,0,15.2,1,2,2,3,3,38.3,63.2,0,10,1
Rural,3252.0,1,13.66,0,6,3,2,2,10.9,84.6,1,7,0
Semi-urban,11255.0,2,17.8,0,3,2,2,2,47.5,48.6,0,2,0
Rural,2626.0,2,3.45,0,8,2,2,3,59.4,69.9,0,6,0
Semi-urban,16907.0,1,0.5,1,9,2,1,3,52.6,49.8,2,4,0
Rural,7405.0,2,12.35,0,8,3,2,2,42.7,35.0,7,5,1
Rural,23257.0,1,7.46,1,10,2,2,3,60.4,76.2,0,6,0
Rural,8679.0,0,7.59,0,8,3,3,3,89.6,100.0,4,8,0
Urban,34645.0,0,11.2,0,9,2,3,3,24.4,65.6,0,10,0
Rural,3741.0,1,13.18,0,2,1,3,2,69.7,60.0,0,5,1
Rural,8027.0,0,15.38,0,7,3,2,2,54.1,38.5,1,8,0
Rural,12694.0,1,3.81,1,6,2,1,2,99.0,47.9,1,6,0
Urban,15115.0,1,12.6,0,6,2,2,1,68.8,40.1,0,10,0
Urban,11002.0,1,16.0,0,6,2,1,1,76.5,52.6,0,4,0
Urban,6634.0,0,15.2,0,5,2,2,2,77.0,47.8,0,5,0
Urban,33823.0,0,8.5,0,8,2,1,2,75.0,45.0,0,3,0
Urban,36604.0,0,0.5,2,4,3,3,3,26.4,43.1,1,4,1
Urban,16332.0,1,2.5,1,6,3,2,3,96.5,70.2,0,6,0
Semi-urban,8137.0,2,7.1,1,7,3,2,2,61.0,41.5,0,6,0
Rural,9233.0,1,27.8,0,7,2,3,2,72.7,81.4,1,8,0
Rural,3597.0,0,13.16,0,2,1,2,3,19.4,35.0,1,3,1
Rural,29813.0,1,6.77,2,4,2,2,1,54.9,71.8,2,9,1
Urban,10800.0,0,10.5,2,5,2,2,1,31.9,70.2,1,6,1
Urban,24801.0,1,1.8,0,6,2,2,2,30.4,57.7,2,7,0
Semi-urban,13696.0,1,5.3,0,3,3,2,2,62.6,64.7,0,4,0
Semi-urban,8898.0,1,5.1,0,9,2,2,3,69.4,57.2,4,4,1
Semi-urban,16361.0,2,2.9,1,2,1,3,3,19.7,56.4,0,7,1
Semi-urban,20435.0,0,5.9,1,9,2,3,2,61.6,59.9,0,4,0
Urban,14885.0,0,5.6,1,3,1,3,3,58.8,67.7,1,7,1
Semi-urban,14129.0,0,1.1,0,6,3,2,1,62.3,97.9,0,8,0
Rural,4755.0,1,20.08,1,6,2,2,1,59.6,39.7,1,4,1
Urban,16955.0,0,3.6,1,3,2,2,2,45.5,54.4,3,5,1
Urban,50000.0,0,4.9,0,9,3,3,2,82.9,82.2,3,6,0
Urban,43494.0,0,8.2,0,6,2,3,1,75.5,53.1,0,8,0
Urban,2074.0,1,10.1,1,7,3,3,3,79.7,100.0,0,9,0
Rural,5853.0,2,0.88,0,4,1,1,2,25.2,69.4,0,4,0
Urban,2863.0,1,12.7,0,6,2,1,2,46.3,80.2,1,5,0
Rural,20381.0,1,10.81,1,4,1,3,1,37.4,60.3,3,8,1
Urban,7513.0,2,10.6,1,5,1,1,2,25.1,63.9,8,6,1
Urban,9023.0,1,12.8,1,4,2,3,1,73.8,51.6,8,9,1
Rural,18170.0,1,8.08,0,7,3,1,2,85.1,75.9,0,6,0
Rural,8030.0,1,13.85,2,7,2,1,2,88.1,89.9,0,10,0
Rural,3266.0,0,13.22,1,4,1,3,1,17.1,90.1,0,6,1
Semi-urban,6744.0,0,1.1,2,5,1,2,3,64.9,38.0,0,4,1
Urban,20452.0,0,34.5,1,7,2,2,3,56.2,59.6,3,7,0
Urban,15457.0,0,0.9,0,5,2,3,2,54.3,83.3,0,8,0
Rural,50000.0,1,2.89,1,3,1,1,2,56.9,39.1,0,10,0
Rural,8768.0,0,3.88,2,7,2,1,3,96.4,76.0,0,4,0
Semi-urban,24498.0,2,4.3,0,9,3,3,2,61.8,66.0,0,6,0
Semi-urban,6871.0,1,2.5,2,5,2,3,2,21.4,38.7,6,8,1
Semi-urban,21100.0,0,0.5,1,4,2,2,2,81.3,43.4,4,9,1
Semi-urban,2002.0,1,45.6,2,10,3,2,2,81.6,59.0,1,6,0
Semi-urban,5374.0,2,8.7,2,6,3,2,3,30.7,36.1,5,7,1
Semi-urban,25666.0,0,11.6,2,10,3,2,3,10.7,80.4,1,10,0
Urban,23901.0,2,3.2,1,8,3,2,3,67.0,64.8,0,8,0
Urban,43265.0,1,0.5,0,9,3,3,2,53.9,65.0,1,6,0
Urban,4223.0,0,2.3,2,5,1,2,3,70.0,68.4,0,9,0
Urban,37260.0,2,4.0,1,2,1,3,2,40.9,35.0,0,3,1
Urban,5240.0,1,4.6,2,4,1,2,3,10.0,60.2,1,8,0
Urban,15329.0,1,13.6,1,10,3,2,2,46.0,66.8,1,7,0
Rural,9588.0,0,2.96,2,3,1,3,2,90.4,67.7,0,6,1
Urban,12001.0,1,10.2,1,2,3,3,3,55.2,58.9,0,6,0
Semi-urban,2544.0,1,4.6,0,7,2,2,2,25.0,40.2,5,9,1
Rural,5638.0,1,5.63,2,3,1,2,1,76.5,83.1,0,5,0
Rural,8656.0,0,13.99,1,10,3,3,2,40.3,59.4,1,6,0
Urban,3146.0,1,20.6,1,4,2,3,3,59.4,41.7,1,3,1
Urban,4574.0,0,4.1,1,5,3,2,1,84.3,47.7,3,4,1
Rural,3518.0,0,27.87,2,7,3,2,2,48.0,59.7,0,8,0
Semi-urban,19515.0,1,4.3,0,5,2,2,2,85.2,100.0,0,6,0
Rural,17190.0,0,4.8,2,3,1,3,2,48.0,56.3,5,5,1
Rural,17476.0,0,8.87,1,7,3,3,3,20.7,63.6,0,7,0
Urban,6125.0,0,2.6,1,4,2,3,1,47.7,41.5,1,6,1
Rural,34266.0,1,2.31,0,7,2,1,3,49.4,60.1,7,10,1
Urban,9523.0,1,4.2,1,1,2,2,1,13.7,51.3,4,6,1
Rural,15719.0,0,3.73,2,9,2,1,3,24.5,60.8,0,8,0
Semi-urban,14408.0,1,6.6,2,9,2,1,3,77.9,40.3,0,5,0
Rural,5137.0,2,1.8,0,2,2,3,1,11.5,55.0,1,6,1
Urban,50000.0,0,7.9,2,4,2,3,1,51.2,58.3,2,7,1
Rural,16224.0,0,0.72,0,8,2,2,1,36.3,68.9,3,10,1
Semi-urban,13296.0,0,7.9,0,3,1,2,2,50.8,66.3,1,6,1
Semi-urban,50000.0,1,3.2,0,4,1,1,3,10.0,50.0,6,4,1
Semi-urban,7787.0,0,0.6,2,8,3,3,2,45.5,71.6,1,5,1
Semi-urban,3262.0,2,7.3,2,2,2,3,2,56.8,66.2,0,6,1
Semi-urban,5918.0,1,15.3,2,6,1,2,3,73.2,39.5,3,10,1
Urban,6771.0,1,1.6,1,1,1,2,1,82.5,74.4,0,4,1
Rural,14487.0,0,10.43,0,9,3,3,2,63.8,99.4,0,10,0
Rural,22806.0,1,4.51,1,10,3,2,3,82.2,60.1,3,10,0
Rural,4510.0,1,2.01,0,4,1,3,1,70.6,85.8,0,5,1
Urban,6704.0,1,22.8,2,6,2,1,3,96.2,70.6,0,6,0
Semi-urban,9551.0,0,14.5,1,3,2,3,1,29.6,52.7,5,10,1
Urban,2000.0,0,21.9,2,10,3,1,3,58.3,49.6,1,8,0
Rural,5733.0,2,33.37,2,8,3,2,2,18.2,57.3,1,5,0
Rural,18951.0,1,8.46,1,7,2,2,2,43.2,35.0,1,7,0
Rural,4651.0,1,9.05,1,3,2,3,2,58.6,70.8,1,4,1
Rural,5822.0,0,25.4,2,9,3,2,3,35.9,43.1,2,10,1
Semi-urban,23987.0,1,1.1,1,4,2,3,1,45.9,62.3,3,9,1
Rural,29872.0,0,6.74,2,9,3,2,3,74.8,39.2,0,7,0
Urban,5893.0,1,8.5,0,6,3,3,1,45.6,65.3,1,5,0
Semi-urban,5314.0,1,19.7,0,4,3,3,1,68.2,71.2,2,3,1
Urban,4783.0,1,39.3,2,5,2,2,3,67.1,50.1,3,4,1
Semi-urban,11252.0,0,18.2,0,4,2,3,1,23.4,49.2,0,7,1
Urban,47135.0,1,6.4,0,3,1,3,1,44.5,53.5,5,5,1
Urban,5997.0,1,1.3,0,4,1,1,2,59.8,81.4,4,6,1
Semi-urban,3759.0,2,2.6,0,3,1,2,1,73.2,45.7,0,7,1
Urban,15304.0,1,2.2,0,2,1,3,2,38.1,69.2,2,9,1
Semi-urban,23026.0,0,0.6,1,2,1,2,1,56.6,86.6,0,4,1
Semi-urban,9351.0,2,6.7,0,4,2,3,2,52.8,44.4,7,6,1
Rural,4781.0,0,2.73,2,4,2,2,1,79.3,43.3,0,6,1
Urban,50000.0,2,7.6,0,5,3,3,2,54.5,86.9,1,6,0
Urban,10525.0,0,18.4,0,10,3,2,3,87.0,51.1,0,6,0
Semi-urban,25711.0,1,33.0,0,10,3,3,2,44.8,56.2,1,10,0
Rural,7194.0,1,19.73,0,6,3,3,1,74.2,69.0,2,7,0
Semi-urban,48420.0,0,6.7,0,5,2,2,2,43.5,66.4,1,7,0
Semi-urban,7129.0,0,6.5,0,3,2,3,3,32.6,77.0,4,9,1
Urban,3984.0,2,6.8,1,8,2,1,3,58.6,70.2,0,3,0
Rural,23644.0,0,2.32,2,5,1,2,2,86.0,87.8,0,8,0
Urban,6479.0,0,6.6,2,8,2,2,2,70.1,75.0,0,10,0
Urban,24818.0,2,1.5,0,6,2,3,2,79.2,83.7,4,5,1
Urban,13385.0,2,1.0,0,7,2,2,3,90.9,88.0,0,10,0
Semi-urban,5183.0,0,17.0,0,6,2,3,2,92.9,93.0,0,9,0
Rural,5767.0,1,2.78,0,2,1,2,2,76.3,81.1,3,7,1
Semi-urban,5305.0,0,23.8,0,6,2,3,2,29.9,74.3,3,4,1
Urban,50000.0,1,4.4,0,1,1,3,1,41.7,62.5,1,1,1
Urban,12521.0,2,7.4,0,3,3,3,1,10.0,43.9,3,7,1
Semi-urban,6400.0,0,6.4,0,6,2,1,2,66.1,62.4,3,7,1
Semi-urban,3460.0,0,0.7,2,6,1,3,2,85.8,76.2,0,4,0
Rural,5173.0,1,13.22,0,5,2,1,3,17.4,45.0,0,2,0
Rural,2569.0,2,22.39,2,7,2,1,3,67.5,53.1,0,7,0
Semi-urban,2352.0,2,0.5,1,7,2,1,2,65.6,58.7,1,10,0
Urban,9249.0,1,3.5,2,10,3,3,2,46.0,37.3,1,7,0
Semi-urban,5769.0,0,17.3,0,6,2,1,3,81.8,43.6,0,10,0
Urban,7866.0,1,9.9,0,2,2,3,1,22.1,57.1,1,8,1
Rural,18099.0,1,2.8,1,7,2,2,3,57.6,60.1,0,8,0
Urban,16047.0,1,20.0,1,7,2,2,2,82.0,40.2,0,7,0
Urban,6062.0,0,4.9,2,8,3,2,1,16.9,68.2,2,7,0
Semi-urban,40279.0,1,11.6,2,5,1,2,2,71.9,55.7,0,7,0
Urban,39382.0,0,3.6,2,5,2,2,2,88.8,42.6,0,6,0
Urban,25387.0,2,7.4,1,6,3,3,1,68.4,54.8,1,9,0
Urban,13353.0,2,3.6,1,4,1,3,2,75.2,42.1,0,8,0
Rural,35370.0,2,17.56,2,7,2,3,2,27.0,41.6,2,5,1
